customer_id,customer_name,city,state,country,signup_date
1,Ritu Ghosh,Howrah,West Bengal,India,2022-06-26
2,Aryan Bose,Bhopal,Madhya Pradesh,India,2022-12-07
3,Deepa Tiwari,Indore,Madhya Pradesh,India,2022-02-26
4,Amit Tiwari,Warangal,Telangana,India,2024-05-04
5,Rajesh Verma,Kolkata,West Bengal,India,2024-05-01
6,Aditya Joshi,Surat,Gujarat,India,2023-03-24
7,Vikram Rao,Warangal,Telangana,India,2022-07-22
8,Simran Menon,Guwahati,Assam,India,2023-11-28
9,Vivaan Roy,Ranchi,Jharkhand,India,2023-09-25
10,Gaurav Pandey,Bhopal,Madhya Pradesh,India,2024-01-08
11,Ananya Iyer,Bhubaneswar,Odisha,India,2022-07-21
12,Vivaan Banerjee,Coimbatore,Tamil Nadu,India,2022-11-26
13,Kiran Kulkarni,Hyderabad,Telangana,India,2022-12-29
14,Shruti Kulkarni,Bhubaneswar,Odisha,India,2024-06-10
15,Amit Choudhury,Jodhpur,Rajasthan,India,2023-03-30
16,Deepak Das,Delhi,Delhi,India,2022-12-22
17,Sunita Nair,Guwahati,Assam,India,2022-08-04
18,Vikram Patil,Ahmedabad,Gujarat,India,2023-07-09
19,Pooja Bhat,Delhi,Delhi,India,2024-06-05
20,Preeti Shah,Bengaluru,Karnataka,India,2022-01-23
21,Prisha Mukherjee,Thiruvananthapuram,Kerala,India,2022-06-04
22,Shruti Saxena,Ludhiana,Punjab,India,2022-07-05
23,Aryan Patel,Delhi,Delhi,India,2022-09-06
24,Rekha Patel,Lucknow,Uttar Pradesh,India,2024-01-19
25,Rekha Das,Mysuru,Karnataka,India,2024-03-15
26,Kavya Reddy,Bhopal,Madhya Pradesh,India,2022-05-14
27,Rekha Jain,Bhopal,Madhya Pradesh,India,2022-11-17
28,Priya Goswami,Indore,Madhya Pradesh,India,2023-01-25
29,Shreya Pandey,Ludhiana,Punjab,India,2023-03-10
30,Kiran Saxena,Pune,Maharashtra,India,2022-01-22
31,Aditya Kapoor,Indore,Madhya Pradesh,India,2024-05-22
32,Priya Ghosh,Kolkata,West Bengal,India,2023-08-23
33,Reyansh Dutta,Bhubaneswar,Odisha,India,2023-10-27
34,Amit Bose,Surat,Gujarat,India,2022-05-05
35,Pari Ghosh,Ranchi,Jharkhand,India,2022-03-20
36,Ritvik Reddy,Bengaluru,Karnataka,India,2024-05-07
37,Vihaan Kapoor,Mysuru,Karnataka,India,2022-02-20
38,Shruti Patel,Coimbatore,Tamil Nadu,India,2023-12-29
39,Pranav Das,Warangal,Telangana,India,2022-06-25
40,Krishna Banerjee,Surat,Gujarat,India,2024-05-19
41,Simran Singh,Bhopal,Madhya Pradesh,India,2022-09-10
42,Vivaan Patel,Nagpur,Maharashtra,India,2022-09-03
43,Shruti Chauhan,Howrah,West Bengal,India,2024-01-09
44,Anvi Kulkarni,Jaipur,Rajasthan,India,2022-04-16
45,Aayush Gupta,Bhubaneswar,Odisha,India,2022-07-12
46,Kavya Jain,Ranchi,Jharkhand,India,2022-11-12
47,Aanya Saxena,Indore,Madhya Pradesh,India,2022-10-29
48,Aadhya Patil,Jodhpur,Rajasthan,India,2023-07-02
49,Neha Patel,Mumbai,Maharashtra,India,2023-12-17
50,Vihaan Jain,Indore,Madhya Pradesh,India,2024-02-18
51,Vivaan Choudhury,Coimbatore,Tamil Nadu,India,2022-09-25
52,Sai Rathore,Kochi,Kerala,India,2022-06-19
53,Divya Chatterjee,Indore,Madhya Pradesh,India,2023-07-05
54,Vihaan Mukherjee,Coimbatore,Tamil Nadu,India,2023-03-31
55,Divya Bhat,Chandigarh,Punjab,India,2023-10-13
56,Anita Mukherjee,Bhopal,Madhya Pradesh,India,2022-10-19
57,Ritvik Mukherjee,Pune,Maharashtra,India,2023-07-18
58,Anvi Roy,Chennai,Tamil Nadu,India,2024-03-09
59,Saanvi Jain,Ludhiana,Punjab,India,2024-03-11
60,Rekha Iyer,Ahmedabad,Gujarat,India,2022-05-21
61,Pranav Rathore,Kochi,Kerala,India,2022-05-26
62,Meera Kapoor,Jaipur,Rajasthan,India,2023-03-01
63,Aryan Bhat,Lucknow,Uttar Pradesh,India,2022-11-10
64,Rekha Menon,Kanpur,Uttar Pradesh,India,2022-07-03
65,Diya Mukherjee,Howrah,West Bengal,India,2023-10-26
66,Simran Menon,Warangal,Telangana,India,2023-12-14
67,Rajesh Rathore,Jodhpur,Rajasthan,India,2022-05-08
68,Nikhil Pillai,Vadodara,Gujarat,India,2022-10-14
69,Shruti Chatterjee,Coimbatore,Tamil Nadu,India,2024-04-02
70,Pihu Yadav,Vadodara,Gujarat,India,2022-09-10
71,Varun Nair,Vadodara,Gujarat,India,2024-02-17
72,Aryan Pillai,Indore,Madhya Pradesh,India,2023-12-01
73,Sneha Banerjee,Hyderabad,Telangana,India,2023-01-21
74,Meenakshi Shah,Ahmedabad,Gujarat,India,2022-08-18
75,Krishna Patel,Jodhpur,Rajasthan,India,2022-09-28
76,Aarav Das,Chennai,Tamil Nadu,India,2024-02-10
77,Aayush Tiwari,Warangal,Telangana,India,2024-03-21
78,Anita Deshmukh,Noida,Uttar Pradesh,India,2023-02-19
79,Shaurya Shah,Thiruvananthapuram,Kerala,India,2022-07-17
80,Aayush Kulkarni,Patna,Bihar,India,2022-11-19
81,Aanya Nair,Chandigarh,Punjab,India,2022-02-25
82,Aanya Bose,Lucknow,Uttar Pradesh,India,2024-04-10
83,Deepak Rao,Ahmedabad,Gujarat,India,2022-07-22
84,Arjun Pandey,Jaipur,Rajasthan,India,2024-02-22
85,Pihu Patil,Chennai,Tamil Nadu,India,2023-09-13
86,Manish Mehta,Howrah,West Bengal,India,2023-09-20
87,Reyansh Reddy,Howrah,West Bengal,India,2023-08-27
88,Atharv Gupta,Mysuru,Karnataka,India,2022-05-18
89,Saanvi Joshi,Kanpur,Uttar Pradesh,India,2023-02-26
90,Deepak Rathore,Bhubaneswar,Odisha,India,2024-03-25
91,Meera Shah,Hyderabad,Telangana,India,2022-02-26
92,Suresh Banerjee,Kochi,Kerala,India,2023-07-16
93,Rekha Mukherjee,Nagpur,Maharashtra,India,2022-03-12
94,Aaradhya Goswami,Jaipur,Rajasthan,India,2024-06-29
95,Anvi Pandey,Lucknow,Uttar Pradesh,India,2023-08-17
96,Aanya Mehta,Jaipur,Rajasthan,India,2023-01-07
97,Meenakshi Chauhan,Indore,Madhya Pradesh,India,2023-09-09
98,Kavya Saxena,Hyderabad,Telangana,India,2023-08-23
99,Aditya Das,Delhi,Delhi,India,2023-05-29
100,Aarav Ghosh,Patna,Bihar,India,2024-05-21
101,Arjun Reddy,Kochi,Kerala,India,2022-03-25
102,Pranav Mehta,Ranchi,Jharkhand,India,2022-02-12
103,Kunal Menon,Warangal,Telangana,India,2023-10-28
104,Krishna Shah,Ahmedabad,Gujarat,India,2024-04-18
105,Aryan Pandey,Ahmedabad,Gujarat,India,2023-08-29
106,Prisha Patel,Jodhpur,Rajasthan,India,2024-03-20
107,Priya Bose,Jodhpur,Rajasthan,India,2022-05-13
108,Anita Bose,Bengaluru,Karnataka,India,2023-01-30
109,Ritu Goswami,Mysuru,Karnataka,India,2022-03-06
110,Vihaan Sharma,Kanpur,Uttar Pradesh,India,2022-10-17
111,Suresh Jain,Ahmedabad,Gujarat,India,2023-01-11
112,Aryan Menon,Kochi,Kerala,India,2024-02-08
113,Riya Shah,Bhubaneswar,Odisha,India,2023-04-12
114,Varun Bhat,Thiruvananthapuram,Kerala,India,2024-06-16
115,Aadhya Das,Surat,Gujarat,India,2022-08-01
116,Advik Jain,Ludhiana,Punjab,India,2022-05-28
117,Sanjay Mishra,Delhi,Delhi,India,2023-07-27
118,Preeti Menon,Bhubaneswar,Odisha,United States,2023-04-16
119,Manish Ghosh,Hyderabad,Telangana,India,2022-05-29
120,Pooja Rathore,Warangal,Telangana,India,2022-03-29
121,Prisha Jain,Kochi,Kerala,India,2022-11-20
122,Sneha Rathore,Ahmedabad,Gujarat,India,2024-06-13
123,Rekha Roy,Patna,Bihar,India,2023-01-31
124,Jyoti Yadav,Mysuru,Karnataka,India,2024-02-29
125,Sai Singh,Mysuru,Karnataka,India,2023-02-08
126,Manish Goswami,Bhopal,Madhya Pradesh,India,2022-03-23
127,Manish Yadav,Bhubaneswar,Odisha,India,2023-10-03
128,Anvi Kulkarni,Chandigarh,Punjab,India,2022-10-13
129,Gaurav Reddy,Ranchi,Jharkhand,India,2023-01-17
130,Rekha Patil,Nagpur,Maharashtra,India,2024-05-14
131,Rekha Patil,Bhubaneswar,Odisha,India,2024-03-02
132,Aarav Bhat,Nagpur,Maharashtra,India,2022-09-27
133,Kunal Mishra,Ahmedabad,Gujarat,India,2022-10-19
134,Rekha Joshi,Ludhiana,Punjab,India,2023-03-29
135,Aditya Shah,Pune,Maharashtra,India,2023-12-16
136,Kunal Rao,Jaipur,Rajasthan,India,2022-01-24
137,Krishna Menon,Ludhiana,Punjab,India,2024-05-12
138,Rekha Das,Guwahati,Assam,India,2022-11-07
139,Aaradhya Chatterjee,Mysuru,Karnataka,India,2023-04-06
140,Priya Ghosh,Warangal,Telangana,India,2022-07-27
141,Anvi Patel,Indore,Madhya Pradesh,India,2024-03-02
142,Rajesh Pillai,Warangal,Telangana,India,2023-12-18
143,Preeti Tiwari,Ranchi,Jharkhand,India,2023-10-26
144,Sanjay Singh,Kochi,Kerala,India,2023-03-14
145,Ritu Shah,Mysuru,Karnataka,India,2023-06-22
146,Rekha Deshmukh,Surat,Gujarat,India,2023-12-07
147,Sunita Chatterjee,Nagpur,Maharashtra,India,2022-12-02
148,Ritu Nambiar,Coimbatore,Tamil Nadu,India,2023-02-26
149,Atharv Nair,Nagpur,Maharashtra,India,2024-01-20
150,Pari Das,Patna,Bihar,India,2022-11-17
151,Vivaan Jain,Howrah,West Bengal,India,2023-05-12
152,Aditya Deshmukh,Jodhpur,Rajasthan,India,2023-08-10
153,Swati Singh,Patna,Bihar,India,2022-06-12
154,Preeti Ghosh,Guwahati,Assam,India,2024-03-21
155,Vivaan Pandey,Bengaluru,Karnataka,India,2023-06-25
156,Vivaan Kulkarni,Ranchi,Jharkhand,India,2022-06-14
157,Divya Saxena,Noida,Uttar Pradesh,India,2024-04-28
158,Aarav Ghosh,Kochi,Kerala,India,2023-11-29
159,Rohan Chatterjee,Chennai,Tamil Nadu,India,2023-07-20
160,Vivaan Mehta,Ranchi,Jharkhand,India,2022-10-22
161,Simran Gupta,Chandigarh,Punjab,India,2022-02-11
162,Anvi Agarwal,Thiruvananthapuram,Kerala,India,2022-10-12
163,Sanjay Pandey,Noida,Uttar Pradesh,India,2023-01-22
164,Sanjay Saxena,Hyderabad,Telangana,India,2022-05-18
165,Shreya Jain,Ludhiana,Punjab,India,2022-07-06
166,Swati Mukherjee,Delhi,Delhi,India,2024-06-28
167,Kabir Mishra,Ahmedabad,Gujarat,India,2023-12-17
168,Ananya Ghosh,Ahmedabad,Gujarat,India,2023-03-07
169,Rajesh Iyer,Coimbatore,Tamil Nadu,India,2023-07-08
170,Shaurya Pillai,Lucknow,Uttar Pradesh,India,2024-05-11
171,Dhruv Patel,Jodhpur,Rajasthan,India,2023-02-20
172,Preeti Singh,Noida,Uttar Pradesh,India,2024-03-10
173,Aditya Roy,Noida,Uttar Pradesh,India,2023-03-02
174,Rahul Pillai,Ahmedabad,Gujarat,India,2023-02-20
175,Preeti Banerjee,Jodhpur,Rajasthan,India,2022-01-26
176,Aadhya Jain,Ludhiana,Punjab,India,2023-01-06
177,Rohan Choudhury,Delhi,Delhi,India,2023-01-20
178,Rohan Yadav,Mumbai,Maharashtra,India,2022-02-25
179,Rahul Bose,Mumbai,Maharashtra,India,2022-09-10
180,Ritu Roy,Vadodara,Gujarat,India,2023-09-26
181,Deepak Banerjee,Ahmedabad,Gujarat,India,2022-04-16
182,Diya Choudhury,,Rajasthan,India,2022-05-10
183,Pari Shah,Bhopal,Madhya Pradesh,India,2024-04-28
184,Aarav Shah,Thiruvananthapuram,Kerala,India,2023-11-01
185,Shaurya Choudhury,Warangal,Telangana,India,2023-01-11
186,Jyoti Sharma,Lucknow,Uttar Pradesh,India,2024-01-13
187,Neha Reddy,Patna,Bihar,India,2022-11-04
188,Suresh Ghosh,Ahmedabad,Gujarat,India,2022-04-01
189,Abhishek Mehta,Indore,Madhya Pradesh,India,2023-01-28
190,Prisha Verma,Surat,Gujarat,India,2023-06-18
191,Reyansh Roy,Warangal,Telangana,India,2024-03-12
192,Dhruv Verma,Warangal,Telangana,India,2022-04-20
193,Shruti Reddy,Patna,Bihar,India,2023-07-15
194,Vivaan Choudhury,Thiruvananthapuram,Kerala,India,2023-10-03
195,Aarav Patil,Vadodara,Gujarat,India,2023-08-08
196,Meera Bose,Patna,Bihar,India,2022-12-06
197,Atharv Roy,Ahmedabad,Gujarat,India,2023-07-19
198,Aaradhya Iyer,Hyderabad,Telangana,India,2022-12-22
199,Sanjay Jain,Bengaluru,Karnataka,India,2024-06-10
200,Krishna Dutta,Jodhpur,Rajasthan,India,2022-06-17
201,Rohan Kapoor,Bhubaneswar,Odisha,India,2023-07-11
202,Meera Reddy,Kochi,Kerala,India,2023-03-28
203,Aditya Goswami,Guwahati,Assam,India,2024-06-23
204,Rahul Nambiar,Jaipur,Rajasthan,India,2022-04-15
205,Rajesh Singh,Indore,Madhya Pradesh,India,2022-05-30
206,Divya Ghosh,Pune,Maharashtra,India,2022-05-26
207,Deepak Das,Ludhiana,Punjab,India,2023-12-17
208,Rajesh Pandey,Lucknow,Uttar Pradesh,India,2024-05-23
209,Aadhya Patel,Jodhpur,Rajasthan,India,2022-10-26
210,Ananya Roy,Ranchi,Jharkhand,India,2022-06-16
211,Alok Deshmukh,Hyderabad,Telangana,India,2023-12-14
212,Ritvik Dutta,Ahmedabad,Gujarat,India,2023-10-08
213,Pooja Ghosh,Lucknow,Uttar Pradesh,India,2023-12-24
214,Divya Deshmukh,Guwahati,Assam,India,2022-02-17
215,Aanya Roy,Surat,Gujarat,India,2023-09-30
216,Deepa Yadav,Ranchi,Jharkhand,India,2022-08-27
217,Pihu Kulkarni,Lucknow,Uttar Pradesh,India,2022-01-07
218,Deepak Tiwari,Ahmedabad,Gujarat,India,2023-04-09
219,Deepak Dutta,Kolkata,West Bengal,India,2023-03-29
220,Pranav Yadav,Chandigarh,Punjab,India,2024-02-23
221,Amit Pandey,Ranchi,Jharkhand,India,2024-06-15
222,Meera Verma,Chandigarh,Punjab,India,2023-01-06
223,Rahul Mishra,Jaipur,Rajasthan,India,2023-07-03
224,Aayush Gupta,Indore,Madhya Pradesh,India,2023-05-02
225,Reyansh Kumar,Jodhpur,Rajasthan,India,2022-07-30
226,Kabir Pillai,Warangal,Telangana,India,2022-06-14
227,Deepak Goswami,Kanpur,Uttar Pradesh,India,2022-05-05
228,Meera Shah,Noida,Uttar Pradesh,India,2022-12-03
229,Preeti Bose,Vadodara,Gujarat,India,2022-07-11
230,Vikram Agarwal,Chennai,Tamil Nadu,India,2023-12-31
231,Gaurav Mishra,Noida,Uttar Pradesh,India,2022-08-02
232,Ananya Mukherjee,Coimbatore,Tamil Nadu,India,2023-07-28
233,Priya Mehta,Howrah,West Bengal,India,2022-11-24
234,Divya Nair,Chandigarh,Punjab,India,2023-01-16
235,Aayush Iyer,Indore,Madhya Pradesh,India,2023-11-04
236,Kunal Reddy,Noida,Uttar Pradesh,India,2023-08-01
237,Kunal Kumar,Ranchi,Jharkhand,India,2024-03-08
238,Amit Jain,Mumbai,Maharashtra,India,2022-08-27
239,Gaurav Yadav,Kochi,Kerala,India,2023-06-16
240,Manish Menon,Noida,Uttar Pradesh,India,2023-12-01
241,Kiran Saxena,Chennai,Tamil Nadu,India,2022-03-23
242,Deepa Ghosh,Ludhiana,Punjab,India,2022-12-29
243,Meera Kumar,Vadodara,Gujarat,India,2023-05-20
244,Rohan Rao,Mumbai,Maharashtra,India,2022-07-21
245,Vihaan Deshmukh,Howrah,West Bengal,India,2023-05-19
246,Aanya Dutta,Nagpur,Maharashtra,India,2023-10-06
247,Kiran Chatterjee,Kolkata,West Bengal,India,2022-02-06
248,Pooja Das,Pune,Maharashtra,India,2023-10-06
249,Kabir Shah,Jaipur,Rajasthan,India,2023-08-12
250,Anvi Iyer,Chennai,Tamil Nadu,India,2023-08-24
251,Gaurav Verma,Vadodara,Gujarat,India,2023-02-06
252,Tanvi Singh,Howrah,West Bengal,India,2024-02-04
253,Sai Patil,Mumbai,Maharashtra,India,2024-05-05
254,Aaradhya Gupta,Ahmedabad,Gujarat,India,2023-12-07
255,Rajesh Gupta,Surat,Gujarat,India,2022-06-25
256,Tanvi Tiwari,Kochi,Kerala,India,2023-06-29
257,Simran Dutta,Kochi,Kerala,India,2023-07-24
258,Shruti Kapoor,Warangal,Telangana,India,2023-04-12
259,Anita Pillai,Warangal,Telangana,India,2022-07-20
260,Sanjay Yadav,,Bihar,India,2023-06-24
261,Deepak Sharma,Ranchi,Jharkhand,India,2023-07-01
262,Ritvik Kumar,Howrah,West Bengal,India,2023-09-29
263,Alok Saxena,Mumbai,Maharashtra,India,2023-01-29
264,Divya Nambiar,Kolkata,West Bengal,India,2024-04-12
265,Sunita Saxena,Warangal,Telangana,India,2022-02-11
266,Tanvi Patel,Coimbatore,Tamil Nadu,India,2023-08-20
267,Rajesh Rathore,Ranchi,Jharkhand,India,2023-01-28
268,Sanjay Shah,Kanpur,Uttar Pradesh,India,2023-12-01
269,Kavya Mukherjee,Kolkata,West Bengal,India,2023-09-15
270,Suresh Nambiar,Hyderabad,Telangana,India,2024-02-22
271,Pooja Rao,Kolkata,West Bengal,India,2023-03-17
272,Kunal Iyer,Jodhpur,Rajasthan,India,2024-04-16
273,Vivaan Nair,Mumbai,Maharashtra,India,2023-09-09
274,Kabir Patil,Thiruvananthapuram,Kerala,India,2023-05-21
275,Deepak Sharma,Guwahati,Assam,India,2022-11-16
276,Krishna Ghosh,Chandigarh,Punjab,India,2023-07-07
277,Riya Rathore,Chandigarh,Punjab,India,2022-08-03
278,Meera Joshi,Warangal,Telangana,India,2022-03-12
279,Pari Choudhury,Indore,Madhya Pradesh,India,2023-07-22
280,Prisha Patel,Bhopal,Madhya Pradesh,India,2022-08-24
281,Nikhil Yadav,Mysuru,Karnataka,India,2022-10-08
282,Neha Kapoor,Ludhiana,Punjab,India,2023-09-09
283,Alok Bhat,Lucknow,Uttar Pradesh,India,2024-06-20
284,Rajesh Tiwari,Mysuru,Karnataka,India,2024-06-05
285,Advik Mehta,Bengaluru,Karnataka,India,2022-06-11
286,Shruti Mishra,Ahmedabad,Gujarat,India,2022-07-10
287,Reyansh Gupta,Kanpur,Uttar Pradesh,India,2022-01-09
288,Jyoti Pillai,Ludhiana,Punjab,India,2022-03-01
289,Aadhya Patel,Warangal,Telangana,India,2024-06-11
290,Sneha Mishra,Chennai,Tamil Nadu,India,2024-03-27
291,Rahul Das,Jodhpur,Rajasthan,India,2022-08-13
292,Meenakshi Choudhury,Nagpur,Maharashtra,India,2024-03-29
293,Aayush Pandey,Kanpur,Uttar Pradesh,India,2023-12-01
294,Dhruv Mehta,Kolkata,West Bengal,India,2023-08-05
295,Pranav Goswami,Bhopal,Madhya Pradesh,India,2024-03-15
296,Aryan Yadav,Jodhpur,Rajasthan,India,2022-10-14
297,Pooja Chauhan,Chandigarh,Punjab,India,2022-06-18
298,Sanjay Rao,Kanpur,Uttar Pradesh,India,2022-03-03
299,Anita Kapoor,Pune,Maharashtra,India,2022-12-15
300,Priya Shah,Warangal,Telangana,India,2023-03-18
301,Alok Mukherjee,Kanpur,Uttar Pradesh,India,2022-01-14
302,Sunita Nair,Hyderabad,Telangana,India,2022-06-13
303,Anita Verma,Bhubaneswar,Odisha,India,2023-02-24
304,Rekha Rao,Patna,Bihar,India,2024-01-27
305,Vikram Ghosh,Jodhpur,Rajasthan,India,2024-04-26
306,Sunita Jain,Mysuru,Karnataka,India,2023-06-04
307,Sunita Choudhury,Kanpur,Uttar Pradesh,India,2023-10-28
308,Pooja Roy,Bhopal,Madhya Pradesh,India,2023-07-02
309,Ritu Gupta,Mysuru,Karnataka,India,2023-07-14
310,Prisha Iyer,Bhubaneswar,Odisha,India,2023-08-20
311,Aryan Yadav,Pune,Maharashtra,India,2022-01-28
312,Divya Rathore,Mysuru,Karnataka,India,2023-12-09
313,Shruti Pandey,Indore,Madhya Pradesh,India,2023-03-22
314,Aayush Ghosh,Bengaluru,Karnataka,India,2022-07-27
315,Simran Yadav,Kanpur,Uttar Pradesh,India,2023-04-15
316,Shruti Pandey,Noida,Uttar Pradesh,India,2023-12-17
317,Arjun Pillai,Delhi,Delhi,India,2024-03-29
318,Sai Ghosh,Ludhiana,Punjab,India,2022-04-14
319,Kavya Goswami,Thiruvananthapuram,Kerala,India,2024-01-12
320,Shreya Choudhury,Jodhpur,Rajasthan,India,2023-03-02
321,Diya Chatterjee,Kolkata,West Bengal,India,2022-04-11
322,Ritu Nair,Delhi,Delhi,India,2023-06-25
323,Dhruv Agarwal,Thiruvananthapuram,Kerala,India,2023-10-01
324,Advik Roy,Ahmedabad,Gujarat,India,2024-04-29
325,Gaurav Banerjee,Noida,Uttar Pradesh,India,2023-06-06
326,Rohan Mehta,Thiruvananthapuram,Kerala,India,2022-04-16
327,Kabir Nair,Jodhpur,Rajasthan,India,2023-11-10
328,Anita Rathore,Chennai,Tamil Nadu,India,2024-02-08
329,Rohan Deshmukh,Delhi,Delhi,India,2024-03-17
330,Sunita Tiwari,Indore,Madhya Pradesh,India,2022-10-04
331,Shreya Goswami,Bhubaneswar,Odisha,India,2022-03-06
332,Rekha Pillai,Surat,Gujarat,India,2024-02-22
333,Suresh Das,Kanpur,Uttar Pradesh,India,2024-06-18
334,Krishna Patil,Thiruvananthapuram,Kerala,India,2022-07-07
335,Atharv Choudhury,Bhubaneswar,Odisha,India,2022-11-13
336,Aarav Verma,Nagpur,Maharashtra,India,2022-05-18
337,Sunita Goswami,Surat,Gujarat,India,2022-12-09
338,Aarav Dutta,Warangal,Telangana,India,2022-04-15
339,Saanvi Yadav,Bhopal,Madhya Pradesh,India,2023-06-30
340,Meera Bose,Patna,Bihar,India,2023-01-15
341,Aarav Shah,Bhubaneswar,Odisha,India,2022-04-20
342,Dhruv Rao,Mumbai,Maharashtra,India,2023-06-29
343,Deepa Das,Coimbatore,Tamil Nadu,India,2022-12-20
344,Kiran Sharma,Lucknow,Uttar Pradesh,India,2024-01-13
345,Anita Kumar,Jaipur,Rajasthan,India,2022-11-13
346,Vikram Agarwal,Warangal,Telangana,India,2022-09-23
347,Nikhil Gupta,Mumbai,Maharashtra,India,2023-11-25
348,Dhruv Patel,Howrah,West Bengal,India,2024-05-01
349,Priya Mishra,Warangal,Telangana,India,2022-03-06
350,Jyoti Kapoor,Bhopal,Madhya Pradesh,India,2022-11-29
351,Varun Deshmukh,Jaipur,Rajasthan,India,2023-05-28
352,Kavya Ghosh,Lucknow,Uttar Pradesh,India,2022-05-13
353,Rekha Goswami,Delhi,Delhi,India,2023-08-15
354,Dhruv Kulkarni,Mysuru,Karnataka,India,2024-02-22
355,Meera Menon,Howrah,West Bengal,India,2024-01-23
356,Pari Iyer,Patna,Bihar,India,2023-06-24
357,Deepak Banerjee,Chennai,Tamil Nadu,India,2024-01-05
358,Suresh Bose,Vadodara,Gujarat,India,2023-06-19
359,Ishan Rao,Jaipur,Rajasthan,India,2023-05-11
360,Saanvi Goswami,Bhopal,Madhya Pradesh,India,2023-09-13
361,Ritu Joshi,Howrah,West Bengal,India,2023-09-11
362,Ishan Deshmukh,Bhopal,Madhya Pradesh,India,2023-10-19
363,Rohan Chatterjee,Indore,Madhya Pradesh,India,2023-01-04
364,Sunita Pillai,Surat,Gujarat,India,2024-05-15
365,Aarav Shah,Ahmedabad,Gujarat,India,2024-06-27
366,Vihaan Tiwari,Kochi,Kerala,India,2024-06-28
367,Dhruv Agarwal,Pune,Maharashtra,India,2023-10-13
368,Rajesh Tiwari,Nagpur,Maharashtra,India,2024-03-06
369,Vivaan Choudhury,Thiruvananthapuram,Kerala,India,2024-03-20
370,Sanjay Kapoor,Bhopal,Madhya Pradesh,India,2022-04-09
371,Rajesh Kulkarni,Ranchi,Jharkhand,India,2022-11-13
372,Atharv Menon,Ludhiana,Punjab,India,2022-05-03
373,Neha Kumar,Coimbatore,Tamil Nadu,India,2022-11-16
374,Aanya Goswami,Chennai,Tamil Nadu,India,2024-03-09
375,Deepak Mukherjee,Thiruvananthapuram,Kerala,India,2023-08-16
376,Deepak Rathore,Noida,Uttar Pradesh,India,2023-05-10
377,Deepa Kulkarni,Warangal,Telangana,India,2023-04-02
378,Priya Das,Coimbatore,Tamil Nadu,India,2023-06-06
379,Riya Mishra,Kanpur,Uttar Pradesh,India,2023-06-04
380,Atharv Dutta,Nagpur,Maharashtra,India,2023-12-18
381,Meenakshi Jain,Bhopal,Madhya Pradesh,India,2022-11-11
382,Deepak Kulkarni,Bengaluru,Karnataka,India,2023-12-10
383,Diya Pandey,Nagpur,Maharashtra,India,2023-12-11
384,Riya Kapoor,Thiruvananthapuram,Kerala,India,2023-06-26
385,Anvi Agarwal,Patna,Bihar,India,2023-04-24
386,Varun Roy,Jaipur,Rajasthan,India,2022-01-20
387,Advik Mukherjee,Jodhpur,Rajasthan,India,2023-07-14
388,Atharv Gupta,Vadodara,Gujarat,India,2022-05-10
389,Tanvi Mukherjee,Nagpur,Maharashtra,India,2022-10-20
390,Vivaan Rao,Howrah,West Bengal,India,2024-06-15
391,Aanya Yadav,Chennai,Tamil Nadu,India,2022-05-12
392,Aayush Das,Chandigarh,Punjab,India,2022-12-22
393,Nikhil Singh,Howrah,West Bengal,India,2022-02-23
394,Saanvi Kulkarni,Thiruvananthapuram,Kerala,India,2024-06-08
395,Reyansh Rao,Vadodara,Gujarat,India,2024-03-03
396,Sunita Mukherjee,Pune,Maharashtra,India,2023-01-22
397,Varun Kulkarni,Indore,Madhya Pradesh,India,2022-09-22
398,Aadhya Kapoor,Lucknow,Uttar Pradesh,India,2022-08-03
399,Amit Menon,Noida,Uttar Pradesh,India,2023-04-05
400,Aadhya Dutta,Howrah,West Bengal,India,2023-04-03
401,Ishan Banerjee,Indore,Madhya Pradesh,India,2024-03-12
402,Rajesh Rathore,Delhi,Delhi,India,2022-02-12
403,Kiran Rao,Indore,Madhya Pradesh,India,2023-08-09
404,Pooja Pillai,Jaipur,Rajasthan,India,2024-05-11
405,Aadhya Mishra,Indore,Madhya Pradesh,India,2022-10-05
406,Rajesh Kulkarni,Jaipur,Rajasthan,India,2024-04-17
407,Suresh Nair,Mumbai,Maharashtra,India,2024-01-24
408,Rekha Goswami,Ludhiana,Punjab,India,2022-05-10
409,Aaradhya Kulkarni,Kochi,Kerala,India,2022-12-16
410,Atharv Rathore,Pune,Maharashtra,India,2023-12-07
411,Shreya Patel,Ranchi,Jharkhand,India,2023-06-28
412,Advik Patel,Nagpur,Maharashtra,India,2022-04-16
413,Suresh Yadav,Thiruvananthapuram,Kerala,India,2024-06-30
414,Gaurav Kumar,Chandigarh,Punjab,India,2023-12-17
415,Kabir Verma,Kochi,Kerala,India,2022-01-01
416,Rekha Roy,Noida,Uttar Pradesh,India,2024-01-27
417,Advik Patil,Jodhpur,Rajasthan,India,2023-08-07
418,Preeti Chauhan,Noida,Uttar Pradesh,India,2023-03-08
419,Rohan Rathore,Ludhiana,Punjab,India,2022-11-02
420,Pooja Iyer,Chandigarh,Punjab,India,2024-06-27
421,Atharv Goswami,Ranchi,Jharkhand,India,2023-06-11
422,Deepa Nair,Guwahati,Assam,India,2022-02-22
423,Rohan Ghosh,Mumbai,Maharashtra,India,2023-06-04
424,Krishna Ghosh,Noida,Uttar Pradesh,India,2022-11-26
425,Manish Mehta,Mysuru,Karnataka,India,2023-07-12
426,Ritu Das,Guwahati,Assam,India,2022-11-21
427,Dhruv Saxena,Vadodara,Gujarat,India,2022-04-24
428,Atharv Gupta,Thiruvananthapuram,Kerala,India,2022-05-27
429,Alok Pillai,Thiruvananthapuram,Kerala,India,2022-06-15
430,Ritu Rao,Surat,Gujarat,India,2023-01-14
431,Simran Rao,Noida,Uttar Pradesh,India,2022-05-19
432,Suresh Patel,Vadodara,Gujarat,India,2023-09-21
433,Dhruv Goswami,Surat,Gujarat,India,2022-10-26
434,Jyoti Banerjee,Kochi,Kerala,India,2022-10-03
435,Pari Choudhury,Chandigarh,Punjab,India,2024-02-28
436,Simran Jain,Bhopal,Madhya Pradesh,India,2024-04-29
437,Prisha Nambiar,Kochi,Kerala,India,2024-04-04
438,Sunita Sharma,Thiruvananthapuram,Kerala,India,2022-06-27
439,Pari Kumar,Bengaluru,Karnataka,India,2024-04-21
440,Pranav Agarwal,Mysuru,Karnataka,India,2022-12-20
441,Arjun Dutta,Jodhpur,Rajasthan,India,2022-06-03
442,Aanya Iyer,Kolkata,West Bengal,India,2022-07-20
443,Ritvik Iyer,Jaipur,Rajasthan,India,2024-05-27
444,Krishna Deshmukh,Howrah,West Bengal,India,2022-04-25
445,Sunita Mukherjee,Vadodara,Gujarat,India,2023-11-02
446,Kabir Pandey,Indore,Madhya Pradesh,India,2023-07-08
447,Reyansh Chauhan,Delhi,Delhi,India,2024-01-29
448,Tanvi Roy,Patna,Bihar,India,2022-03-09
449,Advik Dutta,Lucknow,Uttar Pradesh,India,2023-03-21
450,Diya Ghosh,Chandigarh,Punjab,India,2023-03-21
451,Prisha Kapoor,Bhubaneswar,Odisha,India,2022-11-22
452,Krishna Das,Nagpur,Maharashtra,India,2024-04-25
453,Neha Chauhan,Ludhiana,Punjab,India,2023-12-09
454,Kunal Patel,Warangal,Telangana,India,2023-08-25
455,Pooja Singh,Indore,Madhya Pradesh,India,2023-09-15
456,Arjun Yadav,Nagpur,Maharashtra,India,2024-05-29
457,Varun Yadav,Warangal,Telangana,India,2022-12-25
458,Aaradhya Patel,Lucknow,Uttar Pradesh,India,2022-05-25
459,Ananya Roy,Coimbatore,Tamil Nadu,India,2022-10-02
460,Aayush Iyer,Kochi,Kerala,India,2023-05-24
461,Meenakshi Gupta,Noida,Uttar Pradesh,India,2022-06-28
462,Kabir Roy,Jodhpur,Rajasthan,India,2024-01-23
463,Sneha Verma,Warangal,Telangana,India,2024-04-17
464,Vihaan Jain,Indore,Madhya Pradesh,India,2024-04-10
465,Aadhya Choudhury,Kolkata,West Bengal,India,2023-04-22
466,Abhishek Tiwari,Guwahati,Assam,India,2024-04-22
467,Rohan Sharma,Bengaluru,Karnataka,India,2023-02-18
468,Deepa Kumar,Thiruvananthapuram,Kerala,India,2022-06-02
469,Divya Agarwal,Ahmedabad,Gujarat,India,2022-04-14
470,Pari Kapoor,Chandigarh,Punjab,India,2022-03-16
471,Rohan Shah,Indore,Madhya Pradesh,India,2022-05-08
472,Pari Roy,Bengaluru,Karnataka,India,2023-12-12
473,Sneha Mishra,Bhopal,Madhya Pradesh,India,2023-10-28
474,Advik Chatterjee,Patna,Bihar,India,2023-07-22
475,Sunita Banerjee,Ahmedabad,Gujarat,India,2024-02-29
476,Rahul Iyer,Mysuru,Karnataka,India,2022-12-11
477,Deepa Shah,Guwahati,Assam,India,2023-06-15
478,Pari Pandey,Bengaluru,Karnataka,India,2022-06-08
479,Aarav Tiwari,Chennai,Tamil Nadu,India,2023-06-22
480,Aditya Kumar,Patna,Bihar,India,2023-03-02
481,Rekha Mukherjee,Jaipur,Rajasthan,India,2023-11-12
482,Anita Sharma,Pune,Maharashtra,India,2022-01-23
483,Alok Chauhan,Mumbai,Maharashtra,India,2022-02-16
484,Swati Goswami,Warangal,Telangana,India,2023-06-09
485,Deepak Dutta,Bhubaneswar,Odisha,India,2023-12-30
486,Ananya Kulkarni,Kanpur,Uttar Pradesh,India,2024-04-13
487,Sai Goswami,Ranchi,Jharkhand,India,2023-12-07
488,Sunita Das,Kolkata,West Bengal,India,2022-05-24
489,Anvi Joshi,Bhubaneswar,Odisha,India,2023-08-08
490,Sneha Kapoor,Howrah,West Bengal,India,2023-10-30
491,Sanjay Kumar,Howrah,West Bengal,India,2023-08-12
492,Sneha Das,Hyderabad,Telangana,India,2023-02-23
493,Deepa Pillai,Thiruvananthapuram,Kerala,India,2023-11-12
494,Kavya Pandey,Ahmedabad,Gujarat,India,2024-03-09
495,Amit Bose,Patna,Bihar,India,2022-03-26
496,Aadhya Ghosh,Warangal,Telangana,India,2023-02-20
497,Rohan Rao,Guwahati,Assam,India,2023-11-25
498,Rahul Jain,Guwahati,Assam,India,2023-04-27
499,Jyoti Saxena,Ludhiana,Punjab,India,2023-04-01
500,Ritvik Banerjee,Bhubaneswar,Odisha,India,2024-04-06
501,Kavya Jain,Thiruvananthapuram,Kerala,India,2022-10-24
502,Pooja Ghosh,Ranchi,Jharkhand,India,2022-04-22
503,Pranav Bose,Chennai,Tamil Nadu,India,2022-08-18
504,Aryan Bose,Hyderabad,Telangana,India,2022-04-06
505,Abhishek Joshi,Thiruvananthapuram,Kerala,India,2023-11-11
506,Aarav Nair,Chandigarh,Punjab,India,2023-01-13
507,Divya Mukherjee,Bhopal,Madhya Pradesh,India,2022-06-05
508,Aditya Nair,Vadodara,Gujarat,India,2023-02-25
509,Dhruv Joshi,Pune,Maharashtra,India,2022-04-15
510,Jyoti Sharma,Indore,Madhya Pradesh,India,2023-12-06
511,Atharv Dutta,Noida,Uttar Pradesh,India,2022-11-26
512,Dhruv Mukherjee,Kochi,Kerala,India,2023-03-15
513,Rajesh Iyer,Howrah,West Bengal,India,2022-05-12
514,Manish Kumar,Mumbai,Maharashtra,India,2024-05-16
515,Aayush Kumar,Indore,Madhya Pradesh,India,2023-01-17
516,Aadhya Iyer,Ludhiana,Punjab,India,2022-05-18
517,Aayush Pillai,Warangal,Telangana,India,2024-04-22
518,Sunita Pandey,Bengaluru,Karnataka,India,2022-09-27
519,Shruti Bose,Vadodara,Gujarat,India,2023-07-04
520,Neha Yadav,Mumbai,Maharashtra,India,2023-01-31
521,Manish Mehta,Mumbai,Maharashtra,India,2023-07-11
522,Pihu Kumar,Kochi,Kerala,India,2023-04-09
523,Kiran Mishra,Coimbatore,Tamil Nadu,India,2023-11-06
524,Kunal Tiwari,Ludhiana,Punjab,India,2023-03-26
525,Anita Agarwal,Coimbatore,Tamil Nadu,India,2022-11-27
526,Kabir Rathore,Chandigarh,Punjab,India,2022-09-10
527,Deepak Agarwal,Vadodara,Gujarat,India,2023-11-12
528,Varun Das,Jodhpur,Rajasthan,India,2022-10-12
529,Advik Chatterjee,Ludhiana,Punjab,India,2022-10-01
530,Tanvi Chatterjee,Mysuru,Karnataka,India,2022-01-20
531,Aanya Verma,Nagpur,Maharashtra,India,2022-08-27
532,Sai Patel,Ahmedabad,Gujarat,India,2022-09-27
533,Kavya Rathore,Jaipur,Rajasthan,India,2023-02-22
534,Alok Pillai,Warangal,Telangana,India,2022-11-06
535,Pooja Menon,Ranchi,Jharkhand,India,2022-01-31
536,Ishan Chatterjee,Vadodara,Gujarat,India,2024-04-05
537,Swati Saxena,Jodhpur,Rajasthan,India,2022-04-14
538,Gaurav Mukherjee,Jodhpur,Rajasthan,India,2023-11-13
539,Arjun Yadav,Ludhiana,Punjab,India,2022-07-05
540,Deepak Dutta,Thiruvananthapuram,Kerala,India,2022-05-08
541,Meenakshi Das,Ahmedabad,Gujarat,India,2022-07-29
542,Ritvik Pillai,Jodhpur,Rajasthan,India,2023-02-18
543,Pooja Iyer,Mysuru,Karnataka,India,2022-10-08
544,Shaurya Deshmukh,Jodhpur,Rajasthan,India,2022-09-10
545,Nikhil Bose,Jaipur,Rajasthan,India,2022-01-19
546,Anita Verma,Surat,Gujarat,India,2023-12-13
547,Preeti Chauhan,Ahmedabad,Gujarat,India,2024-01-02
548,Kunal Reddy,Mysuru,Karnataka,India,2022-05-16
549,Pooja Verma,Nagpur,Maharashtra,India,2022-08-11
550,Deepak Nair,Surat,Gujarat,India,2022-01-03
551,Aarav Joshi,Surat,Gujarat,India,2022-08-24
552,Amit Reddy,Vadodara,Gujarat,India,2024-05-03
553,Shreya Kulkarni,Warangal,Telangana,India,2023-04-10
554,Sai Chatterjee,Guwahati,Assam,India,2022-08-16
555,Arjun Rao,Vadodara,Gujarat,India,2023-10-16
556,Aditya Bose,Ludhiana,Punjab,India,2023-05-14
557,Simran Yadav,Guwahati,Assam,India,2023-06-05
558,Suresh Gupta,Patna,Bihar,India,2023-12-03
559,Simran Das,Ahmedabad,Gujarat,India,2024-05-11
560,Aaradhya Shah,Jodhpur,Rajasthan,India,2023-11-08
561,Kabir Tiwari,Chandigarh,Punjab,India,2022-05-19
562,Aarav Verma,Bhopal,Madhya Pradesh,India,2022-10-03
563,Priya Chauhan,Nagpur,Maharashtra,India,2022-10-18
564,Sneha Kapoor,Bhubaneswar,Odisha,India,2022-02-22
565,Vihaan Gupta,Mysuru,Karnataka,India,2023-11-18
566,Rekha Patil,Bengaluru,Karnataka,India,2022-04-20
567,Meenakshi Rathore,Ludhiana,Punjab,India,2023-12-16
568,Sanjay Dutta,Thiruvananthapuram,Kerala,India,2023-10-10
569,Saanvi Verma,Jodhpur,Rajasthan,India,2022-01-04
570,Pari Banerjee,Indore,Madhya Pradesh,India,2023-10-29
571,Nikhil Iyer,Kochi,Kerala,India,2023-11-15
572,Saanvi Goswami,Pune,Maharashtra,India,2024-05-19
573,Divya Sharma,Thiruvananthapuram,Kerala,India,2022-02-16
574,Aditya Deshmukh,,Gujarat,India,2022-04-04
575,Neha Pandey,Bengaluru,Karnataka,India,2023-07-14
576,Atharv Saxena,Thiruvananthapuram,Kerala,India,2024-01-22
577,Meenakshi Ghosh,Noida,Uttar Pradesh,India,2024-05-08
578,Divya Bhat,Mysuru,Karnataka,India,2022-08-01
579,Arjun Mishra,Mysuru,Karnataka,India,2023-03-12
580,Jyoti Agarwal,Patna,Bihar,India,2024-05-01
581,Kabir Jain,Lucknow,Uttar Pradesh,India,2023-05-23
582,Kavya Kapoor,Lucknow,Uttar Pradesh,India,2024-04-15
583,Suresh Yadav,Delhi,Delhi,India,2023-10-13
584,Pranav Ghosh,Jodhpur,Rajasthan,India,2022-07-24
585,Pooja Chatterjee,Kochi,Kerala,India,2023-01-16
586,Priya Menon,Surat,Gujarat,India,2022-03-14
587,Ananya Goswami,Surat,Gujarat,India,2023-05-31
588,Kiran Rao,Ahmedabad,Gujarat,India,2022-03-17
589,Ananya Kapoor,Hyderabad,Telangana,India,2024-04-20
590,Neha Rathore,Howrah,West Bengal,India,2022-03-18
591,Gaurav Choudhury,Indore,Madhya Pradesh,India,2024-03-26
592,Priya Nambiar,Vadodara,Gujarat,India,2024-02-07
593,Anita Gupta,Kanpur,Uttar Pradesh,India,2023-02-14
594,Ritu Gupta,Kolkata,West Bengal,India,2023-09-06
595,Ananya Yadav,Vadodara,Gujarat,India,2022-04-16
596,Gaurav Deshmukh,Howrah,West Bengal,India,2024-04-24
597,Priya Agarwal,Nagpur,Maharashtra,India,2023-07-05
598,Arjun Dutta,Jodhpur,Rajasthan,India,2023-04-21
599,Varun Nair,Nagpur,Maharashtra,India,2024-04-05
600,Vihaan Nambiar,Kanpur,Uttar Pradesh,India,2022-10-02
601,Ishan Menon,Noida,Uttar Pradesh,India,2022-03-29
602,Swati Pillai,Delhi,Delhi,India,2023-12-24
603,Kabir Jain,Nagpur,Maharashtra,India,2024-05-30
604,Kabir Bose,Thiruvananthapuram,Kerala,India,2022-03-18
605,Saanvi Choudhury,Jaipur,Rajasthan,India,2022-03-18
606,Sai Yadav,Howrah,West Bengal,India,2023-03-18
607,Simran Saxena,Warangal,Telangana,India,2023-06-24
608,Pooja Singh,Bhopal,Madhya Pradesh,India,2022-09-02
609,Riya Patel,Guwahati,Assam,India,2023-08-01
610,Suresh Saxena,Guwahati,Assam,India,2024-02-17
611,Shreya Sharma,Jodhpur,Rajasthan,India,2023-01-17
612,Dhruv Sharma,Hyderabad,Telangana,India,2023-12-18
613,Aayush Das,Kolkata,West Bengal,India,2023-07-24
614,Vihaan Mukherjee,Lucknow,Uttar Pradesh,India,2023-12-14
615,Vihaan Chauhan,Mumbai,Maharashtra,India,2024-01-07
616,Swati Reddy,Nagpur,Maharashtra,India,2022-05-22
617,Alok Chatterjee,Delhi,Delhi,India,2024-06-11
618,Kunal Yadav,Ahmedabad,Gujarat,India,2023-01-03
619,Sanjay Goswami,Mysuru,Karnataka,India,2022-03-25
620,Neha Bhat,Thiruvananthapuram,Kerala,India,2022-05-23
621,Deepa Tiwari,Surat,Gujarat,India,2022-12-18
622,Priya Nair,Bengaluru,Karnataka,India,2023-06-29
623,Rohan Kapoor,Jaipur,Rajasthan,India,2022-06-01
624,Amit Mehta,,Gujarat,India,2022-06-07
625,Arjun Kumar,Vadodara,Gujarat,India,2023-03-22
626,Prisha Choudhury,Ranchi,Jharkhand,India,2023-10-15
627,Deepa Iyer,Delhi,Delhi,India,2024-02-02
628,Vikram Kapoor,Warangal,Telangana,India,2022-10-30
629,Amit Sharma,Patna,Bihar,India,2023-09-16
630,Aarav Bhat,Jaipur,Rajasthan,India,2023-10-18
631,Arjun Patel,Bhubaneswar,Odisha,India,2023-03-26
632,Atharv Mehta,Jaipur,Rajasthan,India,2023-12-22
633,Tanvi Rathore,Ranchi,Jharkhand,India,2022-08-12
634,Saanvi Jain,Delhi,Delhi,India,2022-02-12
635,Pooja Gupta,Ahmedabad,Gujarat,India,2022-09-21
636,Sneha Nair,Thiruvananthapuram,Kerala,India,2024-01-26
637,Kunal Patel,Bhubaneswar,Odisha,India,2022-01-03
638,Nikhil Pandey,Ahmedabad,Gujarat,India,2023-09-29
639,Kavya Tiwari,Pune,Maharashtra,India,2022-09-25
640,Swati Tiwari,Nagpur,Maharashtra,India,2023-08-19
641,Anita Shah,Ludhiana,Punjab,India,2022-01-16
642,Meera Deshmukh,Warangal,Telangana,India,2022-11-30
643,Deepa Rathore,Bhopal,Madhya Pradesh,India,2023-04-09
644,Nikhil Saxena,Vadodara,Gujarat,India,2022-02-28
645,Aadhya Saxena,Kolkata,West Bengal,India,2022-06-26
646,Aarav Saxena,Chennai,Tamil Nadu,India,2022-03-04
647,Aayush Goswami,Hyderabad,Telangana,India,2023-07-15
648,Ritu Agarwal,Ahmedabad,Gujarat,India,2022-11-03
649,Kavya Shah,Pune,Maharashtra,India,2022-09-03
650,Swati Patel,Warangal,Telangana,India,2022-10-16
651,Pranav Chatterjee,Hyderabad,Telangana,India,2024-03-08
652,Manish Rao,Bhopal,Madhya Pradesh,India,2022-11-28
653,Vivaan Chauhan,Howrah,West Bengal,India,2023-06-11
654,Nikhil Joshi,Kanpur,Uttar Pradesh,India,2024-04-29
655,Pranav Banerjee,Hyderabad,Telangana,India,2022-09-12
656,Preeti Nambiar,Coimbatore,Tamil Nadu,India,2023-08-27
657,Swati Roy,Guwahati,Assam,India,2023-05-25
658,Reyansh Patel,Kochi,Kerala,India,2024-03-01
659,Aditya Mehta,Jaipur,Rajasthan,India,2023-12-19
660,Suresh Saxena,Nagpur,Maharashtra,India,2023-08-29
661,Ritvik Joshi,Ranchi,Jharkhand,India,2024-01-07
662,Ananya Choudhury,Coimbatore,Tamil Nadu,India,2024-03-23
663,Aryan Roy,Mysuru,Karnataka,India,2024-04-09
664,Kiran Agarwal,Lucknow,Uttar Pradesh,India,2023-04-08
665,Manish Gupta,Lucknow,Uttar Pradesh,India,2022-07-18
666,Pari Choudhury,Bengaluru,Karnataka,India,2022-09-28
667,Jyoti Nambiar,Chandigarh,Punjab,India,2024-01-16
668,Kabir Ghosh,Guwahati,Assam,India,2023-07-12
669,Anvi Ghosh,Hyderabad,Telangana,India,2022-03-05
670,Alok Nair,Bhubaneswar,Odisha,India,2022-08-18
671,Kabir Bose,Pune,Maharashtra,India,2022-09-06
672,Advik Patel,Kolkata,West Bengal,India,2022-09-03
673,Alok Sharma,Ranchi,Jharkhand,India,2023-08-10
674,Ishan Yadav,Ahmedabad,Gujarat,India,2022-06-06
675,Ritvik Jain,Indore,Madhya Pradesh,India,2024-01-05
676,Saanvi Goswami,Bengaluru,Karnataka,India,2023-12-03
677,Aayush Joshi,Ranchi,Jharkhand,India,2023-07-18
678,Diya Choudhury,Mysuru,Karnataka,India,2022-03-29
679,Prisha Nair,Bhopal,Madhya Pradesh,India,2022-11-09
680,Pihu Menon,Thiruvananthapuram,Kerala,India,2024-04-30
681,Sai Banerjee,Guwahati,Assam,India,2022-03-07
682,Ritu Goswami,Surat,Gujarat,India,2023-10-24
683,Nikhil Chatterjee,Howrah,West Bengal,India,2022-01-20
684,Kiran Dutta,Delhi,Delhi,India,2022-02-02
685,Preeti Roy,Guwahati,Assam,India,2024-04-19
686,Swati Jain,Indore,Madhya Pradesh,India,2024-03-03
687,Preeti Mukherjee,Mysuru,Karnataka,India,2023-07-12
688,Deepak Saxena,Coimbatore,Tamil Nadu,India,2022-03-14
689,Simran Bose,Lucknow,Uttar Pradesh,India,2024-05-15
690,Vikram Ghosh,Vadodara,Gujarat,India,2024-04-04
691,Amit Kumar,Warangal,Telangana,India,2022-12-09
692,Vihaan Yadav,Thiruvananthapuram,Kerala,India,2022-05-13
693,Rekha Mehta,Chennai,Tamil Nadu,India,2022-02-24
694,Rekha Banerjee,Bengaluru,Karnataka,India,2022-03-02
695,Rajesh Saxena,Coimbatore,Tamil Nadu,India,2024-05-06
696,Shreya Menon,Noida,Uttar Pradesh,India,2023-06-04
697,Krishna Mukherjee,Mysuru,Karnataka,India,2022-09-29
698,Aditya Tiwari,Jaipur,Rajasthan,India,2022-09-03
699,Abhishek Choudhury,Bhopal,Madhya Pradesh,India,2022-06-25
700,Diya Nair,Patna,Bihar,India,2023-09-20
701,Aadhya Iyer,Nagpur,Maharashtra,India,2022-11-13
702,Rajesh Ghosh,Coimbatore,Tamil Nadu,India,2024-02-22
703,Sai Nair,Kolkata,West Bengal,India,2023-12-06
704,Pooja Bose,Kolkata,West Bengal,India,2023-10-24
705,Vihaan Yadav,Jodhpur,Rajasthan,India,2022-05-11
706,Sai Mehta,Delhi,Delhi,India,2022-04-12
707,Priya Banerjee,Delhi,Delhi,India,2022-11-06
708,Rekha Das,Jodhpur,Rajasthan,India,2024-02-21
709,Jyoti Iyer,Chennai,Tamil Nadu,India,2022-10-19
710,Pooja Shah,Kanpur,Uttar Pradesh,India,2023-12-23
711,Aayush Banerjee,Bengaluru,Karnataka,India,2023-05-10
712,Nikhil Mukherjee,Ludhiana,Punjab,India,2022-12-27
713,Priya Pandey,Bhopal,Madhya Pradesh,India,2022-12-04
714,Sneha Nambiar,Mysuru,Karnataka,India,2023-08-02
715,Anvi Shah,Nagpur,Maharashtra,India,2022-01-10
716,Arjun Menon,Ludhiana,Punjab,India,2022-02-18
717,Nikhil Kapoor,Mumbai,Maharashtra,India,2023-05-02
718,Rohan Nair,Noida,Uttar Pradesh,India,2023-09-15
719,Rahul Pillai,Ludhiana,Punjab,India,2022-11-17
720,Atharv Jain,Jaipur,Rajasthan,India,2024-01-01
721,Kavya Agarwal,Indore,Madhya Pradesh,India,2023-07-23
722,Aarav Deshmukh,Kolkata,West Bengal,India,2024-03-05
723,Pranav Tiwari,Ahmedabad,Gujarat,India,2023-09-17
724,Kiran Nair,Patna,Bihar,United Arab Emirates,2022-05-13
725,Ananya Banerjee,Coimbatore,Tamil Nadu,India,2023-08-06
726,Aaradhya Kulkarni,Nagpur,Maharashtra,India,2022-03-24
727,Shaurya Tiwari,Chennai,Tamil Nadu,India,2022-02-26
728,Aditya Chatterjee,,Odisha,India,2023-01-11
729,Deepak Yadav,Howrah,West Bengal,India,2022-12-15
730,Sai Patel,Indore,Madhya Pradesh,India,2022-09-28
731,Neha Singh,Surat,Gujarat,India,2023-04-28
732,Ishan Goswami,Mumbai,Maharashtra,India,2022-04-21
733,Arjun Rao,Lucknow,Uttar Pradesh,India,2024-05-18
734,Suresh Kumar,,Rajasthan,India,2024-06-05
735,Ishan Banerjee,Patna,Bihar,India,2022-03-17
736,Anvi Banerjee,Chennai,Tamil Nadu,India,2022-06-07
737,Vivaan Pillai,Chennai,Tamil Nadu,India,2023-06-16
738,Advik Nambiar,Indore,Madhya Pradesh,India,2023-10-05
739,Diya Kumar,Coimbatore,Tamil Nadu,India,2022-11-25
740,Vivaan Mukherjee,Kanpur,Uttar Pradesh,India,2022-05-02
741,Meenakshi Kapoor,Guwahati,Assam,India,2022-02-10
742,Anita Gupta,Vadodara,Gujarat,India,2022-06-16
743,Kabir Mehta,Bengaluru,Karnataka,India,2023-10-04
744,Krishna Joshi,Vadodara,Gujarat,India,2022-01-23
745,Aryan Bhat,Noida,Uttar Pradesh,India,2022-10-06
746,Rajesh Patil,Indore,Madhya Pradesh,India,2024-02-02
747,Ananya Nambiar,Ranchi,Jharkhand,India,2023-04-14
748,Aanya Roy,Kochi,Kerala,India,2023-02-04
749,Pooja Chauhan,Bhubaneswar,Odisha,India,2022-01-09
750,Rekha Roy,Pune,Maharashtra,India,2022-01-13
751,Shruti Gupta,Ahmedabad,Gujarat,India,2024-03-29
752,Neha Reddy,Bhopal,Madhya Pradesh,United States,2024-04-11
753,Krishna Ghosh,Jaipur,Rajasthan,India,2022-02-21
754,Saanvi Patil,Vadodara,Gujarat,India,2022-07-28
755,Aanya Iyer,Kochi,Kerala,India,2023-07-04
756,Aarav Verma,Coimbatore,Tamil Nadu,India,2023-09-04
757,Diya Jain,Surat,Gujarat,India,2023-12-06
758,Kiran Goswami,Coimbatore,Tamil Nadu,India,2023-02-06
759,Vikram Rathore,Kochi,Kerala,India,2022-07-10
760,Shruti Rathore,Surat,Gujarat,India,2022-02-20
761,Kiran Goswami,Thiruvananthapuram,Kerala,India,2023-01-28
762,Shaurya Mukherjee,Ranchi,Jharkhand,India,2023-10-15
763,Pranav Kumar,Indore,Madhya Pradesh,India,2023-11-11
764,Shruti Pandey,Chennai,Tamil Nadu,India,2024-04-02
765,Gaurav Dutta,Kochi,Kerala,India,2023-09-13
766,Aanya Singh,Surat,Gujarat,India,2023-12-20
767,Aaradhya Rathore,Nagpur,Maharashtra,India,2022-10-27
768,Arjun Singh,Noida,Uttar Pradesh,India,2023-09-14
769,Nikhil Gupta,Jaipur,Rajasthan,India,2022-07-15
770,Rekha Sharma,Pune,Maharashtra,India,2023-02-21
771,Vihaan Menon,Coimbatore,Tamil Nadu,India,2023-10-26
772,Prisha Mishra,Nagpur,Maharashtra,India,2023-02-24
773,Ritvik Saxena,Kolkata,West Bengal,India,2024-01-25
774,Diya Sharma,Kolkata,West Bengal,India,2023-10-02
775,Pari Deshmukh,Chandigarh,Punjab,India,2023-09-09
776,Pranav Saxena,Chandigarh,Punjab,India,2023-06-06
777,Sanjay Joshi,Ludhiana,Punjab,India,2022-12-22
778,Priya Dutta,Ahmedabad,Gujarat,India,2022-05-28
779,Ananya Kumar,Hyderabad,Telangana,India,2022-12-31
780,Suresh Mehta,Indore,Madhya Pradesh,India,2022-12-30
781,Anita Rao,Jodhpur,Rajasthan,India,2023-10-14
782,Aryan Sharma,Ranchi,Jharkhand,India,2023-12-03
783,Alok Menon,Pune,Maharashtra,India,2023-02-06
784,Kabir Goswami,Howrah,West Bengal,India,2023-08-29
785,Pooja Verma,Kochi,Kerala,India,2023-05-07
786,Simran Dutta,Coimbatore,Tamil Nadu,India,2022-08-17
787,Priya Agarwal,Lucknow,Uttar Pradesh,India,2023-07-29
788,Pari Rao,Ludhiana,Punjab,India,2024-05-01
789,Priya Choudhury,Patna,Bihar,India,2023-06-21
790,Sai Kulkarni,Kolkata,West Bengal,India,2022-09-25
791,Reyansh Patel,Jaipur,Rajasthan,India,2023-02-09
792,Priya Rathore,Jodhpur,Rajasthan,India,2024-03-03
793,Prisha Bhat,Kanpur,Uttar Pradesh,India,2022-01-11
794,Kiran Kapoor,Lucknow,Uttar Pradesh,India,2022-11-16
795,Aryan Nair,Nagpur,Maharashtra,India,2023-12-14
796,Varun Goswami,Chandigarh,Punjab,India,2022-05-06
797,Deepak Kumar,Patna,Bihar,India,2022-11-02
798,Kunal Gupta,Thiruvananthapuram,Kerala,India,2023-12-03
799,Aadhya Kulkarni,Jaipur,Rajasthan,India,2023-05-26
800,Varun Joshi,Mysuru,Karnataka,India,2022-03-30
801,Ananya Nambiar,Kochi,Kerala,India,2022-12-21
802,Jyoti Choudhury,Howrah,West Bengal,India,2023-09-20
803,Kunal Mukherjee,Kolkata,West Bengal,India,2022-12-18
804,Shreya Kapoor,Vadodara,Gujarat,India,2023-11-20
805,Deepak Patil,Vadodara,Gujarat,India,2022-01-14
806,Pooja Verma,Jaipur,Rajasthan,India,2022-09-14
807,Ishan Dutta,Coimbatore,Tamil Nadu,India,2022-07-28
808,Arjun Banerjee,Howrah,West Bengal,India,2022-10-08
809,Ananya Choudhury,Bhubaneswar,Odisha,India,2023-03-19
810,Advik Patil,Ahmedabad,Gujarat,India,2024-04-19
811,Abhishek Kapoor,Delhi,Delhi,India,2024-04-16
812,Kavya Verma,Hyderabad,Telangana,India,2023-01-24
813,Ritu Verma,Ludhiana,Punjab,India,2023-09-09
814,Swati Pandey,Pune,Maharashtra,India,2023-04-28
815,Aryan Joshi,Thiruvananthapuram,Kerala,India,2022-05-27
816,Varun Bhat,Patna,Bihar,India,2022-10-06
817,Aayush Choudhury,Patna,Bihar,India,2023-06-05
818,Arjun Bose,Patna,Bihar,India,2023-09-22
819,Varun Gupta,Vadodara,Gujarat,India,2023-08-29
820,Kavya Kumar,Warangal,Telangana,India,2023-03-10
821,Sneha Agarwal,Hyderabad,Telangana,India,2022-05-24
822,Vivaan Kulkarni,Vadodara,Gujarat,India,2022-10-16
823,Kunal Tiwari,Indore,Madhya Pradesh,India,2023-01-21
824,Aadhya Chauhan,Surat,Gujarat,India,2022-01-14
825,Aadhya Bose,Warangal,Telangana,India,2022-09-14
826,Nikhil Bose,Bhubaneswar,Odisha,India,2022-12-12
827,Riya Sharma,Howrah,West Bengal,India,2023-11-29
828,Kunal Banerjee,Ahmedabad,Gujarat,India,2022-12-11
829,Rahul Rathore,Ranchi,Jharkhand,India,2023-02-04
830,Shaurya Joshi,Kolkata,West Bengal,India,2022-07-26
831,Ananya Ghosh,Jodhpur,Rajasthan,India,2024-05-07
832,Sai Mukherjee,Guwahati,Assam,India,2022-06-21
833,Suresh Mukherjee,Jodhpur,Rajasthan,India,2023-04-09
834,Kavya Mishra,Bhopal,Madhya Pradesh,India,2022-09-27
835,Tanvi Roy,Delhi,Delhi,India,2022-08-09
836,Atharv Bhat,Chandigarh,Punjab,India,2022-06-01
837,Advik Banerjee,Warangal,Telangana,India,2023-09-15
838,Rekha Agarwal,Bengaluru,Karnataka,India,2022-07-02
839,Shruti Nambiar,Thiruvananthapuram,Kerala,India,2023-02-03
840,Riya Reddy,Jaipur,Rajasthan,India,2024-04-30
841,Arjun Reddy,Delhi,Delhi,India,2022-03-13
842,Aaradhya Menon,Bhubaneswar,Odisha,India,2023-02-22
843,Abhishek Kumar,Ludhiana,Punjab,India,2024-06-16
844,Krishna Das,Guwahati,Assam,India,2022-10-10
845,Priya Nambiar,Vadodara,Gujarat,India,2022-03-15
846,Varun Kulkarni,Howrah,West Bengal,India,2022-12-21
847,Diya Yadav,Bengaluru,Karnataka,India,2023-12-28
848,Pihu Jain,Ranchi,Jharkhand,India,2023-05-12
849,Shaurya Deshmukh,Indore,Madhya Pradesh,India,2022-11-24
850,Suresh Roy,Jaipur,Rajasthan,India,2023-06-19
851,Aarav Rathore,Surat,Gujarat,India,2023-08-03
852,Tanvi Patel,Coimbatore,Tamil Nadu,India,2024-06-28
853,Amit Joshi,Hyderabad,Telangana,India,2023-03-23
854,Aadhya Agarwal,Ahmedabad,Gujarat,India,2023-01-08
855,Divya Kumar,Noida,Uttar Pradesh,India,2022-12-28
856,Jyoti Chatterjee,Bhubaneswar,Odisha,India,2022-04-03
857,Aarav Iyer,Guwahati,Assam,India,2022-11-17
858,Anita Bhat,Bengaluru,Karnataka,India,2022-11-20
859,Divya Kulkarni,Guwahati,Assam,India,2023-01-19
860,Shreya Choudhury,Nagpur,Maharashtra,India,2023-07-29
861,Diya Chatterjee,Vadodara,Gujarat,India,2024-01-06
862,Aryan Choudhury,Delhi,Delhi,India,2024-01-07
863,Amit Nair,Vadodara,Gujarat,India,2024-05-30
864,Kavya Iyer,Surat,Gujarat,India,2022-12-12
865,Simran Deshmukh,Noida,Uttar Pradesh,India,2024-04-28
866,Krishna Bhat,Kanpur,Uttar Pradesh,India,2022-04-13
867,Ritu Chauhan,Ahmedabad,Gujarat,India,2022-08-03
868,Jyoti Pandey,Coimbatore,Tamil Nadu,India,2022-07-11
869,Nikhil Chatterjee,Chandigarh,Punjab,India,2023-11-03
870,Pihu Nambiar,Bengaluru,Karnataka,India,2024-06-02
871,Aanya Roy,Patna,Bihar,India,2023-12-20
872,Anita Kapoor,Indore,Madhya Pradesh,India,2024-02-20
873,Alok Banerjee,Noida,Uttar Pradesh,India,2022-07-13
874,Ananya Agarwal,Guwahati,Assam,India,2023-01-15
875,Vivaan Jain,Noida,Uttar Pradesh,India,2023-02-07
876,Reyansh Kumar,Kochi,Kerala,India,2023-10-26
877,Saanvi Shah,Mysuru,Karnataka,India,2024-01-19
878,Kabir Mehta,Delhi,Delhi,India,2023-08-23
879,Riya Chauhan,Pune,Maharashtra,India,2022-01-11
880,Preeti Yadav,Ludhiana,Punjab,India,2022-07-06
881,Priya Nair,Jaipur,Rajasthan,India,2023-12-27
882,Divya Sharma,Lucknow,Uttar Pradesh,India,2022-01-15
883,Rajesh Mukherjee,Bengaluru,Karnataka,India,2024-02-17
884,Alok Rao,Ludhiana,Punjab,India,2022-10-24
885,Ritu Tiwari,Delhi,Delhi,India,2023-02-15
886,Deepak Choudhury,Ranchi,Jharkhand,India,2023-08-08
887,Pooja Patel,Ahmedabad,Gujarat,India,2022-02-21
888,Varun Menon,Kanpur,Uttar Pradesh,India,2023-10-02
889,Anita Chatterjee,Indore,Madhya Pradesh,India,2022-01-28
890,Vikram Deshmukh,Pune,Maharashtra,India,2023-07-31
891,Nikhil Joshi,Ahmedabad,Gujarat,India,2022-01-17
892,Manish Mukherjee,Kolkata,West Bengal,India,2022-12-17
893,Pooja Shah,Ranchi,Jharkhand,India,2023-03-04
894,Pooja Iyer,Ludhiana,Punjab,India,2023-10-12
895,Rahul Saxena,Guwahati,Assam,India,2024-04-10
896,Anita Banerjee,Delhi,Delhi,India,2022-08-17
897,Deepa Agarwal,Ludhiana,Punjab,India,2024-02-05
898,Pooja Pandey,Noida,Uttar Pradesh,India,2022-07-29
899,Aarav Chauhan,Noida,Uttar Pradesh,India,2023-03-07
900,Advik Pillai,Vadodara,Gujarat,India,2022-10-21
901,Priya Tiwari,Delhi,Delhi,India,2024-01-13
902,Swati Mishra,Chennai,Tamil Nadu,India,2024-01-23
903,Rekha Reddy,Hyderabad,Telangana,India,2023-08-05
904,Sanjay Agarwal,Kanpur,Uttar Pradesh,India,2022-04-14
905,Gaurav Ghosh,Kanpur,Uttar Pradesh,India,2022-07-23
906,Varun Ghosh,Mysuru,Karnataka,India,2022-02-22
907,Pooja Joshi,Mysuru,Karnataka,India,2023-01-10
908,Sneha Saxena,Noida,Uttar Pradesh,India,2024-04-21
909,Gaurav Pillai,Vadodara,Gujarat,India,2022-02-23
910,Dhruv Jain,Vadodara,Gujarat,India,2022-10-03
911,Diya Nair,Kochi,Kerala,India,2022-12-01
912,Rohan Banerjee,Noida,Uttar Pradesh,India,2022-01-31
913,Ritvik Patel,Chennai,Tamil Nadu,India,2022-05-15
914,Aarav Mishra,Delhi,Delhi,India,2022-02-27
915,Kavya Rathore,Lucknow,Uttar Pradesh,India,2022-04-15
916,Pooja Rao,Lucknow,Uttar Pradesh,India,2022-09-23
917,Ananya Ghosh,Bengaluru,Karnataka,India,2023-06-06
918,Priya Das,Noida,Uttar Pradesh,India,2023-05-11
919,Anita Mukherjee,Indore,Madhya Pradesh,India,2022-09-10
920,Vihaan Mukherjee,Ranchi,Jharkhand,India,2022-10-22
921,Aarav Iyer,Kolkata,West Bengal,India,2023-10-30
922,Aayush Saxena,Bengaluru,Karnataka,India,2022-06-07
923,Varun Banerjee,Ludhiana,Punjab,India,2023-07-03
924,Shreya Saxena,Thiruvananthapuram,Kerala,India,2023-09-23
925,Aditya Bose,Delhi,Delhi,India,2022-03-08
926,Sanjay Yadav,Guwahati,Assam,India,2024-01-24
927,Ishan Goswami,Howrah,West Bengal,India,2022-10-26
928,Saanvi Chatterjee,Pune,Maharashtra,India,2023-04-08
929,Shreya Kulkarni,Ahmedabad,Gujarat,India,2023-12-26
930,Sanjay Goswami,Coimbatore,Tamil Nadu,India,2024-03-30
931,Neha Singh,Chennai,Tamil Nadu,India,2022-04-11
932,Reyansh Joshi,Coimbatore,Tamil Nadu,India,2022-02-25
933,Aayush Chatterjee,Hyderabad,Telangana,India,2022-11-28
934,Meenakshi Saxena,Delhi,Delhi,India,2024-04-15
935,Jyoti Joshi,Kanpur,Uttar Pradesh,India,2024-01-21
936,Preeti Menon,Coimbatore,Tamil Nadu,India,2023-01-28
937,Divya Bhat,Ranchi,Jharkhand,India,2024-01-13
938,Priya Verma,Nagpur,Maharashtra,India,2024-05-23
939,Aayush Patil,Kochi,Kerala,India,2023-01-16
940,Saanvi Rao,Chandigarh,Punjab,India,2022-04-02
941,Aanya Rao,Guwahati,Assam,India,2024-03-01
942,Sanjay Kapoor,Kanpur,Uttar Pradesh,India,2023-03-23
943,Tanvi Nair,Chandigarh,Punjab,India,2022-04-19
944,Dhruv Roy,Pune,Maharashtra,India,2022-11-13
945,Aaradhya Pillai,Patna,Bihar,India,2022-06-17
946,Divya Menon,Noida,Uttar Pradesh,India,2024-03-22
947,Pranav Agarwal,Coimbatore,Tamil Nadu,India,2023-03-11
948,Shreya Choudhury,Pune,Maharashtra,India,2023-03-18
949,Meera Rao,Pune,Maharashtra,India,2022-08-06
950,Reyansh Jain,Bhubaneswar,Odisha,India,2022-08-10
951,Reyansh Kumar,Bhopal,Madhya Pradesh,India,2023-11-04
952,Deepak Singh,Jodhpur,Rajasthan,India,2023-06-12
953,Suresh Menon,Jaipur,Rajasthan,India,2022-10-05
954,Rohan Chatterjee,Jaipur,Rajasthan,India,2023-07-23
955,Rohan Gupta,Surat,Gujarat,India,2023-07-28
956,Aadhya Yadav,Hyderabad,Telangana,India,2024-05-24
957,Varun Shah,Chandigarh,Punjab,India,2023-04-11
958,Shruti Ghosh,Kolkata,West Bengal,India,2024-04-18
959,Vivaan Yadav,Bhopal,Madhya Pradesh,India,2024-01-24
960,Aarav Dutta,Mumbai,Maharashtra,India,2023-08-25
961,Kavya Sharma,Kolkata,West Bengal,India,2023-08-07
962,Rahul Menon,Indore,Madhya Pradesh,United Arab Emirates,2024-04-17
963,Shaurya Ghosh,Chandigarh,Punjab,India,2022-01-30
964,Vivaan Goswami,Delhi,Delhi,India,2022-12-25
965,Atharv Joshi,Hyderabad,Telangana,India,2022-10-15
966,Rahul Reddy,Thiruvananthapuram,Kerala,India,2022-03-27
967,Arjun Reddy,Vadodara,Gujarat,India,2022-08-22
968,Aaradhya Joshi,Lucknow,Uttar Pradesh,India,2024-01-17
969,Ananya Saxena,Howrah,West Bengal,India,2022-11-09
970,Krishna Kapoor,Jodhpur,Rajasthan,India,2022-12-31
971,Simran Jain,Mumbai,Maharashtra,India,2024-02-16
972,Anvi Verma,Kolkata,West Bengal,India,2024-03-09
973,Rajesh Roy,Bhubaneswar,Odisha,India,2024-04-18
974,Gaurav Banerjee,Mumbai,Maharashtra,India,2024-06-23
975,Preeti Menon,Vadodara,Gujarat,India,2022-09-26
976,Pranav Kulkarni,Bhubaneswar,Odisha,India,2023-11-29
977,Krishna Reddy,Chandigarh,Punjab,India,2022-05-11
978,Diya Goswami,Coimbatore,Tamil Nadu,India,2024-03-13
979,Pooja Mishra,Hyderabad,Telangana,India,2024-02-28
980,Alok Gupta,Pune,Maharashtra,India,2024-04-11
981,Vikram Kapoor,Coimbatore,Tamil Nadu,India,2022-12-17
982,Vihaan Banerjee,Bhopal,Madhya Pradesh,India,2022-06-29
983,Nikhil Iyer,Delhi,Delhi,India,2024-03-12
984,Sunita Jain,Howrah,West Bengal,India,2023-04-25
985,Varun Chauhan,Kanpur,Uttar Pradesh,India,2024-06-07
986,Aaradhya Mishra,Thiruvananthapuram,Kerala,India,2022-06-12
987,Ritvik Menon,Kolkata,West Bengal,India,2024-02-22
988,Prisha Pandey,Warangal,Telangana,India,2024-06-06
989,Pihu Kapoor,Lucknow,Uttar Pradesh,India,2022-04-06
990,Ananya Sharma,Kolkata,West Bengal,India,2024-02-13
991,Saanvi Das,Kolkata,West Bengal,India,2023-05-25
992,Kabir Yadav,Ahmedabad,Gujarat,India,2022-12-31
993,Aaradhya Patil,Nagpur,Maharashtra,India,2022-12-19
994,Alok Banerjee,Howrah,West Bengal,India,2024-03-10
995,Kunal Dutta,Nagpur,Maharashtra,India,2023-03-12
996,Jyoti Yadav,Coimbatore,Tamil Nadu,India,2022-03-24
997,Abhishek Iyer,Patna,Bihar,India,2022-08-13
998,Sai Tiwari,Jodhpur,Rajasthan,India,2023-02-16
999,Diya Rathore,Ludhiana,Punjab,India,2024-01-05
1000,Atharv Choudhury,Pune,Maharashtra,India,2022-04-28
1001,Simran Saxena,Jodhpur,Rajasthan,India,2023-04-27
1002,Ishan Shah,Jaipur,Rajasthan,India,2022-07-11
1003,Sneha Singh,Pune,Maharashtra,India,2023-08-14
1004,Kabir Nambiar,Bhubaneswar,Odisha,India,2023-08-13
1005,Nikhil Nambiar,Ludhiana,Punjab,India,2023-10-21
1006,Rekha Mishra,Ranchi,Jharkhand,India,2022-04-17
1007,Tanvi Pillai,Noida,Uttar Pradesh,India,2023-01-17
1008,Kiran Singh,Mysuru,Karnataka,India,2024-02-22
1009,Vivaan Iyer,Bhubaneswar,Odisha,India,2023-01-25
1010,Divya Patil,Kochi,Kerala,India,2022-09-01
1011,Meenakshi Patil,Guwahati,Assam,India,2023-08-08
1012,Priya Menon,Coimbatore,Tamil Nadu,India,2024-05-18
1013,Simran Joshi,Bhubaneswar,Odisha,India,2023-04-13
1014,Aadhya Singh,Coimbatore,Tamil Nadu,India,2024-05-15
1015,Nikhil Menon,Warangal,Telangana,India,2023-06-22
1016,Varun Rao,Mumbai,Maharashtra,India,2022-07-29
1017,Amit Nambiar,Ahmedabad,Gujarat,India,2023-08-27
1018,Shaurya Nair,Bhopal,Madhya Pradesh,India,2023-09-29
1019,Diya Kumar,Chennai,Tamil Nadu,India,2022-03-14
1020,Shaurya Pillai,Ludhiana,Punjab,India,2023-09-27
1021,Aadhya Agarwal,Coimbatore,Tamil Nadu,India,2022-11-05
1022,Preeti Mishra,Vadodara,Gujarat,India,2023-11-27
1023,Pari Kumar,Bengaluru,Karnataka,India,2023-11-30
1024,Divya Roy,Ludhiana,Punjab,India,2023-12-11
1025,Shreya Patel,Jaipur,Rajasthan,India,2023-08-13
1026,Rajesh Dutta,Ahmedabad,Gujarat,India,2024-05-09
1027,Vikram Gupta,Ludhiana,Punjab,India,2022-07-05
1028,Swati Chauhan,Kochi,Kerala,India,2024-05-05
1029,Deepak Chauhan,Noida,Uttar Pradesh,India,2022-09-10
1030,Aadhya Choudhury,Lucknow,Uttar Pradesh,India,2022-01-13
1031,Rahul Choudhury,Kolkata,West Bengal,India,2022-10-26
1032,Rekha Yadav,Patna,Bihar,India,2022-03-17
1033,Nikhil Joshi,Chennai,Tamil Nadu,India,2022-02-20
1034,Pooja Deshmukh,Jaipur,Rajasthan,India,2024-02-26
1035,Diya Agarwal,Pune,Maharashtra,India,2022-05-29
1036,Kabir Pandey,Thiruvananthapuram,Kerala,India,2024-01-01
1037,Aarav Patel,Kochi,Kerala,India,2022-05-02
1038,Deepa Pandey,Pune,Maharashtra,India,2022-07-30
1039,Riya Dutta,Howrah,West Bengal,India,2022-10-07
1040,Prisha Rao,Warangal,Telangana,India,2023-06-22
1041,Alok Mehta,Chennai,Tamil Nadu,India,2023-11-16
1042,Pari Nambiar,Howrah,West Bengal,India,2022-06-05
1043,Aanya Das,Thiruvananthapuram,Kerala,India,2022-08-26
1044,Aditya Nair,Chennai,Tamil Nadu,India,2023-01-11
1045,Anvi Deshmukh,Coimbatore,Tamil Nadu,India,2022-03-23
1046,Priya Nambiar,Kochi,Kerala,India,2023-05-07
1047,Atharv Yadav,Pune,Maharashtra,India,2022-12-22
1048,Rohan Roy,Jaipur,Rajasthan,India,2022-09-30
1049,Anvi Banerjee,Noida,Uttar Pradesh,India,2023-08-03
1050,Preeti Pandey,Hyderabad,Telangana,India,2022-02-13
1051,Pooja Singh,Bhubaneswar,Odisha,India,2023-07-27
1052,Deepa Pandey,Pune,Maharashtra,India,2022-05-03
1053,Kabir Mishra,Mumbai,Maharashtra,India,2022-12-15
1054,Jyoti Reddy,Kanpur,Uttar Pradesh,India,2023-12-09
1055,Shreya Mukherjee,Bhubaneswar,Odisha,India,2022-11-26
1056,Kavya Nair,Delhi,Delhi,India,2023-02-13
1057,Atharv Joshi,Bhopal,Madhya Pradesh,India,2022-11-19
1058,Rekha Kumar,Ludhiana,Punjab,India,2022-04-21
1059,Aayush Dutta,Patna,Bihar,India,2024-02-09
1060,Amit Patel,Pune,Maharashtra,India,2022-03-30
1061,Alok Bhat,Kochi,Kerala,India,2023-03-09
1062,Atharv Yadav,Surat,Gujarat,India,2023-12-11
1063,Aryan Nair,Pune,Maharashtra,India,2024-03-04
1064,Preeti Sharma,Guwahati,Assam,India,2023-12-13
1065,Nikhil Kapoor,Vadodara,Gujarat,India,2022-04-09
1066,Nikhil Jain,Howrah,West Bengal,India,2023-06-23
1067,Kavya Bhat,Bengaluru,Karnataka,India,2023-08-24
1068,Sanjay Pandey,Bhubaneswar,Odisha,India,2022-05-26
1069,Ishan Mehta,Noida,Uttar Pradesh,India,2023-11-25
1070,Dhruv Das,Guwahati,Assam,India,2022-09-14
1071,Kabir Nair,Hyderabad,Telangana,India,2022-07-08
1072,Suresh Pillai,Bhopal,Madhya Pradesh,India,2022-08-28
1073,Nikhil Kapoor,Chandigarh,Punjab,India,2024-05-20
1074,Reyansh Tiwari,Coimbatore,Tamil Nadu,India,2024-06-17
1075,Pranav Choudhury,Surat,Gujarat,India,2023-05-18
1076,Reyansh Deshmukh,Surat,Gujarat,India,2023-12-09
1077,Krishna Nambiar,Bengaluru,Karnataka,India,2024-03-19
1078,Meera Ghosh,Lucknow,Uttar Pradesh,India,2023-11-08
1079,Preeti Mehta,Bhopal,Madhya Pradesh,India,2024-03-29
1080,Pari Shah,Surat,Gujarat,India,2022-09-28
1081,Ritvik Kapoor,Pune,Maharashtra,India,2023-06-04
1082,Preeti Roy,Thiruvananthapuram,Kerala,India,2023-07-04
1083,Kabir Chatterjee,Howrah,West Bengal,India,2022-04-24
1084,Pranav Kulkarni,Ludhiana,Punjab,India,2022-12-05
1085,Abhishek Reddy,Bhopal,Madhya Pradesh,India,2023-07-22
1086,Rajesh Joshi,Mysuru,Karnataka,India,2022-12-25
1087,Shruti Bhat,Delhi,Delhi,India,2023-10-12
1088,Sneha Rathore,Ahmedabad,Gujarat,India,2023-09-06
1089,Aditya Gupta,Delhi,Delhi,India,2022-11-30
1090,Aaradhya Rathore,Ludhiana,Punjab,India,2023-11-20
1091,Riya Shah,Surat,Gujarat,India,2022-06-18
1092,Diya Chauhan,Jaipur,Rajasthan,India,2022-12-05
1093,Shreya Kumar,Guwahati,Assam,India,2024-03-08
1094,Pari Pillai,Delhi,Delhi,India,2022-09-18
1095,Aryan Banerjee,Bhopal,Madhya Pradesh,India,2024-06-05
1096,Vihaan Nair,Kochi,Kerala,India,2024-01-05
1097,Alok Joshi,Mumbai,Maharashtra,India,2022-07-18
1098,Advik Nair,Ahmedabad,Gujarat,India,2022-07-30
1099,Deepak Bhat,Delhi,Delhi,India,2022-10-14
1100,Dhruv Yadav,Noida,Uttar Pradesh,India,2023-11-23
1101,Prisha Shah,Lucknow,Uttar Pradesh,India,2024-02-01
1102,Pooja Patil,Mysuru,Karnataka,India,2024-01-13
1103,Shreya Patel,Nagpur,Maharashtra,India,2023-04-17
1104,Prisha Goswami,Indore,Madhya Pradesh,India,2023-04-27
1105,Saanvi Pandey,Ahmedabad,Gujarat,India,2022-01-23
1106,Gaurav Iyer,Patna,Bihar,India,2023-07-14
1107,Advik Nair,Jaipur,Rajasthan,India,2022-04-19
1108,Advik Saxena,Patna,Bihar,India,2022-10-23
1109,Ritvik Mishra,Bengaluru,Karnataka,India,2022-01-06
1110,Sanjay Chatterjee,Delhi,Delhi,India,2023-07-04
1111,Pari Mukherjee,Chandigarh,Punjab,India,2023-11-12
1112,Tanvi Agarwal,Warangal,Telangana,India,2024-05-17
1113,Varun Kapoor,Kanpur,Uttar Pradesh,India,2024-03-05
1114,Rekha Chatterjee,Surat,Gujarat,India,2022-07-22
1115,Rekha Pandey,Hyderabad,Telangana,India,2022-11-21
1116,Jyoti Shah,Surat,Gujarat,India,2024-04-04
1117,Dhruv Patel,Mysuru,Karnataka,India,2024-02-24
1118,Swati Chauhan,Howrah,West Bengal,India,2022-09-01
1119,Ishan Choudhury,Jaipur,Rajasthan,India,2022-11-23
1120,Gaurav Banerjee,Jodhpur,Rajasthan,India,2022-02-16
1121,Alok Patil,Ahmedabad,Gujarat,India,2024-01-31
1122,Arjun Verma,Indore,Madhya Pradesh,India,2023-08-14
1123,Meenakshi Choudhury,Surat,Gujarat,India,2023-09-14
1124,Pooja Kumar,Guwahati,Assam,India,2022-01-13
1125,Aditya Joshi,Hyderabad,Telangana,India,2024-06-25
1126,Sneha Kumar,Surat,Gujarat,India,2023-01-15
1127,Pranav Rathore,Vadodara,Gujarat,India,2022-12-31
1128,Gaurav Nambiar,Howrah,West Bengal,India,2023-08-25
1129,Ritvik Menon,Jodhpur,Rajasthan,India,2022-12-08
1130,Rekha Rathore,Chennai,Tamil Nadu,India,2024-05-09
1131,Aaradhya Sharma,Ludhiana,Punjab,India,2024-03-02
1132,Alok Bose,Vadodara,Gujarat,India,2022-08-09
1133,Meera Banerjee,Howrah,West Bengal,India,2022-03-14
1134,Meenakshi Das,Pune,Maharashtra,India,2024-01-16
1135,Simran Jain,Bengaluru,Karnataka,India,2024-02-11
1136,Aryan Roy,Ahmedabad,Gujarat,India,2023-09-17
1137,Pooja Chauhan,Patna,Bihar,India,2022-02-15
1138,Atharv Roy,Noida,Uttar Pradesh,India,2023-05-19
1139,Preeti Rao,Indore,Madhya Pradesh,India,2022-10-01
1140,Aaradhya Saxena,Warangal,Telangana,India,2023-07-09
1141,Deepa Reddy,Patna,Bihar,India,2022-07-27
1142,Riya Menon,Surat,Gujarat,India,2024-05-10
1143,Pari Saxena,Vadodara,Gujarat,India,2023-09-07
1144,Swati Yadav,Kolkata,West Bengal,India,2022-05-04
1145,Anita Yadav,Mumbai,Maharashtra,India,2022-01-10
1146,Tanvi Ghosh,Chandigarh,Punjab,India,2022-11-25
1147,Shaurya Jain,Nagpur,Maharashtra,India,2022-07-06
1148,Rekha Dutta,Jodhpur,Rajasthan,India,2023-06-27
1149,Alok Verma,Bhubaneswar,Odisha,India,2023-10-30
1150,Ritu Kumar,Kanpur,Uttar Pradesh,India,2022-03-01
1151,Vihaan Tiwari,Surat,Gujarat,India,2024-01-31
1152,Preeti Roy,Ludhiana,Punjab,India,2024-06-17
1153,Rahul Saxena,Ranchi,Jharkhand,India,2024-06-04
1154,Anita Tiwari,Indore,Madhya Pradesh,India,2024-02-21
1155,Divya Chauhan,Warangal,Telangana,India,2023-03-18
1156,Jyoti Gupta,Ahmedabad,Gujarat,India,2022-08-05
1157,Pihu Joshi,Patna,Bihar,India,2024-06-29
1158,Aditya Reddy,Noida,Uttar Pradesh,India,2022-01-02
1159,Sai Menon,Nagpur,Maharashtra,India,2023-06-20
1160,Arjun Rao,Bengaluru,Karnataka,India,2023-12-19
1161,Arjun Tiwari,Chennai,Tamil Nadu,India,2024-04-11
1162,Divya Choudhury,Guwahati,Assam,India,2023-12-12
1163,Kavya Sharma,Mysuru,Karnataka,India,2022-12-22
1164,Pooja Nambiar,Kochi,Kerala,India,2023-09-18
1165,Krishna Mishra,Ludhiana,Punjab,India,2024-03-02
1166,Rahul Chauhan,Pune,Maharashtra,India,2023-10-29
1167,Deepa Singh,Ahmedabad,Gujarat,India,2022-06-14
1168,Aanya Gupta,Bengaluru,Karnataka,India,2024-01-04
1169,Neha Das,Bhubaneswar,Odisha,India,2022-04-01
1170,Rekha Das,Patna,Bihar,India,2022-06-16
1171,Kabir Rathore,Kochi,Kerala,India,2022-07-26
1172,Aditya Goswami,,Telangana,India,2022-10-09
1173,Sanjay Goswami,Indore,Madhya Pradesh,India,2022-03-06
1174,Advik Bose,Mumbai,Maharashtra,India,2024-06-06
1175,Pranav Tiwari,Noida,Uttar Pradesh,India,2023-05-31
1176,Shaurya Pandey,Howrah,West Bengal,India,2022-06-06
1177,Swati Kulkarni,Indore,Madhya Pradesh,India,2024-01-31
1178,Varun Banerjee,Kolkata,West Bengal,India,2024-02-08
1179,Krishna Chatterjee,Hyderabad,Telangana,India,2024-01-17
1180,Alok Chauhan,Vadodara,Gujarat,India,2022-11-02
1181,Prisha Das,Ludhiana,Punjab,India,2024-05-27
1182,Krishna Tiwari,Bhopal,Madhya Pradesh,India,2023-01-30
1183,Diya Chatterjee,Kolkata,West Bengal,India,2022-03-15
1184,Alok Patel,Guwahati,Assam,India,2022-07-06
1185,Arjun Sharma,Ludhiana,Punjab,India,2023-07-28
1186,Shaurya Sharma,Thiruvananthapuram,Kerala,India,2022-12-03
1187,Preeti Pandey,Jaipur,Rajasthan,India,2023-11-07
1188,Ananya Das,Nagpur,Maharashtra,India,2023-07-22
1189,Arjun Agarwal,Noida,Uttar Pradesh,Singapore,2023-09-15
1190,Meera Reddy,Surat,Gujarat,India,2023-12-31
1191,Ritvik Nair,Nagpur,Maharashtra,India,2022-08-28
1192,Aaradhya Mehta,Mumbai,Maharashtra,India,2023-06-17
1193,Shruti Sharma,Thiruvananthapuram,Kerala,India,2022-05-21
1194,Meera Banerjee,Chandigarh,Punjab,India,2022-09-22
1195,Manish Roy,Vadodara,Gujarat,India,2022-05-19
1196,Diya Choudhury,Mumbai,Maharashtra,India,2023-04-04
1197,Sneha Chauhan,Jodhpur,Rajasthan,India,2022-03-11
1198,Rekha Patel,Pune,Maharashtra,India,2023-01-20
1199,Sunita Mehta,Guwahati,Assam,India,2023-09-22
1200,Swati Nair,Noida,Uttar Pradesh,India,2022-07-17
1201,Diya Ghosh,Mysuru,Karnataka,India,2022-07-24
1202,Diya Goswami,Warangal,Telangana,India,2023-12-27
1203,Deepak Iyer,,Assam,India,2023-07-22
1204,Sai Pandey,Jaipur,Rajasthan,India,2024-03-09
1205,Rohan Mukherjee,Kanpur,Uttar Pradesh,India,2024-03-15
1206,Diya Singh,Mumbai,Maharashtra,India,2023-11-18
1207,Preeti Singh,Nagpur,Maharashtra,India,2024-05-08
1208,Preeti Pandey,Bhubaneswar,Odisha,India,2024-05-31
1209,Meera Dutta,Nagpur,Maharashtra,India,2023-10-02
1210,Pihu Mehta,Bengaluru,Karnataka,India,2023-03-07
1211,Advik Ghosh,Patna,Bihar,India,2024-06-08
1212,Sneha Kulkarni,Howrah,West Bengal,India,2022-11-21
1213,Simran Patel,Howrah,West Bengal,India,2023-03-18
1214,Prisha Agarwal,Noida,Uttar Pradesh,India,2024-03-14
1215,Anita Das,Ahmedabad,Gujarat,India,2022-10-15
1216,Kunal Deshmukh,Noida,Uttar Pradesh,India,2022-08-14
1217,Ananya Chauhan,Chennai,Tamil Nadu,India,2022-03-05
1218,Shruti Kumar,Hyderabad,Telangana,India,2023-07-14
1219,Reyansh Mukherjee,Delhi,Delhi,India,2023-12-15
1220,Arjun Bose,Kanpur,Uttar Pradesh,India,2023-05-13
1221,Sneha Yadav,Ludhiana,Punjab,India,2024-04-28
1222,Sunita Tiwari,Kanpur,Uttar Pradesh,India,2022-03-01
1223,Abhishek Patel,Mysuru,Karnataka,India,2023-02-01
1224,Suresh Deshmukh,Patna,Bihar,India,2022-09-14
1225,Prisha Goswami,Ahmedabad,Gujarat,India,2023-07-31
1226,Ishan Saxena,Kolkata,West Bengal,India,2022-08-27
1227,Sanjay Sharma,Ahmedabad,Gujarat,India,2024-03-11
1228,Simran Gupta,Ahmedabad,Gujarat,India,2022-02-07
1229,Gaurav Jain,Bhubaneswar,Odisha,India,2022-01-25
1230,Pari Tiwari,Kochi,Kerala,India,2023-02-14
1231,Abhishek Dutta,Ludhiana,Punjab,United States,2023-04-06
1232,Vivaan Menon,Bhubaneswar,Odisha,India,2023-07-25
1233,Atharv Choudhury,Noida,Uttar Pradesh,India,2023-02-21
1234,Pari Chauhan,Vadodara,Gujarat,India,2022-12-23
1235,Pooja Jain,Chandigarh,Punjab,India,2023-01-18
1236,Advik Jain,Ahmedabad,Gujarat,India,2024-03-19
1237,Tanvi Patel,Ludhiana,Punjab,India,2022-06-07
1238,Kunal Gupta,Kolkata,West Bengal,India,2023-07-23
1239,Kabir Choudhury,Kanpur,Uttar Pradesh,India,2023-03-09
1240,Shruti Agarwal,Warangal,Telangana,India,2022-02-17
1241,Kiran Agarwal,Noida,Uttar Pradesh,India,2022-11-24
1242,Aanya Mehta,Warangal,Telangana,India,2023-03-09
1243,Gaurav Bhat,Coimbatore,Tamil Nadu,India,2023-03-07
1244,Anita Shah,Thiruvananthapuram,Kerala,India,2022-02-25
1245,Manish Saxena,Jaipur,Rajasthan,India,2023-07-31
1246,Shruti Reddy,Kanpur,Uttar Pradesh,India,2022-09-25
1247,Aaradhya Dutta,Thiruvananthapuram,Kerala,India,2022-03-10
1248,Vikram Singh,Indore,Madhya Pradesh,India,2023-12-29
1249,Rahul Bose,Kolkata,West Bengal,India,2024-06-20
1250,Kiran Kapoor,Ahmedabad,Gujarat,India,2023-08-24
1251,Kabir Ghosh,Bhubaneswar,Odisha,India,2023-03-25
1252,Atharv Das,Chennai,Tamil Nadu,India,2024-03-03
1253,Vikram Gupta,Noida,Uttar Pradesh,India,2022-09-14
1254,Kabir Roy,Bhopal,Madhya Pradesh,India,2023-11-03
1255,Ishan Patel,Kanpur,Uttar Pradesh,India,2023-05-05
1256,Meenakshi Yadav,Jaipur,Rajasthan,India,2024-01-16
1257,Vikram Iyer,Hyderabad,Telangana,India,2023-10-05
1258,Neha Kapoor,Kanpur,Uttar Pradesh,India,2022-02-18
1259,Pranav Menon,Howrah,West Bengal,India,2023-10-21
1260,Kiran Mehta,Vadodara,Gujarat,India,2022-11-12
1261,Kavya Joshi,Indore,Madhya Pradesh,India,2023-02-17
1262,Varun Agarwal,Surat,Gujarat,India,2023-03-10
1263,Aadhya Rathore,Kolkata,West Bengal,India,2022-01-02
1264,Ritu Saxena,Thiruvananthapuram,Kerala,India,2024-04-20
1265,Reyansh Mishra,Coimbatore,Tamil Nadu,India,2022-05-25
1266,Varun Tiwari,Patna,Bihar,India,2023-01-01
1267,Shaurya Kulkarni,Kolkata,West Bengal,India,2023-02-24
1268,Deepak Menon,Mysuru,Karnataka,India,2023-07-27
1269,Sai Bose,Pune,Maharashtra,India,2024-02-24
1270,Sanjay Patil,Kolkata,West Bengal,India,2023-07-15
1271,Priya Roy,Kanpur,Uttar Pradesh,India,2024-04-23
1272,Sunita Ghosh,Mysuru,Karnataka,India,2023-03-20
1273,Nikhil Ghosh,Surat,Gujarat,India,2023-03-10
1274,Tanvi Kumar,Noida,Uttar Pradesh,India,2023-10-05
1275,Varun Patil,Mysuru,Karnataka,India,2023-07-09
1276,Vihaan Bhat,Jodhpur,Rajasthan,India,2022-02-26
1277,Advik Reddy,Coimbatore,Tamil Nadu,India,2023-07-16
1278,Pari Nambiar,Bhubaneswar,Odisha,India,2022-06-27
1279,Aryan Choudhury,Mumbai,Maharashtra,India,2022-10-20
1280,Varun Rao,Nagpur,Maharashtra,India,2022-02-15
1281,Varun Banerjee,Warangal,Telangana,India,2022-06-19
1282,Sanjay Nair,Warangal,Telangana,India,2022-09-28
1283,Vivaan Nambiar,Patna,Bihar,India,2023-02-21
1284,Kavya Reddy,Noida,Uttar Pradesh,United States,2024-04-27
1285,Vikram Roy,Ludhiana,Punjab,India,2022-05-19
1286,Kunal Banerjee,Vadodara,Gujarat,India,2022-09-04
1287,Swati Patel,Bhopal,Madhya Pradesh,India,2022-05-28
1288,Amit Mishra,Hyderabad,Telangana,India,2022-08-18
1289,Kavya Ghosh,Kolkata,West Bengal,India,2024-03-02
1290,Preeti Saxena,Hyderabad,Telangana,India,2023-09-29
1291,Sai Kapoor,Guwahati,Assam,India,2023-12-05
1292,Rohan Sharma,Delhi,Delhi,India,2023-01-09
1293,Jyoti Mishra,Kochi,Kerala,India,2022-03-21
1294,Aditya Menon,Howrah,West Bengal,India,2023-08-29
1295,Aarav Banerjee,Thiruvananthapuram,Kerala,India,2024-01-08
1296,Sunita Jain,Mysuru,Karnataka,India,2022-03-06
1297,Ananya Verma,Surat,Gujarat,India,2022-03-29
1298,Aryan Dutta,Howrah,West Bengal,India,2022-03-29
1299,Saanvi Deshmukh,Kolkata,West Bengal,India,2023-12-14
1300,Deepa Nambiar,Kanpur,Uttar Pradesh,India,2023-12-27
1301,Aanya Bose,Chandigarh,Punjab,India,2022-07-23
1302,Kiran Shah,Bengaluru,Karnataka,India,2023-01-17
1303,Alok Sharma,Surat,Gujarat,India,2023-08-24
1304,Rajesh Agarwal,Chandigarh,Punjab,India,2023-04-21
1305,Atharv Bose,Bhopal,Madhya Pradesh,India,2023-07-27
1306,Ritvik Banerjee,Jaipur,Rajasthan,India,2024-02-22
1307,Aryan Choudhury,Kochi,Kerala,India,2023-08-29
1308,Kunal Chauhan,Ahmedabad,Gujarat,India,2024-03-29
1309,Shruti Rao,Kochi,Kerala,India,2023-06-23
1310,Tanvi Joshi,Guwahati,Assam,India,2022-08-02
1311,Kabir Shah,Ludhiana,Punjab,India,2022-03-15
1312,Simran Shah,Ludhiana,Punjab,India,2022-03-02
1313,Aayush Das,Kochi,Kerala,India,2023-11-29
1314,Kunal Gupta,Noida,Uttar Pradesh,India,2023-06-27
1315,Tanvi Banerjee,Ludhiana,Punjab,India,2022-08-07
1316,Neha Iyer,Delhi,Delhi,India,2022-01-12
1317,Aditya Sharma,Kolkata,West Bengal,India,2024-03-24
1318,Kiran Banerjee,Jodhpur,Rajasthan,India,2023-02-19
1319,Anvi Gupta,Hyderabad,Telangana,India,2022-02-01
1320,Simran Pandey,Surat,Gujarat,India,2022-06-09
1321,Rajesh Deshmukh,Thiruvananthapuram,Kerala,India,2022-08-25
1322,Shruti Menon,Kolkata,West Bengal,India,2024-01-09
1323,Aditya Nambiar,Bhubaneswar,Odisha,India,2022-06-30
1324,Rahul Nambiar,Ludhiana,Punjab,India,2024-04-08
1325,Tanvi Patel,Chennai,Tamil Nadu,India,2023-07-12
1326,Aryan Chatterjee,Indore,Madhya Pradesh,India,2022-12-07
1327,Alok Mukherjee,Ahmedabad,Gujarat,India,2023-04-03
1328,Kabir Goswami,Indore,Madhya Pradesh,India,2022-03-21
1329,Krishna Dutta,Lucknow,Uttar Pradesh,India,2023-10-09
1330,Ananya Kulkarni,Bhubaneswar,Odisha,India,2024-02-11
1331,Meera Pillai,Kolkata,West Bengal,India,2024-03-30
1332,Shruti Kulkarni,Vadodara,Gujarat,India,2024-01-29
1333,Anita Choudhury,Kochi,Kerala,India,2023-04-18
1334,Vivaan Patel,Thiruvananthapuram,Kerala,India,2023-11-02
1335,Shaurya Jain,Kochi,Kerala,India,2023-12-16
1336,Kiran Chauhan,Ludhiana,Punjab,India,2022-04-22
1337,Amit Mukherjee,Guwahati,Assam,India,2022-10-19
1338,Ritvik Shah,Kanpur,Uttar Pradesh,India,2024-04-01
1339,Kiran Pillai,Mumbai,Maharashtra,India,2023-09-23
1340,Ananya Dutta,Delhi,Delhi,India,2023-01-18
1341,Sanjay Mukherjee,Surat,Gujarat,India,2022-01-17
1342,Shaurya Sharma,Surat,Gujarat,India,2023-05-08
1343,Sneha Mehta,Nagpur,Maharashtra,India,2022-11-27
1344,Deepak Tiwari,Ranchi,Jharkhand,India,2024-01-09
1345,Pihu Patil,Bhubaneswar,Odisha,India,2024-05-22
1346,Aayush Shah,Jodhpur,Rajasthan,India,2023-05-01
1347,Shaurya Dutta,Nagpur,Maharashtra,India,2023-02-10
1348,Priya Joshi,Jaipur,Rajasthan,India,2022-04-27
1349,Pihu Goswami,Surat,Gujarat,India,2023-07-09
1350,Kabir Mukherjee,Ranchi,Jharkhand,India,2024-05-29
1351,Tanvi Iyer,Noida,Uttar Pradesh,India,2022-04-25
1352,Sanjay Patil,Guwahati,Assam,India,2024-03-05
1353,Divya Reddy,Ahmedabad,Gujarat,India,2023-07-03
1354,Rahul Mishra,Vadodara,Gujarat,India,2024-03-24
1355,Deepak Das,Surat,Gujarat,India,2023-09-17
1356,Diya Bhat,Bhopal,Madhya Pradesh,India,2023-07-01
1357,Sanjay Patel,Kochi,Kerala,India,2023-10-06
1358,Vivaan Agarwal,Kanpur,Uttar Pradesh,India,2022-12-02
1359,Deepak Verma,Mysuru,Karnataka,India,2022-12-02
1360,Gaurav Roy,Coimbatore,Tamil Nadu,India,2024-06-07
1361,Deepak Saxena,Patna,Bihar,India,2024-01-10
1362,Nikhil Kumar,Vadodara,Gujarat,India,2022-05-27
1363,Vikram Singh,Chandigarh,Punjab,India,2022-05-02
1364,Pooja Kulkarni,Ludhiana,Punjab,India,2022-03-22
1365,Ananya Gupta,Noida,Uttar Pradesh,India,2023-11-16
1366,Tanvi Patil,Thiruvananthapuram,Kerala,India,2023-10-28
1367,Aryan Mukherjee,Mysuru,Karnataka,India,2023-10-24
1368,Anvi Chatterjee,Indore,Madhya Pradesh,India,2023-01-10
1369,Pooja Patil,Kochi,Kerala,India,2023-07-24
1370,Deepa Kumar,Coimbatore,Tamil Nadu,India,2022-03-04
1371,Sai Pillai,Hyderabad,Telangana,India,2023-05-19
1372,Krishna Iyer,Ludhiana,Punjab,India,2023-10-30
1373,Sai Nair,Jodhpur,Rajasthan,India,2023-03-25
1374,Sanjay Mehta,Lucknow,Uttar Pradesh,India,2023-03-04
1375,Pihu Tiwari,Jodhpur,Rajasthan,India,2024-05-17
1376,Aayush Iyer,Chennai,Tamil Nadu,India,2023-03-03
1377,Neha Banerjee,Coimbatore,Tamil Nadu,India,2023-02-25
1378,Rekha Shah,Coimbatore,Tamil Nadu,India,2022-11-18
1379,Rekha Pillai,Kochi,Kerala,India,2023-11-11
1380,Reyansh Mehta,Hyderabad,Telangana,India,2022-06-15
1381,Vihaan Yadav,Jaipur,Rajasthan,India,2023-08-20
1382,Sai Kulkarni,Guwahati,Assam,India,2023-10-11
1383,Sunita Mehta,Lucknow,Uttar Pradesh,India,2023-04-06
1384,Vikram Pillai,Mysuru,Karnataka,India,2023-04-04
1385,Nikhil Mukherjee,Patna,Bihar,India,2022-07-08
1386,Aditya Roy,Noida,Uttar Pradesh,India,2023-04-09
1387,Pihu Mehta,,Maharashtra,India,2024-06-30
1388,Shruti Verma,Mumbai,Maharashtra,India,2023-01-14
1389,Pranav Rathore,Howrah,West Bengal,India,2022-01-02
1390,Atharv Bose,Chandigarh,Punjab,India,2023-09-10
1391,Atharv Patel,Bhubaneswar,Odisha,India,2022-12-30
1392,Advik Pillai,Pune,Maharashtra,India,2022-03-13
1393,Alok Joshi,Delhi,Delhi,India,2023-03-03
1394,Sneha Das,Jodhpur,Rajasthan,India,2023-09-30
1395,Rohan Singh,Delhi,Delhi,India,2022-06-19
1396,Shreya Deshmukh,Kolkata,West Bengal,India,2022-07-24
1397,Sneha Agarwal,Ludhiana,Punjab,India,2024-04-04
1398,Aayush Kulkarni,Thiruvananthapuram,Kerala,India,2022-12-03
1399,Simran Agarwal,Delhi,Delhi,India,2023-04-17
1400,Shreya Mukherjee,Mumbai,Maharashtra,India,2022-07-14
1401,Sanjay Chauhan,Hyderabad,Telangana,India,2023-11-01
1402,Priya Das,Ranchi,Jharkhand,India,2023-10-15
1403,Anvi Chauhan,Lucknow,Uttar Pradesh,India,2022-10-02
1404,Ritvik Jain,Chennai,Tamil Nadu,India,2022-01-07
1405,Vikram Chatterjee,Guwahati,Assam,India,2024-06-23
1406,Aaradhya Reddy,Nagpur,Maharashtra,India,2023-07-20
1407,Swati Kumar,Warangal,Telangana,India,2023-09-08
1408,Preeti Pandey,Guwahati,Assam,India,2024-05-03
1409,Aditya Chauhan,Bhopal,Madhya Pradesh,India,2024-04-29
1410,Manish Reddy,Kanpur,Uttar Pradesh,India,2023-07-27
1411,Aanya Banerjee,Delhi,Delhi,India,2023-08-22
1412,Deepa Verma,Lucknow,Uttar Pradesh,India,2024-02-09
1413,Divya Shah,Noida,Uttar Pradesh,India,2022-06-27
1414,Anita Mehta,Patna,Bihar,India,2022-08-30
1415,Reyansh Yadav,Kolkata,West Bengal,India,2022-07-22
1416,Pooja Mehta,Patna,Bihar,India,2023-06-27
1417,Abhishek Chatterjee,Surat,Gujarat,India,2024-03-11
1418,Sunita Pandey,Kochi,Kerala,India,2023-04-07
1419,Deepa Das,Lucknow,Uttar Pradesh,India,2022-03-21
1420,Rajesh Tiwari,Bhubaneswar,Odisha,India,2023-06-07
1421,Rahul Iyer,Bhubaneswar,Odisha,India,2023-02-21
1422,Aaradhya Singh,Guwahati,Assam,India,2024-02-05
1423,Vihaan Gupta,Jaipur,Rajasthan,India,2023-01-19
1424,Rahul Reddy,Nagpur,Maharashtra,India,2023-01-26
1425,Shruti Choudhury,Vadodara,Gujarat,India,2024-06-14
1426,Rajesh Mishra,Patna,Bihar,India,2024-03-09
1427,Neha Goswami,Patna,Bihar,India,2023-11-19
1428,Pooja Patil,Delhi,Delhi,India,2022-05-06
1429,Priya Verma,Bengaluru,Karnataka,India,2023-05-09
1430,Aadhya Jain,Jodhpur,Rajasthan,India,2022-02-16
1431,Pooja Reddy,Hyderabad,Telangana,India,2023-12-19
1432,Saanvi Kapoor,Jaipur,Rajasthan,India,2023-04-21
1433,Aadhya Roy,Surat,Gujarat,India,2023-09-11
1434,Sai Pandey,Thiruvananthapuram,Kerala,India,2023-04-09
1435,Pari Bose,Jaipur,Rajasthan,India,2024-02-26
1436,Prisha Tiwari,Hyderabad,Telangana,India,2024-04-28
1437,Sunita Chauhan,Chennai,Tamil Nadu,India,2022-05-03
1438,Atharv Kapoor,Delhi,Delhi,India,2023-04-19
1439,Aditya Das,Ranchi,Jharkhand,India,2022-05-14
1440,Ritvik Tiwari,Ranchi,Jharkhand,India,2023-09-11
1441,Diya Das,Ludhiana,Punjab,India,2024-03-27
1442,Amit Mukherjee,,West Bengal,India,2024-04-20
1443,Aryan Das,Pune,Maharashtra,India,2023-07-16
1444,Nikhil Goswami,Howrah,West Bengal,India,2024-04-28
1445,Aayush Verma,Howrah,West Bengal,India,2023-08-30
1446,Prisha Rathore,Ranchi,Jharkhand,India,2024-02-19
1447,Anvi Choudhury,Delhi,Delhi,India,2022-01-23
1448,Pranav Roy,Lucknow,Uttar Pradesh,India,2023-07-20
1449,Vivaan Gupta,Thiruvananthapuram,Kerala,India,2024-06-04
1450,Aaradhya Shah,Chandigarh,Punjab,India,2024-02-05
1451,Ananya Deshmukh,Hyderabad,Telangana,India,2022-08-23
1452,Pihu Tiwari,Guwahati,Assam,India,2022-02-28
1453,Rekha Reddy,Mumbai,Maharashtra,India,2022-06-13
1454,Shruti Rao,Thiruvananthapuram,Kerala,India,2024-02-10
1455,Pranav Pillai,Thiruvananthapuram,Kerala,India,2024-04-05
1456,Vivaan Nambiar,Indore,Madhya Pradesh,India,2022-08-04
1457,Kabir Shah,Thiruvananthapuram,Kerala,India,2022-07-02
1458,Manish Menon,Ahmedabad,Gujarat,India,2023-07-23
1459,Pooja Verma,Mysuru,Karnataka,India,2023-10-19
1460,Aanya Chauhan,Mysuru,Karnataka,India,2022-03-31
1461,Arjun Patel,Howrah,West Bengal,India,2022-11-07
1462,Meenakshi Sharma,Warangal,Telangana,India,2023-07-11
1463,Diya Mukherjee,Bhopal,Madhya Pradesh,India,2022-09-14
1464,Swati Pandey,Ludhiana,Punjab,India,2023-06-17
1465,Aadhya Mishra,Kanpur,Uttar Pradesh,India,2023-06-17
1466,Sneha Reddy,Bengaluru,Karnataka,India,2022-02-21
1467,Suresh Deshmukh,Lucknow,Uttar Pradesh,India,2022-12-04
1468,Kavya Roy,Ranchi,Jharkhand,India,2022-06-20
1469,Abhishek Ghosh,Bengaluru,Karnataka,India,2022-03-08
1470,Shaurya Roy,Ranchi,Jharkhand,India,2023-09-17
1471,Ishan Menon,Kochi,Kerala,India,2022-10-27
1472,Pranav Choudhury,Coimbatore,Tamil Nadu,India,2023-11-03
1473,Ishan Rathore,Mumbai,Maharashtra,India,2024-02-17
1474,Aarav Mishra,Coimbatore,Tamil Nadu,India,2024-04-11
1475,Arjun Yadav,Bengaluru,Karnataka,India,2022-08-20
1476,Rahul Sharma,Howrah,West Bengal,India,2024-04-16
1477,Aayush Patel,Ludhiana,Punjab,India,2022-03-09
1478,Riya Singh,Ranchi,Jharkhand,India,2023-05-21
1479,Aarav Rao,Patna,Bihar,India,2022-01-28
1480,Jyoti Menon,Hyderabad,Telangana,India,2023-09-20
1481,Kiran Mukherjee,Chennai,Tamil Nadu,India,2022-02-20
1482,Manish Sharma,Ludhiana,Punjab,India,2023-11-24
1483,Aaradhya Reddy,Chandigarh,Punjab,India,2022-09-17
1484,Kavya Menon,Howrah,West Bengal,India,2023-08-14
1485,Aaradhya Rao,Indore,Madhya Pradesh,India,2024-02-24
1486,Pooja Nambiar,Guwahati,Assam,India,2023-09-12
1487,Anvi Nambiar,Mumbai,Maharashtra,India,2023-08-09
1488,Swati Shah,Kolkata,West Bengal,India,2023-11-18
1489,Manish Kapoor,Ranchi,Jharkhand,India,2022-07-03
1490,Sai Banerjee,Chandigarh,Punjab,India,2022-01-23
1491,Deepa Reddy,Vadodara,Gujarat,India,2024-02-25
1492,Rahul Tiwari,Pune,Maharashtra,India,2022-05-09
1493,Vivaan Goswami,Noida,Uttar Pradesh,India,2022-10-18
1494,Aaradhya Ghosh,Hyderabad,Telangana,India,2024-04-11
1495,Rahul Mishra,Chandigarh,Punjab,India,2023-05-16
1496,Nikhil Yadav,Howrah,West Bengal,India,2022-07-05
1497,Varun Deshmukh,,Punjab,India,2023-04-24
1498,Aarav Patel,Lucknow,Uttar Pradesh,India,2023-07-25
1499,Aanya Chauhan,Nagpur,Maharashtra,India,2023-05-07
1500,Preeti Rao,Hyderabad,Telangana,India,2023-05-28
1501,Deepak Tiwari,Kolkata,West Bengal,India,2023-10-05
1502,Priya Pandey,Lucknow,Uttar Pradesh,India,2022-03-08
1503,Atharv Mukherjee,Howrah,West Bengal,India,2024-03-15
1504,Rahul Yadav,Mysuru,Karnataka,India,2023-04-12
1505,Simran Banerjee,Bengaluru,Karnataka,India,2022-10-12
1506,Riya Das,Thiruvananthapuram,Kerala,India,2023-08-24
1507,Neha Dutta,Mumbai,Maharashtra,India,2023-02-21
1508,Varun Bose,Howrah,West Bengal,India,2022-04-10
1509,Jyoti Agarwal,Patna,Bihar,India,2022-07-08
1510,Pari Nambiar,Thiruvananthapuram,Kerala,India,2024-06-08
1511,Swati Pillai,Kolkata,West Bengal,India,2024-05-07
1512,Riya Mehta,Delhi,Delhi,India,2023-01-23
1513,Neha Choudhury,Patna,Bihar,India,2022-08-29
1514,Suresh Dutta,Lucknow,Uttar Pradesh,India,2024-02-21
1515,Anvi Nair,Delhi,Delhi,India,2024-01-01
1516,Ananya Gupta,Jodhpur,Rajasthan,India,2023-02-21
1517,Suresh Pillai,Pune,Maharashtra,India,2022-06-25
1518,Sneha Nair,Guwahati,Assam,India,2023-01-22
1519,Ritu Patil,Bhopal,Madhya Pradesh,India,2023-04-16
1520,Neha Chatterjee,Ludhiana,Punjab,India,2024-05-02
1521,Aayush Rathore,Pune,Maharashtra,India,2022-08-21
1522,Aarav Reddy,Howrah,West Bengal,India,2023-10-25
1523,Aayush Chatterjee,Mysuru,Karnataka,India,2023-03-28
1524,Varun Kapoor,Coimbatore,Tamil Nadu,Singapore,2022-10-04
1525,Arjun Mukherjee,Kochi,Kerala,India,2022-08-17
1526,Kavya Menon,Indore,Madhya Pradesh,India,2022-06-20
1527,Saanvi Joshi,Kochi,Kerala,India,2024-01-05
1528,Meenakshi Gupta,Chandigarh,Punjab,India,2022-08-01
1529,Shreya Reddy,Indore,Madhya Pradesh,India,2022-10-09
1530,Riya Kapoor,Patna,Bihar,India,2022-02-10
1531,Gaurav Sharma,Jaipur,Rajasthan,India,2022-05-02
1532,Kabir Tiwari,Surat,Gujarat,India,2022-08-15
1533,Nikhil Kumar,Hyderabad,Telangana,India,2022-10-21
1534,Aayush Banerjee,Bhubaneswar,Odisha,India,2023-08-23
1535,Kavya Rao,Bhubaneswar,Odisha,India,2022-09-24
1536,Tanvi Shah,Kanpur,Uttar Pradesh,India,2023-06-25
1537,Deepak Mishra,Indore,Madhya Pradesh,India,2024-01-29
1538,Aarav Bose,Jodhpur,Rajasthan,India,2024-04-07
1539,Rohan Yadav,,Tamil Nadu,India,2023-03-27
1540,Abhishek Pillai,Thiruvananthapuram,Kerala,India,2023-03-25
1541,Pranav Saxena,Ahmedabad,Gujarat,India,2024-01-26
1542,Simran Rao,Ludhiana,Punjab,India,2022-03-02
1543,Meera Chatterjee,Bengaluru,Karnataka,India,2023-05-17
1544,Rekha Ghosh,Indore,Madhya Pradesh,India,2022-05-27
1545,Pooja Verma,Bengaluru,Karnataka,India,2023-11-17
1546,Kiran Kapoor,Coimbatore,Tamil Nadu,India,2024-02-29
1547,Anita Dutta,Chandigarh,Punjab,India,2022-11-30
1548,Deepak Menon,Patna,Bihar,India,2024-05-30
1549,Pihu Saxena,Coimbatore,Tamil Nadu,India,2024-06-09
1550,Meera Deshmukh,Patna,Bihar,India,2022-05-22
1551,Advik Yadav,Hyderabad,Telangana,India,2022-02-13
1552,Abhishek Chatterjee,Thiruvananthapuram,Kerala,India,2022-05-24
1553,Vihaan Choudhury,Vadodara,Gujarat,India,2024-05-14
1554,Rohan Roy,Hyderabad,Telangana,India,2022-11-29
1555,Advik Nair,Guwahati,Assam,India,2023-05-12
1556,Suresh Joshi,Patna,Bihar,India,2023-01-31
1557,Aarav Patel,Vadodara,Gujarat,India,2022-02-24
1558,Divya Roy,Nagpur,Maharashtra,India,2022-11-03
1559,Aryan Singh,Kanpur,Uttar Pradesh,India,2024-05-19
1560,Meenakshi Jain,Coimbatore,Tamil Nadu,India,2023-02-27
1561,Aryan Patel,Bhubaneswar,Odisha,India,2023-02-21
1562,Amit Yadav,Guwahati,Assam,India,2023-11-04
1563,Rohan Deshmukh,Vadodara,Gujarat,India,2024-03-07
1564,Shruti Sharma,Nagpur,Maharashtra,India,2022-11-21
1565,Deepak Gupta,Mysuru,Karnataka,India,2023-12-11
1566,Pooja Kulkarni,Howrah,West Bengal,India,2023-11-02
1567,Aanya Kapoor,Vadodara,Gujarat,India,2022-03-21
1568,Anvi Sharma,Mysuru,Karnataka,India,2022-01-31
1569,Shaurya Kapoor,Ahmedabad,Gujarat,India,2022-04-22
1570,Pooja Kapoor,Guwahati,Assam,India,2023-07-12
1571,Tanvi Ghosh,Kanpur,Uttar Pradesh,India,2024-05-14
1572,Krishna Chauhan,Nagpur,Maharashtra,India,2023-12-18
1573,Aditya Mehta,Warangal,Telangana,India,2023-07-18
1574,Nikhil Reddy,Warangal,Telangana,India,2023-10-12
1575,Meera Yadav,Indore,Madhya Pradesh,India,2023-04-17
1576,Pooja Ghosh,Thiruvananthapuram,Kerala,India,2022-03-15
1577,Manish Singh,Noida,Uttar Pradesh,India,2023-07-07
1578,Nikhil Gupta,Vadodara,Gujarat,India,2023-04-24
1579,Alok Das,Delhi,Delhi,India,2023-08-12
1580,Atharv Mukherjee,Kanpur,Uttar Pradesh,India,2023-01-22
1581,Arjun Goswami,Chandigarh,Punjab,India,2023-11-30
1582,Meera Patel,Nagpur,Maharashtra,India,2024-05-31
1583,Aaradhya Mehta,Ahmedabad,Gujarat,India,2023-07-18
1584,Anvi Sharma,Warangal,Telangana,India,2023-03-09
1585,Aryan Patel,Indore,Madhya Pradesh,India,2023-02-16
1586,Riya Iyer,Jaipur,Rajasthan,India,2023-04-12
1587,Meera Tiwari,Ahmedabad,Gujarat,India,2023-08-22
1588,Tanvi Agarwal,Nagpur,Maharashtra,India,2023-09-13
1589,Riya Mishra,Jaipur,Rajasthan,India,2024-06-27
1590,Amit Ghosh,Chennai,Tamil Nadu,India,2024-01-07
1591,Suresh Jain,Bhubaneswar,Odisha,India,2022-09-05
1592,Kavya Mishra,Surat,Gujarat,India,2023-08-04
1593,Aryan Nambiar,Ahmedabad,Gujarat,India,2022-04-30
1594,Alok Nambiar,Chandigarh,Punjab,India,2022-03-08
1595,Aadhya Mehta,Kochi,Kerala,India,2023-07-27
1596,Priya Menon,Hyderabad,Telangana,India,2022-11-23
1597,Aryan Bose,Vadodara,Gujarat,India,2023-12-04
1598,Amit Patil,Hyderabad,Telangana,India,2023-04-15
1599,Advik Pillai,Mysuru,Karnataka,India,2023-05-08
1600,Rohan Ghosh,Pune,Maharashtra,India,2023-12-02
1601,Saanvi Rao,Chennai,Tamil Nadu,India,2023-10-25
1602,Ritu Shah,Ludhiana,Punjab,India,2022-10-13
1603,Kunal Goswami,Bhopal,Madhya Pradesh,India,2023-08-31
1604,Varun Bose,Jodhpur,Rajasthan,India,2022-11-08
1605,Manish Roy,Bengaluru,Karnataka,India,2022-11-05
1606,Aanya Mehta,Howrah,West Bengal,India,2024-02-14
1607,Aayush Agarwal,Mumbai,Maharashtra,India,2022-04-07
1608,Dhruv Banerjee,Coimbatore,Tamil Nadu,India,2022-04-23
1609,Aadhya Iyer,Kolkata,West Bengal,India,2023-09-29
1610,Gaurav Agarwal,Jaipur,Rajasthan,India,2023-04-01
1611,Ritvik Patil,Surat,Gujarat,India,2023-04-08
1612,Vivaan Gupta,Warangal,Telangana,India,2022-05-12
1613,Pooja Rathore,Bhopal,Madhya Pradesh,India,2022-05-01
1614,Vihaan Roy,Jodhpur,Rajasthan,India,2022-07-16
1615,Reyansh Rao,Kochi,Kerala,India,2024-03-16
1616,Pari Chauhan,Lucknow,Uttar Pradesh,India,2023-04-27
1617,Advik Saxena,Howrah,West Bengal,India,2023-09-26
1618,Abhishek Agarwal,Kochi,Kerala,India,2024-03-04
1619,Anita Joshi,Jodhpur,Rajasthan,India,2024-06-15
1620,Swati Nambiar,Bhubaneswar,Odisha,India,2024-02-11
1621,Prisha Agarwal,Thiruvananthapuram,Kerala,India,2022-02-08
1622,Deepa Banerjee,Surat,Gujarat,India,2023-07-20
1623,Prisha Dutta,Jaipur,Rajasthan,India,2023-05-27
1624,Swati Ghosh,Surat,Gujarat,India,2023-04-19
1625,Aadhya Verma,Chennai,Tamil Nadu,India,2022-06-10
1626,Reyansh Saxena,Delhi,Delhi,India,2022-10-16
1627,Divya Shah,Kochi,Kerala,India,2022-07-19
1628,Aarav Chatterjee,Indore,Madhya Pradesh,India,2024-02-27
1629,Anvi Rathore,Kolkata,West Bengal,India,2023-06-12
1630,Sneha Roy,Mysuru,Karnataka,India,2023-11-16
1631,Kavya Pillai,Vadodara,Gujarat,India,2023-05-18
1632,Advik Rathore,Bengaluru,Karnataka,India,2022-09-05
1633,Vikram Banerjee,,West Bengal,India,2023-01-18
1634,Amit Nambiar,Kochi,Kerala,India,2022-08-06
1635,Krishna Kulkarni,Lucknow,Uttar Pradesh,India,2022-03-28
1636,Nikhil Reddy,Ranchi,Jharkhand,India,2022-03-23
1637,Krishna Menon,Ahmedabad,Gujarat,India,2022-03-03
1638,Aryan Choudhury,Kolkata,West Bengal,India,2024-03-09
1639,Ishan Rao,Surat,Gujarat,India,2023-05-15
1640,Prisha Yadav,Bhubaneswar,Odisha,India,2022-02-11
1641,Rajesh Nair,Lucknow,Uttar Pradesh,India,2022-01-12
1642,Pooja Kulkarni,Patna,Bihar,India,2024-04-12
1643,Nikhil Bose,Bhubaneswar,Odisha,India,2024-01-16
1644,Aaradhya Mukherjee,Kochi,Kerala,India,2024-04-20
1645,Neha Deshmukh,Bhubaneswar,Odisha,India,2023-10-05
1646,Rajesh Yadav,Kanpur,Uttar Pradesh,India,2022-04-25
1647,Rohan Jain,Bhopal,Madhya Pradesh,India,2022-08-06
1648,Shruti Kumar,Patna,Bihar,India,2023-10-11
1649,Pari Rao,Vadodara,Gujarat,India,2022-04-16
1650,Ritvik Pillai,Chennai,Tamil Nadu,India,2023-11-22
1651,Rohan Pillai,Warangal,Telangana,India,2023-06-12
1652,Aadhya Mukherjee,Noida,Uttar Pradesh,India,2023-04-17
1653,Shreya Gupta,Bhubaneswar,Odisha,India,2024-01-24
1654,Kavya Reddy,Mumbai,Maharashtra,India,2024-04-25
1655,Pooja Dutta,Delhi,Delhi,India,2024-06-11
1656,Deepak Sharma,Surat,Gujarat,India,2023-01-22
1657,Amit Chauhan,Kochi,Kerala,India,2022-08-14
1658,Vikram Choudhury,Pune,Maharashtra,India,2023-04-26
1659,Meera Joshi,Jaipur,Rajasthan,India,2024-01-24
1660,Aaradhya Sharma,Nagpur,Maharashtra,India,2023-02-12
1661,Aryan Choudhury,Thiruvananthapuram,Kerala,India,2023-04-02
1662,Aanya Chauhan,Warangal,Telangana,India,2023-10-15
1663,Sanjay Joshi,Mysuru,Karnataka,India,2024-06-16
1664,Shaurya Chauhan,Jaipur,Rajasthan,India,2023-12-12
1665,Ishan Bose,Bhopal,Madhya Pradesh,India,2023-09-16
1666,Jyoti Jain,Jaipur,Rajasthan,India,2023-10-01
1667,Alok Pandey,Hyderabad,Telangana,India,2022-01-21
1668,Vivaan Banerjee,Ranchi,Jharkhand,India,2023-10-21
1669,Kiran Singh,Ahmedabad,Gujarat,India,2023-08-24
1670,Aanya Joshi,Ahmedabad,Gujarat,India,2024-03-25
1671,Reyansh Mehta,Bengaluru,Karnataka,India,2022-07-22
1672,Ritvik Pandey,Kochi,Kerala,India,2023-02-21
1673,Prisha Gupta,Noida,Uttar Pradesh,India,2023-02-20
1674,Pari Singh,Ludhiana,Punjab,India,2023-03-24
1675,Pihu Bose,Lucknow,Uttar Pradesh,India,2023-05-27
1676,Rajesh Sharma,Vadodara,Gujarat,India,2022-03-26
1677,Shruti Banerjee,Lucknow,Uttar Pradesh,India,2022-06-16
1678,Tanvi Mishra,Pune,Maharashtra,India,2023-01-19
1679,Rohan Gupta,Coimbatore,Tamil Nadu,India,2023-04-13
1680,Prisha Deshmukh,Indore,Madhya Pradesh,India,2022-03-13
1681,Sanjay Chauhan,Ahmedabad,Gujarat,India,2024-03-20
1682,Pari Nambiar,Lucknow,Uttar Pradesh,India,2023-06-05
1683,Aadhya Pandey,Vadodara,Gujarat,India,2024-03-03
1684,Aadhya Patil,Howrah,West Bengal,India,2023-04-18
1685,Aditya Mishra,Vadodara,Gujarat,India,2022-09-15
1686,Aayush Yadav,Ahmedabad,Gujarat,India,2022-10-02
1687,Pihu Rao,Lucknow,Uttar Pradesh,India,2024-01-20
1688,Advik Sharma,Vadodara,Gujarat,India,2022-01-20
1689,Pooja Chauhan,Kochi,Kerala,India,2023-05-05
1690,Shruti Roy,Indore,Madhya Pradesh,India,2024-01-15
1691,Vivaan Patil,Kolkata,West Bengal,India,2023-05-05
1692,Shruti Singh,Kanpur,Uttar Pradesh,India,2024-01-03
1693,Arjun Kulkarni,Nagpur,Maharashtra,India,2022-11-22
1694,Anvi Chauhan,Hyderabad,Telangana,India,2023-06-13
1695,Kunal Mukherjee,Chandigarh,Punjab,India,2024-06-10
1696,Sanjay Mukherjee,Thiruvananthapuram,Kerala,India,2022-03-30
1697,Amit Verma,Surat,Gujarat,India,2023-05-01
1698,Aayush Deshmukh,Surat,Gujarat,India,2023-12-09
1699,Neha Gupta,Ludhiana,Punjab,India,2022-12-16
1700,Anvi Nair,Ahmedabad,Gujarat,India,2022-03-25
1701,Sunita Rathore,Howrah,West Bengal,India,2023-01-22
1702,Aditya Dutta,Bhopal,Madhya Pradesh,India,2022-03-28
1703,Vivaan Chatterjee,Chennai,Tamil Nadu,India,2022-11-03
1704,Anvi Verma,Mumbai,Maharashtra,India,2024-04-29
1705,Vivaan Nambiar,Kanpur,Uttar Pradesh,India,2022-06-03
1706,Aanya Kumar,Kolkata,West Bengal,India,2023-03-16
1707,Gaurav Roy,Indore,Madhya Pradesh,India,2024-01-10
1708,Aayush Shah,Ludhiana,Punjab,India,2022-09-21
1709,Vikram Iyer,Indore,Madhya Pradesh,India,2024-01-05
1710,Anvi Dutta,Bhopal,Madhya Pradesh,India,2023-02-25
1711,Sunita Menon,Ludhiana,Punjab,India,2023-05-08
1712,Aadhya Deshmukh,Kanpur,Uttar Pradesh,India,2023-09-25
1713,Abhishek Yadav,Lucknow,Uttar Pradesh,India,2023-02-15
1714,Kavya Chatterjee,Howrah,West Bengal,India,2022-06-22
1715,Shreya Verma,Indore,Madhya Pradesh,India,2022-01-04
1716,Rekha Joshi,Bhubaneswar,Odisha,India,2024-05-03
1717,Gaurav Deshmukh,Bhubaneswar,Odisha,India,2023-10-02
1718,Shreya Das,Bhubaneswar,Odisha,India,2023-04-17
1719,Dhruv Chauhan,Patna,Bihar,India,2022-04-20
1720,Atharv Chauhan,Mumbai,Maharashtra,India,2024-05-16
1721,Kabir Gupta,Kanpur,Uttar Pradesh,India,2022-02-06
1722,Dhruv Mukherjee,Bhubaneswar,Odisha,India,2023-08-06
1723,Atharv Gupta,Patna,Bihar,India,2024-03-11
1724,Aayush Kulkarni,Noida,Uttar Pradesh,India,2022-01-31
1725,Aditya Dutta,Guwahati,Assam,India,2023-01-16
1726,Dhruv Patel,Ranchi,Jharkhand,India,2022-09-25
1727,Gaurav Nair,Jodhpur,Rajasthan,India,2022-01-11
1728,Suresh Bhat,Bengaluru,Karnataka,India,2022-12-10
1729,Arjun Nambiar,Thiruvananthapuram,Kerala,India,2024-04-19
1730,Meenakshi Tiwari,Nagpur,Maharashtra,India,2023-06-28
1731,Gaurav Rathore,Pune,Maharashtra,India,2023-07-23
1732,Amit Verma,Nagpur,Maharashtra,India,2022-06-15
1733,Vikram Rao,Warangal,Telangana,India,2023-12-01
1734,Sanjay Yadav,Jaipur,Rajasthan,India,2022-12-08
1735,Deepak Bhat,Mysuru,Karnataka,India,2023-04-27
1736,Dhruv Choudhury,Ahmedabad,Gujarat,India,2022-01-19
1737,Ananya Deshmukh,,Jharkhand,India,2023-09-20
1738,Pranav Mishra,Indore,Madhya Pradesh,India,2022-07-03
1739,Aadhya Menon,Bhubaneswar,Odisha,India,2024-02-21
1740,Suresh Kumar,Ludhiana,Punjab,India,2023-06-29
1741,Pooja Rao,Ludhiana,Punjab,India,2022-01-10
1742,Vivaan Saxena,Jaipur,Rajasthan,India,2023-08-15
1743,Meenakshi Bose,Bhubaneswar,Odisha,India,2022-07-11
1744,Ritu Nambiar,Jaipur,Rajasthan,India,2022-11-16
1745,Rekha Banerjee,Nagpur,Maharashtra,India,2023-12-03
1746,Suresh Goswami,Bhubaneswar,Odisha,India,2023-08-03
1747,Nikhil Saxena,Ahmedabad,Gujarat,India,2023-04-20
1748,Shreya Mukherjee,Surat,Gujarat,India,2024-05-09
1749,Sai Chauhan,Warangal,Telangana,India,2023-09-29
1750,Aanya Singh,Howrah,West Bengal,India,2023-03-03
1751,Vikram Yadav,Indore,Madhya Pradesh,India,2024-04-27
1752,Riya Rao,Indore,Madhya Pradesh,India,2022-02-28
1753,Aryan Yadav,Ludhiana,Punjab,India,2023-03-12
1754,Shruti Shah,Chandigarh,Punjab,India,2022-04-07
1755,Atharv Chauhan,Thiruvananthapuram,Kerala,India,2023-05-11
1756,Pooja Banerjee,Warangal,Telangana,India,2024-02-26
1757,Prisha Patil,Chandigarh,Punjab,India,2023-10-23
1758,Ananya Agarwal,Kochi,Kerala,India,2022-10-05
1759,Sneha Bhat,Chennai,Tamil Nadu,India,2022-09-22
1760,Aanya Gupta,Mumbai,Maharashtra,India,2022-01-09
1761,Gaurav Ghosh,Mysuru,Karnataka,India,2023-04-02
1762,Gaurav Pandey,Indore,Madhya Pradesh,India,2024-03-05
1763,Sai Menon,Kanpur,Uttar Pradesh,India,2022-09-30
1764,Reyansh Saxena,Indore,Madhya Pradesh,India,2024-03-23
1765,Ritu Roy,Kolkata,West Bengal,India,2022-01-08
1766,Pranav Iyer,Kolkata,West Bengal,India,2022-07-27
1767,Aryan Joshi,Indore,Madhya Pradesh,India,2023-09-29
1768,Amit Nair,Ranchi,Jharkhand,India,2022-05-03
1769,Aanya Patil,Ahmedabad,Gujarat,India,2022-02-02
1770,Pooja Kumar,Kolkata,West Bengal,India,2023-05-28
1771,Vivaan Dutta,Lucknow,Uttar Pradesh,India,2022-07-23
1772,Aanya Dutta,Indore,Madhya Pradesh,India,2023-06-02
1773,Rahul Verma,Vadodara,Gujarat,India,2024-03-19
1774,Ishan Rathore,Mumbai,Maharashtra,India,2023-06-01
1775,Alok Rathore,Chandigarh,Punjab,India,2023-03-19
1776,Pooja Iyer,Kochi,Kerala,India,2023-08-15
1777,Alok Reddy,Hyderabad,Telangana,India,2024-02-25
1778,Divya Nair,Indore,Madhya Pradesh,India,2023-11-20
1779,Deepak Deshmukh,Patna,Bihar,India,2024-04-29
1780,Aadhya Patil,Ahmedabad,Gujarat,India,2024-04-12
1781,Pranav Banerjee,Howrah,West Bengal,India,2022-12-05
1782,Meenakshi Pandey,Lucknow,Uttar Pradesh,India,2023-03-14
1783,Divya Verma,Bhopal,Madhya Pradesh,India,2023-03-21
1784,Ritu Iyer,Kanpur,Uttar Pradesh,India,2022-05-16
1785,Aditya Pandey,Vadodara,Gujarat,India,2023-01-22
1786,Pihu Agarwal,Warangal,Telangana,India,2022-01-25
1787,Sai Chatterjee,Kanpur,Uttar Pradesh,India,2023-05-21
1788,Alok Nambiar,Coimbatore,Tamil Nadu,India,2022-11-21
1789,Advik Kapoor,Hyderabad,Telangana,India,2023-11-26
1790,Aayush Gupta,Lucknow,Uttar Pradesh,India,2023-11-11
1791,Amit Kapoor,Jaipur,Rajasthan,India,2022-12-04
1792,Alok Gupta,,Uttar Pradesh,India,2023-11-21
1793,Sneha Rathore,Patna,Bihar,India,2024-06-03
1794,Shruti Sharma,Mysuru,Karnataka,India,2022-04-05
1795,Atharv Rathore,Patna,Bihar,India,2023-06-29
1796,Sanjay Nambiar,Chennai,Tamil Nadu,India,2023-09-15
1797,Advik Yadav,Chandigarh,Punjab,India,2022-05-26
1798,Abhishek Ghosh,Ahmedabad,Gujarat,India,2024-06-11
1799,Rahul Joshi,Kochi,Kerala,India,2022-08-19
1800,Ritvik Tiwari,Chandigarh,Punjab,India,2024-02-23
1801,Shruti Menon,Thiruvananthapuram,Kerala,India,2024-04-27
1802,Anita Singh,Warangal,Telangana,India,2023-05-10
1803,Sai Roy,Jaipur,Rajasthan,India,2022-02-07
1804,Sanjay Reddy,Ahmedabad,Gujarat,India,2023-03-01
1805,Riya Bose,Ahmedabad,Gujarat,India,2023-10-09
1806,Vivaan Deshmukh,Jodhpur,Rajasthan,India,2024-04-25
1807,Shruti Deshmukh,Indore,Madhya Pradesh,India,2024-01-17
1808,Suresh Patel,Noida,Uttar Pradesh,India,2023-03-13
1809,Abhishek Nambiar,Bengaluru,Karnataka,India,2024-04-10
1810,Arjun Agarwal,Ludhiana,Punjab,India,2023-01-03
1811,Saanvi Shah,Chandigarh,Punjab,India,2022-12-11
1812,Ishan Jain,Bhubaneswar,Odisha,India,2022-06-09
1813,Vivaan Das,Jodhpur,Rajasthan,India,2023-07-04
1814,Shaurya Saxena,Bhubaneswar,Odisha,India,2023-10-24
1815,Neha Das,Chennai,Tamil Nadu,India,2024-06-30
1816,Abhishek Iyer,Pune,Maharashtra,India,2024-03-30
1817,Swati Pillai,Kochi,Kerala,India,2023-06-25
1818,Krishna Yadav,Thiruvananthapuram,Kerala,India,2022-05-24
1819,Amit Kumar,Lucknow,Uttar Pradesh,India,2023-08-11
1820,Manish Sharma,Chennai,Tamil Nadu,India,2023-10-19
1821,Rekha Saxena,Mysuru,Karnataka,India,2024-01-11
1822,Reyansh Roy,Kolkata,West Bengal,India,2023-07-30
1823,Dhruv Shah,Kochi,Kerala,India,2024-05-08
1824,Vihaan Ghosh,Guwahati,Assam,India,2022-12-11
1825,Vihaan Nambiar,Mysuru,Karnataka,India,2022-09-26
1826,Diya Goswami,Mysuru,Karnataka,India,2024-04-19
1827,Kabir Deshmukh,Ahmedabad,Gujarat,India,2023-11-27
1828,Ritu Mehta,Kolkata,West Bengal,India,2024-02-12
1829,Ritu Shah,Surat,Gujarat,India,2022-09-25
1830,Aadhya Mishra,Pune,Maharashtra,India,2022-06-18
1831,Ananya Dutta,Warangal,Telangana,India,2024-02-10
1832,Neha Chauhan,Nagpur,Maharashtra,India,2024-01-09
1833,Anita Singh,Indore,Madhya Pradesh,India,2022-02-02
1834,Anita Dutta,Chandigarh,Punjab,India,2023-01-12
1835,Rekha Joshi,Nagpur,Maharashtra,India,2022-08-02
1836,Reyansh Kapoor,Mumbai,Maharashtra,India,2023-07-16
1837,Kunal Chatterjee,Bhopal,Madhya Pradesh,India,2023-03-16
1838,Pranav Verma,Kanpur,Uttar Pradesh,India,2023-05-07
1839,Arjun Kumar,Lucknow,Uttar Pradesh,India,2023-01-28
1840,Shreya Nair,Jodhpur,Rajasthan,India,2023-05-04
1841,Vivaan Pillai,Noida,Uttar Pradesh,India,2023-12-23
1842,Rekha Kapoor,Guwahati,Assam,India,2022-01-29
1843,Amit Tiwari,Bhopal,Madhya Pradesh,India,2022-02-08
1844,Amit Das,Ahmedabad,Gujarat,India,2024-05-08
1845,Ishan Iyer,Nagpur,Maharashtra,India,2023-09-04
1846,Sunita Bhat,Ranchi,Jharkhand,India,2022-06-22
1847,Pari Tiwari,Mumbai,Maharashtra,India,2022-01-17
1848,Arjun Nambiar,Delhi,Delhi,India,2022-02-25
1849,Meenakshi Reddy,Kochi,Kerala,India,2022-08-14
1850,Advik Gupta,Ahmedabad,Gujarat,India,2023-07-12
1851,Simran Tiwari,Jodhpur,Rajasthan,India,2022-03-08
1852,Sneha Goswami,Bhubaneswar,Odisha,United States,2022-07-16
1853,Sanjay Bhat,Ranchi,Jharkhand,India,2023-10-16
1854,Aadhya Deshmukh,Kolkata,West Bengal,India,2024-04-14
1855,Shruti Patil,Pune,Maharashtra,India,2022-01-23
1856,Shaurya Joshi,Kochi,Kerala,India,2023-08-29
1857,Anita Goswami,Jaipur,Rajasthan,India,2024-01-24
1858,Amit Nair,Pune,Maharashtra,India,2022-08-25
1859,Ritu Ghosh,Guwahati,Assam,India,2023-07-20
1860,Shreya Nair,Kanpur,Uttar Pradesh,India,2022-05-18
1861,Nikhil Rathore,Indore,Madhya Pradesh,India,2023-04-18
1862,Saanvi Goswami,Kanpur,Uttar Pradesh,India,2024-04-24
1863,Ritu Roy,Kochi,Kerala,India,2024-02-23
1864,Ritu Kapoor,Jaipur,Rajasthan,India,2023-07-07
1865,Varun Bhat,Ludhiana,Punjab,India,2023-09-02
1866,Ananya Kulkarni,Kanpur,Uttar Pradesh,India,2023-11-26
1867,Prisha Jain,Chennai,Tamil Nadu,India,2023-10-02
1868,Amit Nambiar,Mumbai,Maharashtra,India,2022-08-17
1869,Prisha Menon,Coimbatore,Tamil Nadu,India,2022-11-13
1870,Advik Nambiar,Kanpur,Uttar Pradesh,India,2023-08-21
1871,Kiran Deshmukh,Mumbai,Maharashtra,India,2024-02-07
1872,Kabir Goswami,Pune,Maharashtra,India,2023-12-22
1873,Krishna Gupta,Jaipur,Rajasthan,India,2023-12-28
1874,Pihu Patil,Howrah,West Bengal,India,2024-06-04
1875,Aarav Mehta,Warangal,Telangana,India,2023-09-04
1876,Vivaan Ghosh,Indore,Madhya Pradesh,India,2023-07-15
1877,Shruti Reddy,Lucknow,Uttar Pradesh,India,2022-07-20
1878,Meera Mukherjee,Pune,Maharashtra,India,2022-09-15
1879,Varun Mishra,Kochi,Kerala,India,2023-04-25
1880,Ishan Patel,Guwahati,Assam,India,2024-06-06
1881,Sunita Chauhan,Ahmedabad,Gujarat,India,2022-06-27
1882,Shruti Mukherjee,Mysuru,Karnataka,India,2024-01-27
1883,Amit Verma,Chandigarh,Punjab,India,2022-05-03
1884,Manish Reddy,Thiruvananthapuram,Kerala,India,2022-12-08
1885,Saanvi Mishra,Mysuru,Karnataka,India,2022-06-20
1886,Aayush Das,Chennai,Tamil Nadu,India,2024-04-24
1887,Preeti Mukherjee,Jaipur,Rajasthan,India,2023-10-10
1888,Pooja Agarwal,Kolkata,West Bengal,India,2022-02-28
1889,Kabir Jain,Hyderabad,Telangana,India,2023-12-06
1890,Shruti Nair,Coimbatore,Tamil Nadu,India,2023-04-10
1891,Sneha Choudhury,Coimbatore,Tamil Nadu,India,2024-02-19
1892,Sanjay Yadav,Ranchi,Jharkhand,India,2022-09-17
1893,Anvi Mehta,Kochi,Kerala,India,2023-01-08
1894,Meenakshi Mehta,Noida,Uttar Pradesh,India,2022-04-05
1895,Aayush Ghosh,Lucknow,Uttar Pradesh,India,2022-05-05
1896,Riya Iyer,Bhubaneswar,Odisha,India,2022-02-10
1897,Aarav Patel,Bhopal,Madhya Pradesh,India,2024-06-09
1898,Priya Das,Noida,Uttar Pradesh,India,2022-09-11
1899,Rajesh Kapoor,Guwahati,Assam,India,2022-01-07
1900,Rajesh Mishra,Chennai,Tamil Nadu,India,2023-04-16
1901,Kabir Kulkarni,Vadodara,Gujarat,India,2023-12-29
1902,Arjun Nair,Delhi,Delhi,India,2023-05-26
1903,Rahul Nambiar,Warangal,Telangana,India,2023-08-04
1904,Amit Nair,Chennai,Tamil Nadu,India,2022-03-10
1905,Sunita Chatterjee,Ahmedabad,Gujarat,India,2022-03-22
1906,Abhishek Tiwari,Chennai,Tamil Nadu,India,2023-06-26
1907,Shaurya Chatterjee,Thiruvananthapuram,Kerala,India,2023-08-08
1908,Ritu Agarwal,Delhi,Delhi,India,2022-09-19
1909,Aryan Nair,Jodhpur,Rajasthan,India,2022-03-30
1910,Reyansh Ghosh,Jaipur,Rajasthan,India,2022-07-27
1911,Manish Mehta,Vadodara,Gujarat,India,2022-08-01
1912,Priya Agarwal,Nagpur,Maharashtra,India,2024-04-13
1913,Sunita Mishra,Kochi,Kerala,India,2022-09-23
1914,Arjun Reddy,Noida,Uttar Pradesh,India,2024-06-30
1915,Arjun Roy,Bengaluru,Karnataka,India,2022-10-20
1916,Aayush Mukherjee,Indore,Madhya Pradesh,India,2022-07-26
1917,Kiran Sharma,Bengaluru,Karnataka,India,2022-11-29
1918,Ishan Singh,Noida,Uttar Pradesh,India,2022-03-18
1919,Ananya Patel,Vadodara,Gujarat,India,2022-10-15
1920,Aayush Sharma,Lucknow,Uttar Pradesh,India,2022-02-16
1921,Alok Deshmukh,Vadodara,Gujarat,India,2023-09-14
1922,Pooja Dutta,Pune,Maharashtra,India,2022-07-19
1923,Neha Iyer,Guwahati,Assam,India,2023-03-03
1924,Pooja Roy,Ahmedabad,Gujarat,India,2022-07-29
1925,Aadhya Roy,Delhi,Delhi,India,2024-06-06
1926,Pihu Banerjee,Coimbatore,Tamil Nadu,United Arab Emirates,2023-02-24
1927,Rekha Chauhan,Ahmedabad,Gujarat,India,2022-06-03
1928,Ishan Kulkarni,Coimbatore,Tamil Nadu,India,2023-06-06
1929,Amit Das,Guwahati,Assam,India,2023-02-19
1930,Aadhya Pillai,Chennai,Tamil Nadu,India,2022-12-19
1931,Atharv Deshmukh,Warangal,Telangana,India,2022-06-06
1932,Vivaan Iyer,Nagpur,Maharashtra,India,2022-09-18
1933,Advik Dutta,Jaipur,Rajasthan,India,2022-03-18
1934,Simran Das,Surat,Gujarat,India,2024-02-08
1935,Sanjay Rathore,Chennai,Tamil Nadu,India,2023-05-03
1936,Dhruv Kapoor,Ranchi,Jharkhand,India,2022-05-11
1937,Sanjay Gupta,Chandigarh,Punjab,India,2023-08-02
1938,Sanjay Yadav,Kolkata,West Bengal,India,2023-03-31
1939,Shaurya Pandey,Nagpur,Maharashtra,India,2024-01-10
1940,Ishan Rathore,Bengaluru,Karnataka,India,2022-06-12
1941,Aryan Joshi,Guwahati,Assam,India,2022-01-15
1942,Kabir Joshi,Coimbatore,Tamil Nadu,India,2022-08-20
1943,Diya Verma,Ahmedabad,Gujarat,India,2022-07-14
1944,Ritvik Saxena,Delhi,Delhi,India,2024-05-10
1945,Shreya Kapoor,Bhopal,Madhya Pradesh,India,2023-06-26
1946,Alok Verma,Ahmedabad,Gujarat,India,2022-12-25
1947,Preeti Menon,Howrah,West Bengal,India,2024-04-29
1948,Vikram Pandey,Bengaluru,Karnataka,India,2022-11-27
1949,Gaurav Nair,Coimbatore,Tamil Nadu,India,2023-03-03
1950,Anvi Kumar,Bhubaneswar,Odisha,India,2023-05-12
1951,Sanjay Dutta,Bhopal,Madhya Pradesh,India,2024-04-07
1952,Priya Roy,Chennai,Tamil Nadu,India,2023-05-01
1953,Tanvi Das,Noida,Uttar Pradesh,India,2024-03-18
1954,Amit Kumar,Hyderabad,Telangana,India,2023-03-25
1955,Sanjay Chauhan,Pune,Maharashtra,India,2023-02-17
1956,Pari Dutta,Ludhiana,Punjab,India,2022-11-26
1957,Atharv Pandey,Bhopal,Madhya Pradesh,India,2024-01-02
1958,Kavya Rathore,Bhubaneswar,Odisha,India,2024-06-07
1959,Ritvik Banerjee,Indore,Madhya Pradesh,India,2022-05-27
1960,Amit Das,Hyderabad,Telangana,India,2022-09-16
1961,Advik Patil,Warangal,Telangana,India,2022-10-19
1962,Amit Singh,Hyderabad,Telangana,India,2024-03-21
1963,Aayush Patil,Chandigarh,Punjab,India,2022-05-23
1964,Tanvi Tiwari,Indore,Madhya Pradesh,India,2024-01-17
1965,Reyansh Agarwal,Guwahati,Assam,India,2023-09-19
1966,Suresh Jain,Surat,Gujarat,India,2022-12-31
1967,Vikram Rao,Thiruvananthapuram,Kerala,India,2022-03-31
1968,Vikram Goswami,Kanpur,Uttar Pradesh,India,2023-12-21
1969,Varun Das,Bengaluru,Karnataka,India,2022-06-13
1970,Advik Saxena,Indore,Madhya Pradesh,India,2023-04-26
1971,Vivaan Banerjee,Kochi,Kerala,India,2022-03-25
1972,Varun Bhat,Lucknow,Uttar Pradesh,India,2022-03-18
1973,Ritu Kumar,Noida,Uttar Pradesh,India,2023-11-04
1974,Kunal Deshmukh,Howrah,West Bengal,India,2023-06-01
1975,Neha Bhat,Indore,Madhya Pradesh,India,2023-04-30
1976,Suresh Rathore,Jodhpur,Rajasthan,India,2023-08-13
1977,Anvi Das,Ahmedabad,Gujarat,India,2023-08-26
1978,Vikram Bose,Pune,Maharashtra,India,2023-08-22
1979,Riya Iyer,Kochi,Kerala,India,2024-02-21
1980,Aaradhya Banerjee,Ahmedabad,Gujarat,India,2022-04-14
1981,Deepa Rathore,Thiruvananthapuram,Kerala,India,2023-03-28
1982,Swati Chauhan,Hyderabad,Telangana,India,2023-05-02
1983,Aditya Mukherjee,Bhubaneswar,Odisha,India,2022-12-05
1984,Anita Nair,Coimbatore,Tamil Nadu,India,2023-11-18
1985,Rohan Choudhury,Indore,Madhya Pradesh,India,2023-07-20
1986,Suresh Singh,Mysuru,Karnataka,India,2024-06-18
1987,Varun Choudhury,Nagpur,Maharashtra,India,2023-04-23
1988,Gaurav Das,Thiruvananthapuram,Kerala,India,2023-12-24
1989,Pari Kapoor,Nagpur,Maharashtra,India,2023-08-30
1990,Alok Jain,Lucknow,Uttar Pradesh,India,2022-08-11
1991,Aayush Reddy,Kolkata,West Bengal,India,2022-01-09
1992,Sunita Nambiar,Ludhiana,Punjab,India,2022-02-22
1993,Dhruv Deshmukh,Noida,Uttar Pradesh,India,2022-03-18
1994,Aarav Saxena,Bengaluru,Karnataka,India,2023-12-19
1995,Arjun Das,Kanpur,Uttar Pradesh,India,2023-05-18
1996,Aditya Gupta,Ludhiana,Punjab,India,2022-11-12
1997,Meenakshi Saxena,Patna,Bihar,India,2024-03-24
1998,Vihaan Dutta,Bhubaneswar,Odisha,India,2024-04-01
1999,Kiran Kumar,Kanpur,Uttar Pradesh,India,2024-04-21
2000,Ishan Dutta,Ranchi,Jharkhand,India,2023-09-16
402,Rajesh Rathore,Delhi,Delhi,India,2022-02-12
1433,Aadhya Roy,Surat,Gujarat,India,2023-09-11
827,Riya Sharma,Howrah,West Bengal,India,2023-11-29
1261,Kavya Joshi,Indore,Madhya Pradesh,India,2023-02-17
48,Aadhya Patil,Jodhpur,Rajasthan,India,2023-07-02
1418,Sunita Pandey,Kochi,Kerala,India,2023-04-07
374,Aanya Goswami,Chennai,Tamil Nadu,India,2024-03-09
1111,Pari Mukherjee,Chandigarh,Punjab,India,2023-11-12
1163,Kavya Sharma,Mysuru,Karnataka,India,2022-12-22
76,Aarav Das,Chennai,Tamil Nadu,India,2024-02-10
511,Atharv Dutta,Noida,Uttar Pradesh,India,2022-11-26
1629,Anvi Rathore,Kolkata,West Bengal,India,2023-06-12
460,Aayush Iyer,Kochi,Kerala,India,2023-05-24
376,Deepak Rathore,Noida,Uttar Pradesh,India,2023-05-10
1040,Prisha Rao,Warangal,Telangana,India,2023-06-22
