order_id,customer_id,order_date,payment_method,order_status
1,31,2025-11-30,Credit Card,Completed
2,1893,2024-10-27,UPI,Completed
3,1083,2024-04-20,Net Banking,Returned
4,1916,2024-11-23,UPI,Completed
5,898,2022-09-13,UPI,Completed
6,1377,2025-05-24,UPI,Completed
7,935,2024-02-13,UPI,Completed
8,445,2025-08-19,UPI,Completed
9,1259,2024-01-17,Credit Card,Cancelled
10,1131,2024-08-22,Cash on Delivery,Processing
11,1215,2025-11-30,UPI,Returned
12,530,2024-01-24,Credit Card,Shipped
13,1937,2025-05-30,Debit Card,Completed
14,738,2024-03-30,UPI,Cancelled
15,1703,2025-08-17,UPI,Cancelled
16,1607,2026-01-01,UPI,Processing
17,874,2026-01-01,Cash on Delivery,Processing
18,566,2024-10-06,Cash on Delivery,Shipped
19,1269,2025-05-06,UPI,Completed
20,1886,2025-06-25,UPI,Completed
21,76,2025-04-10,Debit Card,Completed
22,547,2025-01-16,Credit Card,Completed
23,267,2024-05-27,Debit Card,Processing
24,317,2024-09-29,UPI,Processing
25,1836,2025-01-24,Net Banking,Completed
26,1145,2023-04-14,Debit Card,Completed
27,1860,2024-11-23,UPI,Completed
28,25,2024-06-24,Credit Card,Completed
29,1456,2025-06-07,UPI,Completed
30,160,2024-11-07,UPI,Completed
31,596,2024-06-13,Credit Card,Completed
32,1138,2024-03-22,UPI,Completed
33,1759,2025-08-14,Credit Card,Completed
34,900,2025-07-21,UPI,Shipped
35,502,2024-01-16,Debit Card,Completed
36,1190,2024-07-22,UPI,Processing
37,1013,2025-04-21,Debit Card,Completed
38,703,2024-02-13,UPI,Completed
39,1199,2024-05-08,UPI,Completed
40,1,2023-12-10,Credit Card,Returned
41,1923,2023-06-18,UPI,Completed
42,741,2024-07-04,UPI,Shipped
43,1110,2024-02-29,Credit Card,Processing
44,1598,2023-12-21,Net Banking,Shipped
45,320,2023-07-14,UPI,Completed
46,1425,2024-09-11,Debit Card,Shipped
47,382,2025-07-22,Credit Card,Cancelled
48,1742,2024-10-27,UPI,Shipped
49,1641,2023-12-01,Credit Card,Processing
50,1342,2024-02-29,Cash on Delivery,Completed
51,1827,2025-01-06,Credit Card,Completed
52,1274,2024-08-07,Cash on Delivery,Shipped
53,1549,2024-09-18,UPI,Completed
54,1699,2024-11-07,Credit Card,Cancelled
55,1579,2025-04-18,UPI,Returned
56,898,2025-10-10,UPI,Processing
57,1976,2024-09-19,Credit Card,Returned
58,1647,2024-10-27,Credit Card,Completed
59,717,2023-05-03,UPI,Cancelled
60,1920,2025-04-03,UPI,Completed
61,1280,2024-06-18,Credit Card,Completed
62,307,2025-06-24,Credit Card,Completed
63,1974,2023-12-08,UPI,Completed
64,1168,2024-01-06,UPI,Cancelled
65,1682,2026-01-01,Debit Card,Completed
66,391,2025-02-25,Debit Card,Cancelled
67,1837,2023-09-08,UPI,Completed
68,1700,2025-09-25,UPI,Processing
69,1193,2024-10-09,UPI,Shipped
70,990,2025-07-30,Cash on Delivery,Shipped
71,298,2023-06-22,Debit Card,Completed
72,233,2023-12-26,UPI,Shipped
73,1927,2023-01-08,Cash on Delivery,Completed
74,271,2023-09-05,UPI,Shipped
75,1084,2024-12-09,UPI,Completed
76,1320,2023-10-23,Cash on Delivery,Completed
77,1491,2025-09-23,Cash on Delivery,Completed
78,1259,2025-12-17,Debit Card,Completed
79,677,2025-08-16,Credit Card,Cancelled
80,706,2025-10-16,UPI,Completed
81,234,2023-05-26,Cash on Delivery,Shipped
82,1392,2025-04-22,Credit Card,Completed
83,1719,2024-06-25,UPI,Returned
84,845,2024-05-21,Credit Card,Completed
85,1256,2026-01-07,Cash on Delivery,Completed
86,1897,2024-06-28,Cash on Delivery,Shipped
87,491,2024-03-13,Credit Card,Shipped
88,1643,2024-11-20,Debit Card,Completed
89,503,2023-12-18,UPI,Completed
90,890,2024-08-15,Credit Card,Completed
91,1759,2026-01-21,Debit Card,Completed
92,592,2025-04-22,UPI,Shipped
93,746,2024-12-10,Cash on Delivery,Completed
94,1405,2024-09-09,Net Banking,Completed
95,1720,2024-11-11,UPI,Completed
96,428,2025-02-23,Cash on Delivery,Completed
97,697,2024-08-03,Debit Card,Shipped
98,646,2022-03-17,Credit Card,Shipped
99,732,2024-08-26,Cash on Delivery,Completed
100,800,2022-11-30,UPI,Completed
101,364,2024-05-28,Debit Card,Completed
102,202,2023-07-04,UPI,Returned
103,882,2022-02-16,Debit Card,Completed
104,146,2025-02-14,Credit Card,Completed
105,836,2023-02-12,UPI,Completed
106,639,2022-10-28,UPI,Returned
107,1481,2022-03-10,UPI,Shipped
108,135,2025-10-09,UPI,Completed
109,626,2024-06-30,UPI,Completed
110,1288,2024-03-28,Debit Card,Shipped
111,64,2022-11-16,Cash on Delivery,Completed
112,491,2024-08-04,Net Banking,Completed
113,1671,2024-08-13,Cash on Delivery,Returned
114,41,2025-10-23,Cash on Delivery,Cancelled
115,1320,2023-07-17,UPI,Cancelled
116,1027,2025-11-11,Debit Card,Completed
117,913,2023-01-19,Debit Card,Completed
118,1730,2024-09-15,UPI,Completed
119,975,2025-05-06,Debit Card,Processing
120,1134,2024-10-19,Credit Card,Shipped
121,1245,2023-11-19,Cash on Delivery,Processing
122,1394,2026-01-19,Debit Card,Cancelled
123,368,2025-06-21,Net Banking,Shipped
124,1460,2024-04-14,UPI,Completed
125,918,2025-03-28,UPI,Completed
126,1028,2025-05-31,Net Banking,Completed
127,244,2025-03-15,UPI,Completed
128,902,2024-06-13,UPI,Completed
129,166,2024-07-29,Credit Card,Shipped
130,1050,2022-08-12,Cash on Delivery,Completed
131,1419,2023-10-20,UPI,Shipped
132,1498,2024-12-21,UPI,Processing
133,1041,2026-01-21,Credit Card,Completed
134,728,2023-10-06,Credit Card,Completed
135,1116,2024-11-25,UPI,Completed
136,483,2025-09-08,Cash on Delivery,Completed
137,543,2024-04-12,Debit Card,Completed
138,1229,2023-10-19,Cash on Delivery,Shipped
139,1526,2023-03-21,UPI,Completed
140,931,2024-04-22,Debit Card,Completed
141,400,2023-06-27,Net Banking,Completed
142,99999,2024-05-13,Credit Card,Completed
143,619,2022-10-02,UPI,Completed
144,1170,2026-01-22,Net Banking,Completed
145,879,2024-11-30,Credit Card,Cancelled
146,101,2025-12-07,Cash on Delivery,Completed
147,880,2022-10-20,UPI,Shipped
148,830,2024-04-07,Debit Card,Completed
149,1904,2022-12-10,Cash on Delivery,Completed
150,1265,2024-03-05,Credit Card,Completed
151,1947,2025-12-17,UPI,Cancelled
152,759,2024-01-16,UPI,Processing
153,163,2026-01-13,UPI,Completed
154,1908,2024-04-07,UPI,Cancelled
155,1197,2023-10-17,Debit Card,Completed
156,502,2024-09-22,UPI,Completed
157,547,2024-05-09,UPI,Completed
158,1308,2024-12-09,UPI,Completed
159,1383,2025-10-25,Credit Card,Completed
160,381,2023-06-29,Credit Card,Completed
161,870,2025-10-11,Debit Card,Cancelled
162,905,2025-09-25,Cash on Delivery,Shipped
163,1996,2025-03-23,UPI,Shipped
164,1935,2024-07-30,Credit Card,Completed
165,1557,2023-02-13,UPI,Shipped
166,1844,2026-01-21,UPI,Completed
167,1187,2025-03-05,Credit Card,Shipped
168,1002,2022-12-03,Cash on Delivery,Returned
169,609,2023-09-02,UPI,Completed
170,307,2024-07-13,UPI,Completed
171,1363,2022-07-27,Debit Card,Completed
172,55,2024-07-03,Debit Card,Returned
173,983,2025-09-04,UPI,Completed
174,333,2025-07-14,Debit Card,Shipped
175,127,2024-05-21,Net Banking,Completed
176,1964,2025-08-26,UPI,Completed
177,705,2023-07-31,UPI,Shipped
178,243,2023-09-25,UPI,Completed
179,1885,2026-01-04,Debit Card,Completed
180,600,2025-10-18,UPI,Completed
181,1872,2025-03-31,Net Banking,Shipped
182,1433,2024-02-27,Debit Card,Completed
183,503,2022-12-23,UPI,Completed
184,1751,2024-10-17,UPI,Processing
185,604,2025-01-30,Credit Card,Completed
186,303,2024-09-18,UPI,Completed
187,1488,2025-04-11,Cash on Delivery,Completed
188,235,2025-03-05,Credit Card,Completed
189,1720,2025-12-15,UPI,Completed
190,1062,2025-01-19,Credit Card,Cancelled
191,139,2024-04-03,UPI,Shipped
192,195,2024-08-08,Credit Card,Completed
193,1551,2025-01-31,UPI,Completed
194,1793,2025-12-05,Credit Card,Completed
195,647,2025-04-09,Credit Card,Completed
196,1,2023-04-13,Credit Card,Cancelled
197,561,2024-07-15,Debit Card,Completed
198,1120,2024-05-11,UPI,Cancelled
199,713,2023-06-12,Credit Card,Completed
200,413,2025-10-03,Credit Card,Completed
201,538,2026-01-24,Credit Card,Completed
202,1879,2025-02-16,Net Banking,Completed
203,429,2023-02-02,UPI,Shipped
204,235,2025-02-19,Debit Card,Completed
205,349,2023-12-23,UPI,Completed
206,1780,2025-01-07,Credit Card,Completed
207,1894,2025-06-05,Debit Card,Shipped
208,1505,2023-03-31,UPI,Cancelled
209,1863,2025-04-12,Debit Card,Completed
210,396,2023-02-18,UPI,Shipped
211,1375,2024-09-29,Credit Card,Completed
212,416,2025-03-06,Debit Card,Shipped
213,1910,2025-03-29,UPI,Processing
214,916,2025-02-26,Debit Card,Completed
215,1911,2026-01-16,UPI,Completed
216,1075,2025-09-19,Debit Card,Returned
217,81,2023-05-14,Credit Card,Completed
218,36,2025-07-14,Debit Card,Processing
219,1091,2025-11-20,Cash on Delivery,Completed
220,641,2023-06-08,UPI,Completed
221,882,2025-09-02,UPI,Processing
222,1691,2023-06-07,Cash on Delivery,Completed
223,757,2023-12-07,UPI,Completed
224,623,2023-05-28,Credit Card,Completed
225,1704,2024-11-09,Net Banking,Completed
226,1505,2024-06-08,Debit Card,Completed
227,468,2026-01-23,UPI,Processing
228,1166,2025-08-05,UPI,Cancelled
229,356,2025-06-08,UPI,Shipped
230,709,2023-06-25,UPI,Processing
231,1495,2023-10-09,UPI,Shipped
232,1645,2024-09-14,Debit Card,Shipped
233,1020,2024-09-08,UPI,Shipped
234,1912,2024-12-22,Net Banking,Completed
235,1615,2025-04-18,Cash on Delivery,Completed
236,902,2024-12-21,Cash on Delivery,Completed
237,673,2024-02-01,UPI,Processing
238,439,2024-08-23,Credit Card,Completed
239,531,2024-09-27,UPI,Completed
240,127,2024-11-03,UPI,Completed
241,205,2022-10-07,Credit Card,Returned
242,29,2024-11-03,Cash on Delivery,Shipped
243,445,2024-12-12,UPI,Completed
244,966,2024-03-27,UPI,Shipped
245,1743,2023-06-09,UPI,Cancelled
246,464,2024-04-29,Debit Card,Completed
247,1304,2023-11-11,Net Banking,Completed
248,151,2025-01-03,UPI,Completed
249,240,2024-11-19,UPI,Completed
250,266,2024-02-08,Cash on Delivery,Cancelled
251,1718,2023-10-22,UPI,Shipped
252,1129,2025-03-10,Debit Card,Shipped
253,1961,2025-08-09,UPI,Completed
254,1457,2025-01-27,Credit Card,Returned
255,913,2022-10-29,Credit Card,Completed
256,497,2024-11-26,Debit Card,Completed
257,1464,2024-12-03,UPI,Completed
258,1772,2025-12-12,UPI,Shipped
259,685,2025-11-19,UPI,Shipped
260,158,2024-12-02,Credit Card,Completed
261,172,2025-10-26,Cash on Delivery,Shipped
262,494,2025-05-19,Cash on Delivery,Completed
263,970,2023-07-25,UPI,Completed
264,1335,2024-02-02,Cash on Delivery,Completed
265,1427,2025-05-15,UPI,Completed
266,1693,2023-03-30,UPI,Processing
267,1794,2023-12-09,Debit Card,Shipped
268,676,2024-01-06,UPI,Completed
269,659,2024-07-04,UPI,Completed
270,903,2025-10-25,UPI,Processing
271,666,2022-12-13,Debit Card,Completed
272,1487,2024-08-11,Credit Card,Completed
273,367,2026-01-22,UPI,Completed
274,550,2023-06-12,Cash on Delivery,Completed
275,643,2024-03-22,Debit Card,Completed
276,1894,2023-08-23,Debit Card,Completed
277,255,2024-03-28,Credit Card,Completed
278,208,2025-01-15,UPI,Completed
279,450,2023-08-05,UPI,Completed
280,95,2024-05-11,Debit Card,Shipped
281,1884,2024-08-10,Debit Card,Processing
282,839,2024-12-13,Net Banking,Completed
283,478,2024-09-23,UPI,Completed
284,683,2024-08-14,UPI,Completed
285,762,2024-10-03,UPI,Completed
286,190,2025-01-15,UPI,Processing
287,711,2025-09-02,Credit Card,Completed
288,1508,2025-12-22,Net Banking,Completed
289,1757,2025-05-03,Credit Card,Completed
290,1560,2025-06-24,Credit Card,Completed
291,756,2024-04-21,Debit Card,Completed
292,1447,2025-09-15,UPI,Cancelled
293,836,2025-08-13,Cash on Delivery,Shipped
294,1664,2024-05-11,Credit Card,Completed
295,1629,2025-08-10,UPI,Cancelled
296,1836,2023-12-02,Credit Card,Completed
297,133,2024-08-11,Credit Card,Completed
298,55,2023-11-02,UPI,Cancelled
299,510,2024-08-15,UPI,Completed
300,670,2022-10-20,UPI,Cancelled
301,1565,2024-07-15,UPI,Completed
302,410,2024-02-16,UPI,Returned
303,1235,2025-10-03,Credit Card,Shipped
304,1690,2024-06-24,Credit Card,Completed
305,1317,2024-07-31,Debit Card,Processing
306,987,2025-09-24,Net Banking,Completed
307,734,2025-01-15,Debit Card,Shipped
308,1139,2024-05-02,Credit Card,Completed
309,1973,2025-01-30,Cash on Delivery,Shipped
310,1694,2025-12-13,Credit Card,Shipped
311,259,2022-11-03,UPI,Shipped
312,1787,2025-01-30,UPI,Processing
313,1146,2025-03-13,Debit Card,Processing
314,299,2026-01-14,Debit Card,Completed
315,1799,2025-10-26,Net Banking,Cancelled
316,1405,2026-01-20,Credit Card,Shipped
317,561,2025-07-19,Cash on Delivery,Processing
318,1913,2023-04-09,UPI,Returned
319,1865,2026-01-28,Credit Card,Completed
320,1525,2024-01-08,Cash on Delivery,Completed
321,297,2024-04-14,UPI,Shipped
322,362,2024-01-05,UPI,Completed
323,589,2025-08-14,UPI,Completed
324,1487,2025-01-01,Debit Card,Processing
325,1462,2024-03-16,UPI,Completed
326,127,2025-05-23,Credit Card,Cancelled
327,197,2025-10-11,UPI,Returned
328,221,2025-10-10,UPI,Completed
329,995,2025-06-24,Net Banking,Shipped
330,91,2022-08-16,UPI,Completed
331,411,2025-11-12,UPI,Shipped
332,8,2023-12-14,UPI,Completed
333,544,2023-10-08,Credit Card,Processing
334,468,2025-10-26,UPI,Completed
335,320,2023-10-21,Credit Card,Shipped
336,1418,2023-12-10,Net Banking,Shipped
337,269,2023-11-05,UPI,Completed
338,1215,2022-10-29,UPI,Processing
339,1885,2023-09-03,Credit Card,Returned
340,1699,2026-01-24,Credit Card,Completed
341,61,2024-04-20,UPI,Shipped
342,1462,2025-11-28,Credit Card,Completed
343,1288,2022-08-24,Net Banking,Completed
344,797,2025-02-04,UPI,Completed
345,1119,2025-12-26,Credit Card,Completed
346,553,2024-07-30,UPI,Completed
347,926,2025-10-15,Credit Card,Shipped
348,1494,2026-01-23,Credit Card,Completed
349,661,2024-04-30,Credit Card,Completed
350,716,2023-07-11,Credit Card,Shipped
351,779,2023-02-25,UPI,Completed
352,1538,2025-04-23,Debit Card,Completed
353,1714,2025-09-14,Credit Card,Completed
354,1961,2025-05-27,UPI,Completed
355,194,2026-01-01,Net Banking,Returned
356,482,2025-03-24,UPI,Processing
357,1923,2023-12-02,Debit Card,Completed
358,1360,2024-08-22,UPI,Completed
359,1459,2023-12-01,Credit Card,Cancelled
360,1220,2025-04-29,UPI,Cancelled
361,855,2023-11-10,UPI,Completed
362,1273,2024-08-24,UPI,Processing
363,498,2024-12-01,Debit Card,Completed
364,212,2025-10-29,Debit Card,Completed
365,665,2025-10-07,Credit Card,Completed
366,670,2023-04-11,Cash on Delivery,Returned
367,1490,2024-07-03,Cash on Delivery,Shipped
368,1898,2024-02-09,Credit Card,Completed
369,1675,2024-01-02,Debit Card,Shipped
370,221,2025-04-20,UPI,Completed
371,273,2025-04-28,Cash on Delivery,Completed
372,1178,2024-08-02,Cash on Delivery,Completed
373,1273,2023-04-16,UPI,Completed
374,279,2025-05-05,Credit Card,Completed
375,1464,2024-08-20,Cash on Delivery,Completed
376,1972,2024-04-02,UPI,Completed
377,816,2025-01-23,UPI,Completed
378,276,2025-09-19,UPI,Completed
379,1005,2025-01-10,,Completed
380,514,2025-09-22,UPI,Completed
381,1112,2024-09-18,UPI,Completed
382,1823,2024-07-11,UPI,Completed
383,923,2025-09-02,Cash on Delivery,Cancelled
384,642,2025-01-21,UPI,Completed
385,505,2024-07-11,Credit Card,Shipped
386,590,2022-10-29,UPI,Completed
387,772,2024-06-02,UPI,Completed
388,1265,2024-02-26,Net Banking,Completed
389,1677,2023-04-04,Cash on Delivery,Shipped
390,740,2024-04-21,Credit Card,Processing
391,675,2025-01-19,Credit Card,Shipped
392,1260,2024-12-06,Credit Card,Completed
393,1014,2024-10-27,UPI,Shipped
394,128,2024-11-19,UPI,Processing
395,503,2026-01-10,UPI,Completed
396,1224,2025-06-16,Net Banking,Returned
397,1986,2025-03-19,UPI,Completed
398,902,2024-03-14,Credit Card,Processing
399,543,2024-04-26,UPI,Completed
400,1526,2025-04-22,UPI,Shipped
401,1674,2024-11-14,Credit Card,Shipped
402,492,2025-08-15,UPI,Completed
403,1045,2022-05-02,Cash on Delivery,Returned
404,1258,2025-10-07,UPI,Completed
405,714,2024-04-25,UPI,Completed
406,791,2025-12-04,Credit Card,Cancelled
407,1667,2022-09-19,Debit Card,Completed
408,416,2024-07-06,UPI,Completed
409,148,2025-12-10,Credit Card,Shipped
410,970,2024-11-21,Debit Card,Shipped
411,29,2025-05-26,UPI,Returned
412,1385,2025-03-12,Cash on Delivery,Shipped
413,308,2024-11-30,UPI,Processing
414,1907,2026-01-21,UPI,Cancelled
415,1966,2025-02-20,Credit Card,Completed
416,162,2024-12-03,UPI,Completed
417,869,2024-04-06,Debit Card,Shipped
418,852,2024-09-20,Credit Card,Completed
419,61,2025-03-24,UPI,Completed
420,125,2023-06-25,Cash on Delivery,Shipped
421,1480,2025-10-12,Debit Card,Returned
422,1095,2024-11-07,Credit Card,Completed
423,838,2023-08-13,UPI,Completed
424,1931,2024-07-31,UPI,Completed
425,1900,2023-11-26,Debit Card,Completed
426,466,2025-11-22,Cash on Delivery,Completed
427,99999,2023-11-19,UPI,Completed
428,1514,2024-09-02,Credit Card,Completed
429,1785,2024-07-28,Credit Card,Completed
430,1245,2024-08-29,UPI,Processing
431,473,2025-08-20,Debit Card,Shipped
432,959,2025-09-10,UPI,Completed
433,533,2025-05-11,UPI,Completed
434,494,2025-09-01,UPI,Completed
435,899,2026-01-02,UPI,Returned
436,82,2024-09-26,UPI,Completed
437,856,2023-01-17,Cash on Delivery,Cancelled
438,879,2025-04-16,Debit Card,Processing
439,1546,2025-02-06,UPI,Completed
440,923,2024-11-10,Debit Card,Completed
441,12,2024-12-04,Debit Card,Processing
442,1287,2024-01-05,UPI,Completed
443,1681,2025-06-19,UPI,Completed
444,449,2025-02-18,UPI,Completed
445,1216,2025-04-18,UPI,Completed
446,762,2024-08-11,Cash on Delivery,Completed
447,1138,2023-07-03,Credit Card,Returned
448,26,2025-03-19,Cash on Delivery,Completed
449,1807,2025-08-16,Debit Card,Shipped
450,1523,2023-11-13,UPI,Completed
451,508,2025-10-01,Cash on Delivery,Completed
452,1569,2024-01-18,UPI,Completed
453,62,2023-06-20,UPI,Returned
454,229,2024-02-23,Credit Card,Completed
455,1839,2025-06-04,UPI,Shipped
456,607,2024-07-18,UPI,Completed
457,1059,2025-03-06,Debit Card,Processing
458,1729,2025-03-12,Cash on Delivery,Completed
459,1480,2024-04-21,UPI,Completed
460,1612,2024-05-27,UPI,Shipped
461,891,2023-01-18,Credit Card,Completed
462,1526,2022-09-09,Credit Card,Completed
463,761,2025-04-12,UPI,Completed
464,595,2024-07-15,Cash on Delivery,Shipped
465,1049,2023-10-17,Credit Card,Completed
466,1593,2024-12-06,Credit Card,Completed
467,1056,2024-02-19,Cash on Delivery,Shipped
468,1855,2025-08-03,Cash on Delivery,Completed
469,1036,2024-09-20,UPI,Completed
470,1343,2023-03-16,UPI,Completed
471,1869,2023-09-15,Debit Card,Cancelled
472,1628,2024-09-13,Net Banking,Completed
473,1,2023-02-06,Debit Card,Shipped
474,1459,2024-04-20,UPI,Completed
475,1862,2024-05-24,Debit Card,Completed
476,1160,2025-08-23,UPI,Completed
477,1220,2025-06-21,Net Banking,Completed
478,133,2023-01-25,UPI,Completed
479,86,2024-08-23,Net Banking,Shipped
480,1500,2025-08-15,UPI,Completed
481,1831,2024-11-01,Net Banking,Completed
482,1815,2025-06-14,UPI,Completed
483,1348,2025-02-09,Debit Card,Completed
484,1204,2025-09-03,Net Banking,Completed
485,516,2022-08-13,,Completed
486,1662,2023-12-16,Debit Card,Completed
487,175,2024-08-04,UPI,Shipped
488,763,2024-12-01,Credit Card,Completed
489,1045,2023-10-29,Cash on Delivery,Shipped
490,997,2024-11-07,UPI,Returned
491,1976,2025-05-09,Debit Card,Completed
492,1129,2025-02-11,Debit Card,Completed
493,578,2025-05-15,UPI,Completed
494,1467,2025-09-11,UPI,Completed
495,1799,2025-04-17,UPI,Shipped
496,49,2025-09-09,UPI,Completed
497,528,2023-09-22,Cash on Delivery,Completed
498,145,2025-06-14,Debit Card,Completed
499,1364,2024-09-07,UPI,Completed
500,762,2025-08-04,UPI,Completed
501,1879,2023-07-11,Debit Card,Completed
502,1378,2025-09-20,UPI,Completed
503,1099,2023-02-26,UPI,Completed
504,1826,2025-02-16,UPI,Completed
505,929,2025-01-25,Cash on Delivery,Processing
506,794,2025-01-15,UPI,Completed
507,1602,2022-12-30,UPI,Completed
508,1661,2025-03-06,Net Banking,Completed
509,319,2025-03-04,UPI,Shipped
510,1111,2024-07-10,Cash on Delivery,Completed
511,1577,2023-08-26,UPI,Completed
512,698,2024-09-15,UPI,Completed
513,1890,2024-04-27,UPI,Returned
514,1916,2023-08-04,UPI,Shipped
515,847,2025-12-26,UPI,Completed
516,1802,2023-12-01,UPI,Completed
517,783,2024-06-08,UPI,Completed
518,42,2025-01-30,UPI,Completed
519,1117,2024-12-30,Debit Card,Shipped
520,1721,2025-12-05,Cash on Delivery,Shipped
521,1751,2026-01-18,Cash on Delivery,Completed
522,1531,2023-12-14,Credit Card,Processing
523,529,2025-08-31,Net Banking,Completed
524,1980,2023-09-28,UPI,Completed
525,1289,2025-08-05,UPI,Completed
526,1650,2024-04-22,UPI,Completed
527,292,2025-02-03,Debit Card,Completed
528,969,2024-06-28,Cash on Delivery,Completed
529,1488,2024-03-09,Credit Card,Completed
530,1828,2026-01-12,UPI,Completed
531,1584,2025-03-11,Debit Card,Cancelled
532,1843,2025-07-06,UPI,Returned
533,97,2024-02-26,Credit Card,Completed
534,1911,2023-06-14,Credit Card,Completed
535,1119,2025-08-14,UPI,Shipped
536,1350,2024-12-27,UPI,Shipped
537,74,2023-04-27,Debit Card,Completed
538,1360,2024-10-08,Credit Card,Completed
539,1092,2024-08-19,UPI,Completed
540,758,2026-01-29,UPI,Completed
541,1942,2025-02-02,Net Banking,Completed
542,1101,2024-06-16,UPI,Shipped
543,208,2025-01-24,UPI,Completed
544,1908,2023-12-03,Credit Card,Completed
545,1790,2023-12-25,Credit Card,Completed
546,1245,2025-05-18,UPI,Completed
547,1286,2025-01-30,UPI,Processing
548,410,2025-10-24,UPI,Completed
549,331,2024-12-16,Credit Card,Processing
550,344,2025-07-19,UPI,Completed
551,989,2024-06-22,Debit Card,Completed
552,771,2024-01-22,Net Banking,Completed
553,1844,2024-12-21,Cash on Delivery,Completed
554,74,2025-08-12,Debit Card,Completed
555,1661,2023-07-09,Credit Card,Completed
556,1724,2025-09-21,Cash on Delivery,Returned
557,254,2025-03-06,Cash on Delivery,Cancelled
558,959,2025-09-05,Cash on Delivery,Completed
559,1857,2024-11-19,UPI,Completed
560,820,2024-07-09,UPI,Shipped
561,1771,2025-08-25,Net Banking,Completed
562,986,2025-03-12,Net Banking,Completed
563,1786,2023-05-16,Credit Card,Completed
564,332,2024-06-22,Net Banking,Completed
565,1422,2024-04-21,Debit Card,Completed
566,1369,2024-05-30,Credit Card,Completed
567,1608,2025-06-01,UPI,Returned
568,747,2025-08-21,Credit Card,Completed
569,836,2024-08-17,Credit Card,Completed
570,1692,2025-11-14,Net Banking,Completed
571,455,2025-02-13,Credit Card,Completed
572,1930,2026-01-13,Cash on Delivery,Cancelled
573,1139,2024-01-02,Cash on Delivery,Completed
574,313,2023-11-06,UPI,Returned
575,1018,2024-03-14,UPI,Completed
576,228,2022-12-10,Credit Card,Processing
577,834,2026-01-04,UPI,Completed
578,858,2023-06-02,Credit Card,Cancelled
579,1269,2024-11-18,UPI,Completed
580,818,2023-10-10,UPI,Completed
581,1550,2023-05-10,UPI,Shipped
582,1018,2023-11-16,UPI,Shipped
583,528,2024-01-18,UPI,Cancelled
584,950,2023-07-31,Net Banking,Completed
585,427,2024-08-20,UPI,Completed
586,42,2025-05-03,Cash on Delivery,Completed
587,465,2023-09-26,Net Banking,Completed
588,1646,2022-06-29,Cash on Delivery,Processing
589,278,2024-07-17,Credit Card,Completed
590,836,2023-12-23,Debit Card,Completed
591,19,2025-04-08,UPI,Shipped
592,66,2024-11-14,UPI,Processing
593,167,2025-10-17,Cash on Delivery,Completed
594,1609,2025-11-19,UPI,Completed
595,1020,2024-01-25,Net Banking,Returned
596,403,2025-09-12,Debit Card,Completed
597,1936,2024-06-21,UPI,Shipped
598,1846,2022-09-25,UPI,Completed
599,409,2026-01-26,Debit Card,Completed
600,112,2025-04-11,Credit Card,Cancelled
601,1298,2023-09-19,Debit Card,Shipped
602,1431,2023-12-20,UPI,Completed
603,1397,2024-11-01,UPI,Completed
604,597,2025-02-03,UPI,Completed
605,651,2025-12-07,UPI,Completed
606,1063,2025-01-30,UPI,Shipped
607,105,2023-09-21,UPI,Shipped
608,99999,2025-05-01,UPI,Cancelled
609,1817,2025-07-05,,Completed
610,1983,2024-04-23,Credit Card,Shipped
611,992,2025-09-25,UPI,Completed
612,1438,2023-10-11,Credit Card,Completed
613,429,2024-06-16,Credit Card,Completed
614,635,2024-02-16,,Cancelled
615,730,2025-03-10,Credit Card,Completed
616,889,2023-01-23,UPI,Completed
617,1085,2024-04-20,UPI,Completed
618,1636,2022-09-15,UPI,Completed
619,1331,2024-12-18,UPI,Cancelled
620,1378,2024-04-27,Credit Card,Completed
621,393,2024-08-23,Cash on Delivery,Shipped
622,204,2023-01-18,UPI,Completed
623,258,2025-03-17,Debit Card,Completed
624,486,2024-10-27,Cash on Delivery,Processing
625,1541,2025-01-08,UPI,Completed
626,446,2026-01-15,Cash on Delivery,Completed
627,1733,2025-01-24,UPI,Completed
628,1204,2025-01-07,Cash on Delivery,Completed
629,1024,2024-02-12,UPI,Completed
630,342,2024-04-13,UPI,Completed
631,133,2022-11-05,Credit Card,Completed
632,443,2024-07-29,Cash on Delivery,Completed
633,1860,2023-04-12,UPI,Completed
634,253,2024-05-21,Debit Card,Completed
635,265,2023-04-29,Debit Card,Completed
636,93,2022-07-30,UPI,Completed
637,1686,2023-12-19,Credit Card,Completed
638,1435,2025-07-05,Credit Card,Completed
639,138,2024-01-06,UPI,Completed
640,1232,2024-11-10,Debit Card,Completed
641,1002,2025-12-30,Net Banking,Completed
642,1661,2024-06-24,Debit Card,Completed
643,1770,2025-08-06,Net Banking,Completed
644,1597,2024-11-18,UPI,Returned
645,307,2025-06-17,UPI,Completed
646,266,2025-07-30,Cash on Delivery,Shipped
647,646,2024-07-20,Cash on Delivery,Completed
648,318,2025-07-11,UPI,Completed
649,1137,2025-04-23,UPI,Completed
650,901,2025-05-19,Cash on Delivery,Completed
651,1402,2025-05-24,UPI,Completed
652,454,2025-02-05,UPI,Completed
653,191,2025-04-08,Debit Card,Shipped
654,1915,2025-02-07,Net Banking,Completed
655,1464,2024-07-21,Debit Card,Completed
656,1211,2024-07-27,Debit Card,Completed
657,831,2025-02-25,UPI,Completed
658,1391,2025-06-22,Debit Card,Shipped
659,1113,2024-03-16,UPI,Shipped
660,187,2025-07-21,Net Banking,Completed
661,819,2023-09-12,Credit Card,Completed
662,1970,2023-05-23,Credit Card,Completed
663,1021,2023-11-27,Cash on Delivery,Completed
664,132,2025-01-06,UPI,Returned
665,872,2024-10-26,Net Banking,Completed
666,635,2022-12-27,UPI,Cancelled
667,1584,2023-09-03,UPI,Cancelled
668,1824,2025-05-20,UPI,Completed
669,1400,2024-08-01,Cash on Delivery,Completed
670,691,2024-03-05,Cash on Delivery,Shipped
671,692,2022-08-17,UPI,Completed
672,1123,2025-10-21,UPI,Completed
673,1866,2024-09-29,Cash on Delivery,Completed
674,1058,2023-01-07,UPI,Completed
675,1956,2023-09-14,Credit Card,Completed
676,582,2024-12-19,Credit Card,Completed
677,171,2023-10-22,Cash on Delivery,Shipped
678,1390,2024-05-17,Credit Card,Returned
679,784,2023-12-29,UPI,Completed
680,1083,2023-03-14,Net Banking,Completed
681,181,2024-12-26,UPI,Completed
682,19,2025-10-18,UPI,Completed
683,1250,2025-07-10,UPI,Completed
684,1497,2025-06-12,Net Banking,Shipped
685,1119,2025-11-16,Debit Card,Completed
686,881,2024-02-23,UPI,Shipped
687,1321,2024-08-24,Debit Card,Shipped
688,1617,2025-02-04,UPI,Completed
689,175,2025-11-22,Net Banking,Completed
690,1246,2023-06-17,UPI,Completed
691,1639,2025-02-25,Debit Card,Shipped
692,54,2023-11-21,Credit Card,Completed
693,695,2024-12-09,UPI,Completed
694,863,2025-11-07,Cash on Delivery,Shipped
695,1427,2025-02-01,UPI,Completed
696,1342,2025-02-15,Debit Card,Shipped
697,1891,2025-03-30,Debit Card,Completed
698,349,2024-11-04,Credit Card,Shipped
699,443,2026-01-05,UPI,Completed
700,833,2025-10-11,Net Banking,Shipped
701,580,2025-08-12,UPI,Completed
702,1564,2025-05-26,Credit Card,Completed
703,99999,2023-12-21,Debit Card,Completed
704,282,2025-11-29,Net Banking,Processing
705,360,2023-12-12,Credit Card,Completed
706,915,2024-03-16,UPI,Returned
707,823,2023-04-03,Cash on Delivery,Completed
708,1655,2025-12-09,UPI,Shipped
709,892,2024-12-07,UPI,Completed
710,953,2025-05-19,Cash on Delivery,Completed
711,1670,2024-04-25,Credit Card,Shipped
712,641,2023-10-25,UPI,Completed
713,1032,2024-04-14,Credit Card,Completed
714,563,2025-03-06,UPI,Completed
715,491,2024-07-17,UPI,Completed
716,341,2026-01-06,UPI,Completed
717,472,2024-05-02,Debit Card,Completed
718,1817,2025-07-09,Debit Card,Completed
719,1711,2024-06-20,Credit Card,Completed
720,1719,2024-11-23,UPI,Shipped
721,1728,2023-01-22,Debit Card,Completed
722,249,2023-09-12,UPI,Completed
723,235,2025-11-15,Credit Card,Shipped
724,1107,2022-05-16,Cash on Delivery,Completed
725,1117,2025-04-21,Credit Card,Completed
726,1909,2023-08-02,Credit Card,Completed
727,1418,2023-09-13,Net Banking,Processing
728,824,2024-05-07,Credit Card,Completed
729,1292,2023-01-26,Credit Card,Completed
730,1441,2024-07-07,Credit Card,Completed
731,632,2025-07-25,UPI,Completed
732,1607,2024-02-07,Debit Card,Shipped
733,529,2023-05-20,Debit Card,Shipped
734,1277,2025-05-05,UPI,Shipped
735,1981,2024-05-24,UPI,Completed
736,122,2025-12-11,Net Banking,Processing
737,892,2025-04-01,Credit Card,Completed
738,10,2024-09-02,UPI,Completed
739,1823,2025-04-06,UPI,Completed
740,1340,2023-06-15,Credit Card,Shipped
741,838,2024-03-15,UPI,Cancelled
742,1297,2022-04-14,UPI,Completed
743,1330,2024-09-23,Debit Card,Processing
744,1829,2024-07-07,Debit Card,Shipped
745,1234,2023-09-08,UPI,Completed
746,1982,2025-04-29,UPI,Shipped
747,1754,2024-02-09,Credit Card,Completed
748,753,2022-08-13,UPI,Processing
749,886,2025-11-27,UPI,Shipped
750,464,2024-10-31,UPI,Completed
751,712,2024-02-14,UPI,Processing
752,728,2025-03-12,UPI,Completed
753,717,2023-07-05,Net Banking,Processing
754,1949,2024-08-01,UPI,Completed
755,1440,2025-12-22,UPI,Shipped
756,1240,2025-02-11,UPI,Completed
757,80,2025-07-24,Credit Card,Shipped
758,1803,2024-11-12,Cash on Delivery,Completed
759,480,2024-10-11,UPI,Processing
760,902,2024-03-29,Cash on Delivery,Completed
761,891,2025-04-30,UPI,Completed
762,1571,2025-09-03,Cash on Delivery,Completed
763,1825,2022-11-27,UPI,Shipped
764,18,2025-09-29,UPI,Completed
765,1189,2024-10-21,UPI,Completed
766,1549,2024-12-17,UPI,Processing
767,202,2023-06-06,Credit Card,Processing
768,741,2024-07-06,Credit Card,Completed
769,1370,2024-03-13,Debit Card,Completed
770,1390,2023-11-11,UPI,Completed
771,1472,2024-08-25,Credit Card,Processing
772,1537,2024-09-29,UPI,Processing
773,319,2025-06-13,Credit Card,Processing
774,217,2023-02-03,UPI,Shipped
775,1058,2024-05-31,UPI,Completed
776,1895,2025-08-17,UPI,Completed
777,266,2024-03-10,Cash on Delivery,Completed
778,1664,2025-09-17,Debit Card,Completed
779,724,2024-11-08,UPI,Cancelled
780,775,2024-01-14,UPI,Completed
781,1848,2025-06-27,UPI,Cancelled
782,1104,2023-11-06,UPI,Processing
783,1701,2023-07-24,Credit Card,Processing
784,413,2025-03-03,UPI,Completed
785,1276,2023-01-15,UPI,Completed
786,1036,2024-06-08,Credit Card,Completed
787,401,2025-11-23,UPI,Completed
788,1840,2025-11-13,UPI,Completed
789,724,2022-07-17,Credit Card,Completed
790,282,2024-05-19,UPI,Shipped
791,1136,2024-06-25,Cash on Delivery,Cancelled
792,723,2023-11-15,Debit Card,Processing
793,1402,2024-02-09,UPI,Completed
794,751,2025-05-25,UPI,Cancelled
795,268,2025-06-08,UPI,Shipped
796,1941,2022-02-19,UPI,Shipped
797,298,2023-08-15,Net Banking,Completed
798,1341,2022-04-17,UPI,Shipped
799,570,2024-08-24,Cash on Delivery,Shipped
800,509,2025-09-06,Credit Card,Completed
801,1974,2025-06-04,Cash on Delivery,Completed
802,546,2024-03-19,Debit Card,Processing
803,775,2024-12-07,Debit Card,Cancelled
804,365,2025-12-09,Credit Card,Processing
805,547,2025-06-22,Cash on Delivery,Completed
806,271,2023-06-04,UPI,Completed
807,1985,2025-02-01,Cash on Delivery,Completed
808,1498,2024-10-24,Credit Card,Shipped
809,739,2024-07-30,UPI,Processing
810,537,2022-10-06,Net Banking,Completed
811,1258,2023-07-24,Cash on Delivery,Cancelled
812,59,2025-06-10,Debit Card,Shipped
813,1275,2024-09-03,UPI,Completed
814,1871,2024-05-16,Net Banking,Completed
815,86,2025-09-28,Debit Card,Completed
816,763,2024-12-17,Credit Card,Completed
817,390,2026-01-11,Net Banking,Completed
818,1204,2025-03-23,UPI,Shipped
819,719,2024-04-30,UPI,Shipped
820,856,2023-02-28,Credit Card,Completed
821,149,2024-12-02,UPI,Completed
822,583,2025-07-26,Debit Card,Completed
823,121,2024-11-28,UPI,Completed
824,765,2023-12-10,UPI,Cancelled
825,605,2023-08-10,UPI,Completed
826,256,2023-08-09,Credit Card,Completed
827,766,2025-01-11,UPI,Completed
828,864,2023-03-02,UPI,Shipped
829,800,2023-05-05,UPI,Completed
830,1333,2023-08-02,Debit Card,Completed
831,59,2024-06-29,Cash on Delivery,Shipped
832,1022,2024-08-29,UPI,Completed
833,1093,2024-10-07,Credit Card,Completed
834,1470,2025-09-28,UPI,Shipped
835,388,2023-09-27,UPI,Shipped
836,1110,2023-11-01,Net Banking,Processing
837,786,2025-10-17,UPI,Completed
838,1251,2025-03-13,UPI,Completed
839,593,2023-10-28,UPI,Completed
840,1650,2025-10-18,Net Banking,Shipped
841,1208,2024-11-26,Credit Card,Completed
842,1816,2024-05-16,Credit Card,Completed
843,1346,2024-12-19,Credit Card,Completed
844,909,2024-08-07,UPI,Shipped
845,1342,2023-05-26,Cash on Delivery,Completed
846,566,2025-03-24,UPI,Completed
847,399,2024-06-28,Debit Card,Completed
848,1733,2024-01-25,Credit Card,Processing
849,899,2025-03-16,UPI,Returned
850,1317,2026-01-09,UPI,Completed
851,293,2024-03-01,Credit Card,Completed
852,485,2024-03-20,UPI,Completed
853,1923,2025-03-08,UPI,Completed
854,1471,2023-01-13,UPI,Completed
855,803,2023-09-26,Debit Card,Completed
856,1716,2025-03-09,Cash on Delivery,Shipped
857,1916,2025-04-17,Cash on Delivery,Completed
858,1436,2024-10-04,Credit Card,Processing
859,1532,2025-11-06,Credit Card,Shipped
860,1758,2025-03-10,UPI,Completed
861,1810,2024-04-14,UPI,Completed
862,890,2025-11-29,Cash on Delivery,Cancelled
863,244,2023-10-25,Debit Card,Processing
864,1444,2024-08-22,Debit Card,Completed
865,1953,2026-01-12,Credit Card,Completed
866,960,2024-08-22,Cash on Delivery,Cancelled
867,1178,2025-10-30,Net Banking,Completed
868,816,2024-01-14,UPI,Completed
869,1448,2025-09-01,UPI,Cancelled
870,273,2024-03-10,Credit Card,Shipped
871,1960,2024-07-06,UPI,Shipped
872,1671,2025-10-23,Cash on Delivery,Completed
873,1849,2022-10-27,UPI,Completed
874,520,2025-05-05,Credit Card,Shipped
875,99999,2025-03-15,Credit Card,Shipped
876,1397,2025-08-19,Credit Card,Completed
877,568,2025-12-12,UPI,Returned
878,638,2025-04-13,Net Banking,Completed
879,159,2025-02-25,,Completed
880,1595,2025-05-12,Debit Card,Completed
881,1594,2025-12-03,Debit Card,Shipped
882,652,2024-10-27,UPI,Shipped
883,176,2024-10-01,Net Banking,Shipped
884,1951,2024-12-13,Credit Card,Completed
885,620,2024-09-03,Credit Card,Cancelled
886,211,2024-04-21,Credit Card,Completed
887,447,2025-01-20,Credit Card,Completed
888,586,2024-02-03,UPI,Completed
889,167,2025-01-27,Debit Card,Completed
890,460,2025-09-30,Credit Card,Completed
891,916,2024-06-05,UPI,Completed
892,1381,2024-12-13,Debit Card,Completed
893,1328,2024-11-24,Debit Card,Completed
894,1257,2023-12-21,Credit Card,Completed
895,1351,2024-12-27,,Completed
896,1908,2023-07-05,UPI,Completed
897,1206,2024-09-09,UPI,Shipped
898,1658,2025-03-06,Credit Card,Completed
899,1358,2024-12-22,Cash on Delivery,Completed
900,1739,2025-06-09,UPI,Shipped
901,1991,2022-01-31,UPI,Shipped
902,1053,2025-02-27,Debit Card,Processing
903,714,2024-01-20,UPI,Completed
904,1117,2025-01-06,UPI,Completed
905,841,2024-09-05,Credit Card,Completed
906,868,2024-09-15,Debit Card,Shipped
907,688,2024-11-28,Debit Card,Completed
908,330,2025-02-04,Debit Card,Completed
909,1747,2023-10-29,UPI,Shipped
910,1208,2024-09-25,Cash on Delivery,Shipped
911,95,2023-08-22,UPI,Shipped
912,785,2025-08-26,UPI,Completed
913,649,2023-12-29,UPI,Completed
914,1773,2024-07-28,UPI,Completed
915,353,2023-11-15,UPI,Completed
916,930,2025-09-02,Credit Card,Cancelled
917,941,2025-09-14,Credit Card,Completed
918,984,2025-09-01,UPI,Completed
919,1289,2024-12-20,Debit Card,Completed
920,1671,2024-04-22,Debit Card,Completed
921,1680,2024-12-06,UPI,Completed
922,1043,2023-09-21,UPI,Shipped
923,1767,2024-06-03,UPI,Cancelled
924,646,2024-02-04,UPI,Completed
925,626,2024-12-04,Debit Card,Completed
926,1523,2024-01-08,UPI,Shipped
927,139,2024-01-07,UPI,Processing
928,1661,2024-04-22,UPI,Completed
929,716,2025-12-24,Cash on Delivery,Completed
930,1597,2025-02-25,UPI,Shipped
931,762,2024-07-31,Debit Card,Completed
932,1834,2024-03-29,UPI,Completed
933,1549,2024-12-09,Debit Card,Processing
934,1932,2025-08-21,Cash on Delivery,Completed
935,255,2024-09-28,Credit Card,Shipped
936,1109,2025-07-20,Cash on Delivery,Completed
937,1482,2025-03-13,Debit Card,Completed
938,1556,2023-10-10,Debit Card,Shipped
939,1586,2024-01-25,Debit Card,Completed
940,676,2024-07-01,UPI,Shipped
941,92,2025-06-03,Credit Card,Completed
942,1624,2023-05-09,Net Banking,Completed
943,1093,2025-01-17,UPI,Completed
944,37,2023-09-06,Net Banking,Processing
945,1789,2025-02-05,Credit Card,Completed
946,1788,2023-03-23,Credit Card,Completed
947,140,2024-12-16,Credit Card,Completed
948,867,2025-03-19,Cash on Delivery,Completed
949,1917,2023-06-30,UPI,Completed
950,680,2025-12-20,UPI,Cancelled
951,1590,2024-02-15,Debit Card,Returned
952,1922,2024-08-08,Net Banking,Completed
953,1202,2024-11-22,Credit Card,Completed
954,1833,2024-09-01,UPI,Processing
955,1837,2024-12-22,UPI,Completed
956,1895,2022-11-02,Cash on Delivery,Processing
957,1642,2025-01-01,UPI,Completed
958,137,2025-10-26,Credit Card,Completed
959,190,2025-10-27,UPI,Returned
960,1664,2025-02-15,UPI,Completed
961,342,2026-01-26,UPI,Completed
962,1583,2024-01-29,UPI,Completed
963,1029,2024-01-31,Debit Card,Cancelled
964,972,2025-05-29,UPI,Completed
965,1281,2023-11-28,UPI,Cancelled
966,1836,2024-02-02,Credit Card,Shipped
967,662,2025-11-17,Cash on Delivery,Returned
968,1830,2025-08-17,Debit Card,Shipped
969,243,2023-10-05,UPI,Shipped
970,1811,2024-10-09,UPI,Processing
971,1744,2025-03-11,Credit Card,Completed
972,415,2022-03-11,Cash on Delivery,Cancelled
973,1651,2025-09-04,UPI,Completed
974,707,2025-09-09,UPI,Completed
975,343,2025-12-07,Debit Card,Shipped
976,682,2024-07-01,Credit Card,Completed
977,1403,2023-12-21,Credit Card,Shipped
978,1618,2024-03-05,UPI,Shipped
979,1690,2024-12-15,UPI,Completed
980,653,2023-06-29,,Completed
981,1850,2025-01-22,UPI,Completed
982,146,2024-02-22,Net Banking,Cancelled
983,323,2025-01-14,UPI,Processing
984,99999,2024-07-10,Credit Card,Completed
985,1276,2023-09-08,Credit Card,Returned
986,1879,2024-12-22,UPI,Completed
987,1923,2024-06-02,Cash on Delivery,Completed
988,311,2024-08-29,Debit Card,Completed
989,601,2025-07-10,Net Banking,Completed
990,475,2025-10-05,UPI,Completed
991,570,2023-11-26,UPI,Completed
992,1516,2024-12-20,UPI,Processing
993,575,2025-10-16,UPI,Completed
994,347,2024-08-29,UPI,Completed
995,820,2023-12-17,Cash on Delivery,Completed
996,1511,2025-08-28,UPI,Completed
997,1497,2026-01-20,Cash on Delivery,Completed
998,382,2025-05-11,Credit Card,Completed
999,1304,2024-02-19,Credit Card,Completed
1000,72,2025-10-24,UPI,Completed
1001,521,2023-10-27,UPI,Cancelled
1002,1390,2024-07-29,Cash on Delivery,Completed
1003,933,2024-02-28,UPI,Cancelled
1004,1118,2025-12-24,Debit Card,Completed
1005,1397,2025-07-29,Credit Card,Returned
1006,339,2026-01-06,Cash on Delivery,Completed
1007,1461,2024-04-09,Debit Card,Shipped
1008,1360,2024-07-29,UPI,Completed
1009,664,2024-05-02,Credit Card,Completed
1010,1516,2025-04-01,UPI,Processing
1011,1941,2024-07-15,Credit Card,Shipped
1012,1892,2025-12-25,UPI,Processing
1013,40,2024-08-12,UPI,Completed
1014,1383,2024-10-14,UPI,Shipped
1015,574,2024-08-08,Net Banking,Completed
1016,1278,2025-10-18,Credit Card,Completed
1017,966,2025-06-18,Cash on Delivery,Processing
1018,581,2024-09-26,UPI,Completed
1019,1422,2025-07-09,Credit Card,Returned
1020,1781,2024-09-30,UPI,Completed
1021,1901,2024-05-06,UPI,Returned
1022,170,2024-07-30,Cash on Delivery,Completed
1023,1714,2023-04-12,Net Banking,Completed
1024,701,2023-08-08,UPI,Completed
1025,511,2024-08-31,Net Banking,Processing
1026,1284,2025-11-09,Debit Card,Processing
1027,584,2024-01-09,Net Banking,Completed
1028,984,2024-05-06,Credit Card,Shipped
1029,459,2022-12-28,Net Banking,Completed
1030,529,2025-04-12,Cash on Delivery,Shipped
1031,1906,2025-03-10,UPI,Returned
1032,341,2022-08-08,UPI,Completed
1033,57,2025-02-20,UPI,Completed
1034,218,2025-05-16,Credit Card,Completed
1035,619,2025-06-16,Cash on Delivery,Completed
1036,816,2023-05-31,Debit Card,Processing
1037,1964,2024-12-15,Debit Card,Completed
1038,1709,2024-04-19,UPI,Completed
1039,731,2024-08-21,UPI,Shipped
1040,464,2025-04-26,UPI,Completed
1041,247,2023-12-26,Debit Card,Completed
1042,730,2023-06-15,UPI,Completed
1043,373,2024-08-31,UPI,Completed
1044,417,2025-11-03,UPI,Completed
1045,1055,2024-11-03,UPI,Shipped
1046,368,2025-06-24,UPI,Completed
1047,559,2024-12-21,UPI,Completed
1048,1670,2025-09-30,Net Banking,Completed
1049,108,2024-11-22,UPI,Completed
1050,584,2024-02-18,Cash on Delivery,Completed
1051,839,2024-11-05,UPI,Shipped
1052,418,2024-06-12,Cash on Delivery,Completed
1053,1644,2024-11-19,Credit Card,Returned
1054,821,2023-12-29,Cash on Delivery,Completed
1055,1422,2025-10-12,Cash on Delivery,Completed
1056,1296,2022-08-10,Credit Card,Completed
1057,683,2022-10-18,Cash on Delivery,Completed
1058,1140,2025-10-12,Credit Card,Processing
1059,1865,2024-04-26,Debit Card,Processing
1060,1610,2025-01-29,UPI,Completed
1061,256,2025-03-10,Cash on Delivery,Shipped
1062,1105,2023-06-27,Cash on Delivery,Shipped
1063,780,2023-02-26,UPI,Returned
1064,1152,2025-06-09,Credit Card,Completed
1065,838,2024-06-04,Cash on Delivery,Completed
1066,915,2024-01-22,Debit Card,Completed
1067,235,2024-07-11,Net Banking,Completed
1068,553,2025-09-16,UPI,Shipped
1069,181,2023-06-25,UPI,Cancelled
1070,157,2024-09-20,Credit Card,Completed
1071,1478,2025-09-25,UPI,Processing
1072,571,2024-10-31,UPI,Cancelled
1073,857,2023-07-19,Credit Card,Cancelled
1074,1785,2023-11-18,UPI,Shipped
1075,1728,2024-02-20,UPI,Shipped
1076,1048,2025-02-13,UPI,Completed
1077,1497,2023-08-01,Debit Card,Cancelled
1078,1424,2025-01-19,UPI,Completed
1079,948,2025-06-08,UPI,Completed
1080,592,2025-05-31,Credit Card,Completed
1081,134,2024-05-16,UPI,Shipped
1082,421,2023-11-22,Net Banking,Completed
1083,213,2025-09-21,UPI,Shipped
1084,900,2025-06-20,Cash on Delivery,Completed
1085,482,2025-03-12,Credit Card,Completed
1086,348,2024-07-27,Cash on Delivery,Completed
1087,166,2025-01-30,UPI,Completed
1088,937,2025-08-07,UPI,Completed
1089,348,2024-10-26,Cash on Delivery,Completed
1090,849,2023-05-05,UPI,Completed
1091,398,2024-03-17,Debit Card,Processing
1092,583,2024-03-30,UPI,Completed
1093,726,2023-01-18,Debit Card,Completed
1094,1459,2024-10-26,Cash on Delivery,Completed
1095,1601,2025-10-01,Net Banking,Completed
1096,1245,2024-02-18,UPI,Shipped
1097,308,2023-08-17,UPI,Shipped
1098,991,2024-08-29,Net Banking,Completed
1099,798,2025-10-02,Cash on Delivery,Completed
1100,1721,2023-03-20,UPI,Cancelled
1101,719,2024-01-17,Credit Card,Completed
1102,466,2025-03-04,UPI,Completed
1103,99,2024-09-18,Net Banking,Completed
1104,1266,2024-02-25,UPI,Shipped
1105,158,2024-08-23,Credit Card,Shipped
1106,610,2025-06-11,Debit Card,Completed
1107,554,2023-05-05,Net Banking,Completed
1108,651,2025-05-07,Cash on Delivery,Completed
1109,1819,2024-01-23,UPI,Completed
1110,920,2023-12-23,Credit Card,Completed
1111,227,2023-06-05,Net Banking,Completed
1112,423,2024-01-05,Debit Card,Completed
1113,1096,2024-04-20,Debit Card,Shipped
1114,243,2026-01-21,Debit Card,Completed
1115,530,2022-04-27,UPI,Processing
1116,1613,2025-10-05,Debit Card,Completed
1117,1069,2024-08-07,UPI,Returned
1118,1496,2022-08-16,UPI,Returned
1119,371,2023-07-12,Cash on Delivery,Completed
1120,1879,2024-10-29,UPI,Completed
1121,652,2023-03-02,UPI,Shipped
1122,689,2024-11-18,UPI,Shipped
1123,734,2025-06-24,UPI,Cancelled
1124,1951,2025-05-11,Cash on Delivery,Shipped
1125,92,2024-12-02,Debit Card,Completed
1126,1046,2023-10-20,UPI,Completed
1127,172,2024-07-12,Credit Card,Completed
1128,1628,2025-12-30,Credit Card,Processing
1129,1216,2022-11-08,UPI,Returned
1130,1101,2025-06-03,Debit Card,Completed
1131,1305,2024-03-08,UPI,Completed
1132,1388,2023-12-24,Debit Card,Completed
1133,179,2024-02-09,UPI,Completed
1134,238,2025-07-16,UPI,Processing
1135,1159,2025-05-28,UPI,Completed
1136,877,2024-11-09,UPI,Completed
1137,902,2025-03-11,Cash on Delivery,Completed
1138,280,2023-01-05,UPI,Completed
1139,1043,2024-02-01,UPI,Completed
1140,1619,2024-06-18,Net Banking,Completed
1141,740,2022-10-26,Credit Card,Completed
1142,371,2024-11-27,UPI,Completed
1143,1801,2025-01-10,Net Banking,Shipped
1144,1136,2025-06-29,UPI,Completed
1145,1787,2023-07-24,Debit Card,Shipped
1146,1700,2026-01-09,UPI,Cancelled
1147,870,2024-06-18,Credit Card,Processing
1148,1704,2024-11-14,Credit Card,Completed
1149,1019,2023-09-08,UPI,Completed
1150,221,2025-01-12,Credit Card,Completed
1151,920,2023-12-30,,Completed
1152,304,2024-10-25,Debit Card,Processing
1153,1727,2022-10-27,Cash on Delivery,Shipped
1154,1349,2025-09-18,Credit Card,Completed
1155,1461,2024-03-03,Credit Card,Completed
1156,438,2023-02-15,Credit Card,Completed
1157,1194,2023-11-03,Debit Card,Returned
1158,375,2025-07-09,UPI,Processing
1159,1581,2024-04-23,Credit Card,Shipped
1160,381,2024-05-25,Credit Card,Completed
1161,986,2023-08-15,Net Banking,Completed
1162,14,2025-08-15,Credit Card,Completed
1163,743,2025-06-09,UPI,Completed
1164,669,2023-07-14,Credit Card,Completed
1165,500,2024-07-03,Cash on Delivery,Returned
1166,1670,2025-05-09,Cash on Delivery,Completed
1167,1415,2025-01-03,Cash on Delivery,Completed
1168,1573,2025-11-16,Cash on Delivery,Completed
1169,565,2024-07-15,UPI,Completed
1170,530,2024-03-07,Credit Card,Cancelled
1171,492,2023-10-03,Debit Card,Completed
1172,1574,2025-10-28,UPI,Returned
1173,1723,2026-01-04,UPI,Completed
1174,1409,2025-08-09,Cash on Delivery,Returned
1175,1220,2024-12-01,Debit Card,Completed
1176,755,2024-05-20,Net Banking,Shipped
1177,300,2024-03-26,Net Banking,Completed
1178,815,2025-07-05,UPI,Completed
1179,547,2025-06-11,Cash on Delivery,Shipped
1180,727,2023-04-13,UPI,Completed
1181,731,2024-01-21,Debit Card,Completed
1182,828,2024-08-27,UPI,Returned
1183,602,2024-08-31,UPI,Completed
1184,1332,2025-02-05,Net Banking,Cancelled
1185,1276,2023-05-21,UPI,Shipped
1186,1032,2024-05-26,Debit Card,Completed
1187,768,2026-01-29,UPI,Completed
1188,875,2025-05-08,UPI,Returned
1189,1232,2024-04-04,UPI,Completed
1190,937,2025-04-19,Credit Card,Completed
1191,131,2024-11-24,UPI,Shipped
1192,1760,2022-05-14,UPI,Completed
1193,1733,2024-12-27,Debit Card,Processing
1194,1678,2025-02-18,UPI,Completed
1195,1788,2025-01-27,Credit Card,Completed
1196,608,2024-03-19,Net Banking,Completed
1197,26,2023-08-12,UPI,Completed
1198,1647,2025-07-31,UPI,Completed
1199,1478,2023-07-25,Debit Card,Shipped
1200,635,2025-03-20,Debit Card,Shipped
1201,1210,2025-07-15,,Shipped
1202,484,2025-02-14,Net Banking,Completed
1203,680,2025-06-03,UPI,Completed
1204,1075,2024-02-28,Net Banking,Cancelled
1205,1915,2023-04-23,Net Banking,Completed
1206,5,2025-02-08,Cash on Delivery,Completed
1207,589,2025-09-17,Credit Card,Completed
1208,1184,2024-04-15,Cash on Delivery,Completed
1209,208,2025-01-14,UPI,Completed
1210,257,2023-08-10,Debit Card,Shipped
1211,1229,2024-04-18,UPI,Cancelled
1212,1791,2025-06-18,Cash on Delivery,Completed
1213,1974,2024-07-18,Credit Card,Shipped
1214,11,2022-07-29,UPI,Completed
1215,949,2023-09-29,Cash on Delivery,Completed
1216,8,2023-12-26,Credit Card,Completed
1217,1433,2025-06-27,Credit Card,Completed
1218,936,2024-01-10,UPI,Completed
1219,32,2025-06-13,Cash on Delivery,Shipped
1220,540,2023-12-04,Credit Card,Processing
1221,1742,2026-01-09,UPI,Completed
1222,1005,2025-01-12,Credit Card,Completed
1223,387,2024-07-27,Debit Card,Completed
1224,1252,2026-01-30,Debit Card,Completed
1225,640,2024-08-18,UPI,Completed
1226,1791,2026-01-18,UPI,Processing
1227,1499,2024-06-21,Credit Card,Shipped
1228,1748,2025-04-29,Net Banking,Completed
1229,1775,2023-11-27,Debit Card,Cancelled
1230,207,2025-06-11,UPI,Completed
1231,1342,2025-03-10,UPI,Shipped
1232,1819,2025-08-06,Credit Card,Completed
1233,1781,2024-10-15,Cash on Delivery,Completed
1234,557,2023-08-24,UPI,Completed
1235,1641,2024-12-16,Debit Card,Returned
1236,348,2024-06-18,UPI,Completed
1237,793,2026-01-22,UPI,Completed
1238,234,2025-04-04,UPI,Completed
1239,1725,2024-05-02,Cash on Delivery,Completed
1240,1068,2023-07-15,Cash on Delivery,Completed
1241,1006,2024-12-20,UPI,Shipped
1242,737,2025-02-04,Credit Card,Completed
1243,942,2026-01-12,UPI,Cancelled
1244,1166,2024-09-08,Debit Card,Completed
1245,1672,2024-05-25,Debit Card,Completed
1246,176,2023-03-25,UPI,Completed
1247,1678,2025-03-03,UPI,Completed
1248,449,2025-09-01,Cash on Delivery,Completed
1249,592,2024-08-21,Debit Card,Completed
1250,82,2024-06-06,UPI,Shipped
1251,135,2025-02-11,Credit Card,Shipped
1252,1743,2024-03-25,Cash on Delivery,Shipped
1253,856,2022-05-20,Credit Card,Cancelled
1254,1201,2025-11-13,UPI,Completed
1255,1407,2025-12-24,Credit Card,Completed
1256,1267,2023-08-07,Credit Card,Shipped
1257,1591,2023-07-31,Credit Card,Completed
1258,1165,2024-06-30,Net Banking,Completed
1259,1481,2022-09-20,UPI,Shipped
1260,440,2024-05-09,Credit Card,Completed
1261,1080,2025-03-31,UPI,Completed
1262,1551,2024-04-23,UPI,Shipped
1263,697,2023-03-15,Debit Card,Processing
1264,1850,2025-01-07,Cash on Delivery,Completed
1265,419,2025-02-08,UPI,Completed
1266,88,2025-02-06,Net Banking,Completed
1267,1633,2025-09-30,UPI,Completed
1268,656,2025-10-21,UPI,Completed
1269,1032,2023-05-17,UPI,Completed
1270,1501,2025-09-12,Credit Card,Shipped
1271,215,2025-09-01,Credit Card,Completed
1272,1709,2024-08-12,Credit Card,Returned
1273,1759,2025-07-03,Credit Card,Completed
1274,552,2024-05-12,Credit Card,Returned
1275,1521,2025-10-07,Credit Card,Completed
1276,99999,2025-01-10,UPI,Completed
1277,503,2026-01-13,Cash on Delivery,Completed
1278,1806,2025-09-12,Debit Card,Completed
1279,699,2025-06-10,UPI,Processing
1280,245,2025-08-22,UPI,Shipped
1281,1502,2025-05-02,Debit Card,Shipped
1282,309,2025-06-11,UPI,Completed
1283,231,2024-07-18,Debit Card,Completed
1284,1407,2023-12-02,UPI,Completed
1285,155,2023-10-06,Credit Card,Completed
1286,1199,2024-02-11,UPI,Shipped
1287,848,2023-12-02,Net Banking,Cancelled
1288,115,2024-05-02,Cash on Delivery,Completed
1289,1414,2025-07-26,Net Banking,Shipped
1290,311,2025-11-14,UPI,Completed
1291,993,2025-11-28,Cash on Delivery,Completed
1292,300,2023-03-18,Credit Card,Completed
1293,1042,2022-06-15,Debit Card,Completed
1294,784,2025-12-01,UPI,Completed
1295,12,2024-12-11,Debit Card,Completed
1296,1428,2025-09-24,Cash on Delivery,Completed
1297,1837,2025-10-26,UPI,Completed
1298,1728,2025-01-02,UPI,Completed
1299,232,2025-02-02,UPI,Completed
1300,955,2024-12-26,UPI,Returned
1301,1629,2025-04-09,Credit Card,Shipped
1302,730,2025-07-25,Cash on Delivery,Cancelled
1303,1302,2023-01-21,UPI,Completed
1304,1377,2025-01-18,Credit Card,Shipped
1305,1018,2024-01-18,Credit Card,Completed
1306,999,2024-10-03,UPI,Shipped
1307,303,2024-04-20,Credit Card,Completed
1308,541,2023-04-19,UPI,Completed
1309,470,2022-10-13,Credit Card,Completed
1310,813,2023-11-25,UPI,Completed
1311,77,2026-01-15,Debit Card,Completed
1312,1020,2024-05-04,UPI,Returned
1313,1545,2024-11-19,Net Banking,Completed
1314,24,2024-12-30,Cash on Delivery,Processing
1315,1039,2022-10-31,UPI,Completed
1316,676,2025-01-25,UPI,Shipped
1317,525,2024-01-17,UPI,Shipped
1318,347,2025-04-22,Debit Card,Completed
1319,172,2024-10-10,UPI,Completed
1320,1893,2025-08-18,Debit Card,Shipped
1321,1351,2024-10-24,UPI,Completed
1322,712,2024-02-27,UPI,Completed
1323,1509,2024-07-09,UPI,Completed
1324,489,2025-07-06,UPI,Completed
1325,1486,2025-03-26,Credit Card,Completed
1326,378,2025-05-14,UPI,Completed
1327,1612,2022-12-13,Cash on Delivery,Processing
1328,1188,2024-09-06,Debit Card,Shipped
1329,372,2023-05-17,UPI,Completed
1330,1597,2025-07-27,Credit Card,Completed
1331,1000,2022-12-15,Credit Card,Completed
1332,977,2024-08-22,Debit Card,Completed
1333,1448,2024-04-02,UPI,Shipped
1334,757,2025-09-30,UPI,Shipped
1335,477,2024-02-25,UPI,Shipped
1336,382,2025-01-15,Credit Card,Cancelled
1337,155,2024-08-21,Net Banking,Completed
1338,257,2025-08-31,Cash on Delivery,Completed
1339,1780,2024-06-15,UPI,Shipped
1340,674,2022-12-12,Debit Card,Shipped
1341,68,2025-05-20,Net Banking,Processing
1342,344,2024-07-03,UPI,Shipped
1343,1301,2024-08-19,Debit Card,Completed
1344,673,2025-09-15,Credit Card,Cancelled
1345,391,2024-01-29,Debit Card,Shipped
1346,1473,2025-08-30,Credit Card,Completed
1347,259,2025-12-21,Net Banking,Shipped
1348,307,2025-05-30,UPI,Completed
1349,1871,2025-02-28,Debit Card,Shipped
1350,1119,2023-12-28,UPI,Returned
1351,950,2024-05-08,UPI,Completed
1352,1488,2024-06-17,Net Banking,Processing
1353,970,2023-02-21,Debit Card,Shipped
1354,246,2025-06-20,UPI,Shipped
1355,733,2024-10-03,Credit Card,Completed
1356,1659,2025-03-16,UPI,Completed
1357,187,2023-03-26,UPI,Completed
1358,1798,2025-11-01,Debit Card,Completed
1359,925,2023-12-17,Credit Card,Completed
1360,785,2024-09-03,Credit Card,Processing
1361,1397,2025-06-14,Debit Card,Returned
1362,1596,2024-05-18,UPI,Completed
1363,1430,2022-12-05,UPI,Completed
1364,408,2025-12-07,Credit Card,Processing
1365,1149,2025-08-30,Cash on Delivery,Completed
1366,1361,2024-01-23,Cash on Delivery,Cancelled
1367,341,2024-01-13,UPI,Shipped
1368,563,2023-07-16,UPI,Shipped
1369,1202,2024-01-20,Credit Card,Completed
1370,651,2025-01-23,Debit Card,Completed
1371,952,2025-08-25,UPI,Completed
1372,1863,2026-01-03,Credit Card,Completed
1373,1194,2025-10-22,Net Banking,Shipped
1374,1063,2024-04-12,Credit Card,Completed
1375,69,2024-11-22,UPI,Completed
1376,1260,2025-02-20,Credit Card,Processing
1377,1584,2023-07-30,UPI,Completed
1378,381,2025-11-20,UPI,Completed
1379,57,2025-02-25,Net Banking,Processing
1380,1301,2023-03-08,UPI,Completed
1381,850,2025-02-10,UPI,Completed
1382,1123,2026-01-26,Credit Card,Completed
1383,916,2026-01-25,Cash on Delivery,Completed
1384,1551,2022-11-13,Debit Card,Completed
1385,325,2025-01-15,UPI,Completed
1386,461,2024-04-10,Debit Card,Completed
1387,179,2024-04-14,,Completed
1388,844,2025-06-03,Credit Card,Completed
1389,574,2023-04-10,Debit Card,Shipped
1390,119,2025-06-05,UPI,Completed
1391,1493,2025-01-13,Net Banking,Completed
1392,549,2024-03-04,Credit Card,Completed
1393,646,2023-08-30,UPI,Completed
1394,1479,2026-01-27,Credit Card,Shipped
1395,26,2022-09-17,UPI,Shipped
1396,1514,2025-04-12,Credit Card,Processing
1397,1032,2023-12-14,UPI,Completed
1398,969,2022-12-19,UPI,Completed
1399,1540,2025-05-19,Debit Card,Shipped
1400,533,2023-12-15,Cash on Delivery,Returned
1401,1951,2025-11-24,UPI,Returned
1402,149,2025-09-11,Credit Card,Returned
1403,1512,2023-03-05,Credit Card,Cancelled
1404,1049,2025-04-25,UPI,Completed
1405,655,2022-10-14,UPI,Completed
1406,1781,2024-09-29,Debit Card,Shipped
1407,1955,2024-10-24,UPI,Completed
1408,945,2025-01-19,Cash on Delivery,Completed
1409,555,2025-03-22,Credit Card,Shipped
1410,425,2023-12-18,Cash on Delivery,Shipped
1411,293,2025-03-02,,Shipped
1412,1209,2025-09-08,,Completed
1413,554,2023-09-18,UPI,Completed
1414,431,2025-06-06,Debit Card,Cancelled
1415,604,2023-10-19,UPI,Shipped
1416,317,2025-07-07,Credit Card,Completed
1417,398,2023-03-10,UPI,Completed
1418,1348,2023-05-10,UPI,Cancelled
1419,1589,2025-09-16,Debit Card,Completed
1420,596,2024-09-16,Credit Card,Completed
1421,546,2024-08-01,Credit Card,Completed
1422,76,2025-02-14,UPI,Completed
1423,865,2024-12-17,UPI,Completed
1424,1944,2025-05-11,Cash on Delivery,Completed
1425,916,2024-01-16,Debit Card,Completed
1426,709,2024-05-30,UPI,Completed
1427,486,2025-09-05,Credit Card,Completed
1428,1822,2023-11-01,Cash on Delivery,Cancelled
1429,1112,2024-12-18,Cash on Delivery,Completed
1430,747,2025-04-07,UPI,Completed
1431,1256,2025-12-27,Cash on Delivery,Completed
1432,1031,2025-07-06,UPI,Completed
1433,1828,2024-06-25,Debit Card,Shipped
1434,550,2025-01-13,UPI,Completed
1435,976,2024-12-23,Credit Card,Cancelled
1436,1076,2024-01-24,Credit Card,Completed
1437,1679,2024-05-08,UPI,Cancelled
1438,942,2025-03-09,Credit Card,Completed
1439,919,2023-09-29,Debit Card,Cancelled
1440,1420,2024-06-21,Credit Card,Shipped
1441,1245,2023-10-15,UPI,Completed
1442,1452,2025-09-02,UPI,Completed
1443,1776,2025-04-09,Debit Card,Completed
1444,1167,2025-01-02,Cash on Delivery,Completed
1445,1885,2023-07-23,Debit Card,Shipped
1446,363,2023-04-13,UPI,Shipped
1447,382,2025-04-23,Credit Card,Completed
1448,1585,2024-03-04,UPI,Completed
1449,1301,2024-06-28,Net Banking,Returned
1450,271,2023-03-26,UPI,Completed
1451,1038,2023-04-19,UPI,Completed
1452,298,2025-09-14,Debit Card,Completed
1453,1004,2025-11-21,Cash on Delivery,Returned
1454,1488,2025-08-08,UPI,Shipped
1455,1551,2024-03-15,UPI,Completed
1456,234,2023-07-29,Credit Card,Completed
1457,575,2025-01-25,Credit Card,Completed
1458,1732,2026-01-24,UPI,Completed
1459,27,2023-02-21,Debit Card,Shipped
1460,1495,2024-08-19,Credit Card,Completed
1461,93,2024-04-07,Cash on Delivery,Completed
1462,617,2024-09-05,UPI,Completed
1463,309,2023-09-28,UPI,Completed
1464,52,2025-08-31,Debit Card,Returned
1465,319,2025-11-02,Debit Card,Completed
1466,1993,2025-04-25,Debit Card,Completed
1467,181,2024-05-19,Debit Card,Processing
1468,1593,2024-03-07,UPI,Completed
1469,1144,2025-12-14,UPI,Completed
1470,1844,2025-07-07,UPI,Completed
1471,875,2025-04-07,Net Banking,Completed
1472,1067,2024-07-22,Credit Card,Returned
1473,647,2024-12-18,UPI,Completed
1474,1909,2023-11-02,UPI,Completed
1475,1962,2026-01-20,Cash on Delivery,Processing
1476,1284,2025-10-16,Cash on Delivery,Completed
1477,197,2025-09-23,Cash on Delivery,Cancelled
1478,645,2025-09-23,UPI,Completed
1479,971,2025-04-20,Credit Card,Completed
1480,255,2025-06-21,UPI,Completed
1481,732,2022-08-31,UPI,Completed
1482,336,2022-11-22,UPI,Completed
1483,1577,2025-06-28,UPI,Completed
1484,1526,2024-01-13,Credit Card,Completed
1485,990,2024-11-17,Cash on Delivery,Completed
1486,900,2024-04-14,UPI,Completed
1487,1279,2026-01-16,Cash on Delivery,Completed
1488,514,2025-08-11,UPI,Completed
1489,1731,2025-12-27,UPI,Completed
1490,242,2025-04-27,UPI,Completed
1491,149,2024-07-07,UPI,Cancelled
1492,1734,2025-03-16,UPI,Completed
1493,1323,2024-05-27,Debit Card,Completed
1494,757,2024-01-31,Debit Card,Completed
1495,1874,2025-01-29,Cash on Delivery,Completed
1496,620,2024-06-29,UPI,Shipped
1497,453,2024-11-30,Debit Card,Completed
1498,1417,2024-09-27,Credit Card,Completed
1499,212,2024-12-24,Net Banking,Completed
1500,668,2025-10-25,UPI,Returned
1501,1562,2024-08-31,Net Banking,Completed
1502,594,2023-12-20,Debit Card,Completed
1503,1619,2024-09-23,Debit Card,Completed
1504,131,2024-06-06,UPI,Completed
1505,1353,2025-04-27,Credit Card,Completed
1506,612,2024-01-15,Credit Card,Completed
1507,256,2024-11-15,UPI,Completed
1508,1503,2026-01-08,UPI,Completed
1509,561,2022-07-30,Net Banking,Completed
1510,1937,2024-04-11,UPI,Completed
1511,63,2024-04-08,UPI,Completed
1512,1335,2026-01-02,Credit Card,Completed
1513,407,2025-07-26,UPI,Completed
1514,802,2023-10-09,Credit Card,Completed
1515,1129,2024-05-25,Credit Card,Completed
1516,1641,2023-03-08,UPI,Completed
1517,1861,2024-07-06,Debit Card,Shipped
1518,15,2025-08-24,UPI,Completed
1519,1711,2023-09-20,Cash on Delivery,Cancelled
1520,259,2022-08-21,Net Banking,Processing
1521,723,2025-06-24,UPI,Shipped
1522,1436,2025-01-30,Cash on Delivery,Completed
1523,1283,2023-07-03,Credit Card,Shipped
1524,614,2026-01-01,Credit Card,Shipped
1525,1284,2025-10-05,UPI,Shipped
1526,1880,2024-10-09,Credit Card,Completed
1527,1695,2025-05-20,Net Banking,Completed
1528,1069,2023-12-11,UPI,Completed
1529,1979,2025-09-04,UPI,Completed
1530,813,2025-06-16,UPI,Shipped
1531,1787,2025-02-08,Credit Card,Completed
1532,331,2026-01-05,Net Banking,Completed
1533,165,2024-09-30,Credit Card,Completed
1534,1217,2022-05-03,UPI,Completed
1535,1545,2025-08-14,Credit Card,Processing
1536,1425,2025-09-23,UPI,Processing
1537,1398,2024-08-21,UPI,Completed
1538,1089,2023-12-25,Credit Card,Completed
1539,387,2025-05-28,UPI,Completed
1540,1519,2023-10-19,Cash on Delivery,Completed
1541,1818,2023-10-03,Credit Card,Completed
1542,1717,2025-05-23,Cash on Delivery,Shipped
1543,1439,2023-08-05,Net Banking,Returned
1544,1818,2024-04-02,Net Banking,Completed
1545,1815,2024-12-27,UPI,Completed
1546,1054,2024-04-16,Net Banking,Completed
1547,1290,2024-02-24,Debit Card,Shipped
1548,328,2025-05-24,Debit Card,Processing
1549,1516,2025-05-18,UPI,Completed
1550,1241,2025-06-28,UPI,Completed
1551,320,2024-07-13,Net Banking,Completed
1552,1942,2026-01-05,UPI,Shipped
1553,399,2025-01-21,UPI,Completed
1554,1915,2025-09-07,UPI,Cancelled
1555,105,2025-03-27,Cash on Delivery,Completed
1556,696,2023-06-27,Credit Card,Processing
1557,1017,2025-08-18,Net Banking,Completed
1558,330,2023-05-13,UPI,Shipped
1559,660,2025-04-21,UPI,Returned
1560,1641,2023-11-26,Credit Card,Cancelled
1561,1071,2024-07-18,Credit Card,Cancelled
1562,599,2025-11-14,UPI,Completed
1563,821,2023-12-24,UPI,Completed
1564,1973,2024-12-08,UPI,Completed
1565,641,2024-07-04,UPI,Completed
1566,1794,2023-08-29,Debit Card,Completed
1567,314,2022-10-22,UPI,Completed
1568,1171,2022-09-13,UPI,Shipped
1569,1982,2023-08-12,UPI,Completed
1570,462,2025-01-24,UPI,Shipped
1571,1608,2024-11-13,Net Banking,Completed
1572,486,2025-08-17,UPI,Processing
1573,1676,2025-10-07,UPI,Completed
1574,410,2025-01-06,UPI,Completed
1575,27,2025-05-02,Debit Card,Completed
1576,1053,2025-06-10,Credit Card,Processing
1577,271,2023-11-29,UPI,Returned
1578,686,2025-12-05,Debit Card,Completed
1579,501,2023-11-17,Credit Card,Completed
1580,1277,2024-06-22,UPI,Shipped
1581,385,2025-06-04,UPI,Completed
1582,60,2024-06-12,Credit Card,Completed
1583,1131,2025-03-23,Credit Card,Completed
1584,220,2025-03-22,Net Banking,Shipped
1585,1465,2025-04-29,UPI,Completed
1586,771,2025-08-14,Debit Card,Completed
1587,1907,2024-05-03,UPI,Completed
1588,1682,2023-10-31,Cash on Delivery,Cancelled
1589,564,2025-12-26,Credit Card,Completed
1590,1596,2025-02-10,Credit Card,Shipped
1591,546,2024-01-09,UPI,Completed
1592,96,2023-10-13,UPI,Completed
1593,989,2025-07-24,Debit Card,Returned
1594,1113,2024-08-17,UPI,Completed
1595,828,2022-12-27,UPI,Cancelled
1596,1946,2023-11-28,UPI,Cancelled
1597,99999,2025-07-05,UPI,Shipped
1598,968,2025-06-01,Credit Card,Completed
1599,275,2025-03-06,UPI,Processing
1600,246,2024-04-11,UPI,Cancelled
1601,111,2024-10-22,Credit Card,Returned
1602,234,2026-01-04,Cash on Delivery,Processing
1603,1302,2023-11-06,Net Banking,Completed
1604,1501,2026-01-15,Credit Card,Shipped
1605,417,2023-09-08,Credit Card,Completed
1606,678,2025-11-10,UPI,Completed
1607,1152,2025-08-05,Credit Card,Completed
1608,1261,2025-04-29,Debit Card,Shipped
1609,803,2024-02-21,Credit Card,Completed
1610,619,2025-04-21,UPI,Processing
1611,1152,2024-07-09,Credit Card,Completed
1612,707,2024-03-06,Net Banking,Completed
1613,851,2025-08-01,Cash on Delivery,Completed
1614,1418,2023-07-04,Debit Card,Completed
1615,475,2024-09-24,UPI,Completed
1616,655,2023-06-09,UPI,Cancelled
1617,395,2025-04-12,Cash on Delivery,Completed
1618,111,2023-10-15,UPI,Completed
1619,90,2024-10-16,Credit Card,Completed
1620,763,2025-06-22,UPI,Completed
1621,1304,2025-10-19,Credit Card,Completed
1622,1357,2024-08-28,Credit Card,Completed
1623,1248,2025-08-29,Cash on Delivery,Completed
1624,1125,2025-05-26,UPI,Completed
1625,132,2024-05-24,Debit Card,Shipped
1626,1037,2023-12-14,Cash on Delivery,Completed
1627,457,2025-11-20,Net Banking,Completed
1628,1465,2025-12-22,Credit Card,Returned
1629,98,2024-04-06,Credit Card,Completed
1630,1144,2025-07-04,Net Banking,Completed
1631,293,2025-11-07,Credit Card,Shipped
1632,1840,2026-01-05,Credit Card,Shipped
1633,1735,2024-05-20,UPI,Completed
1634,1025,2025-10-14,UPI,Completed
1635,572,2026-01-21,UPI,Completed
1636,250,2024-10-21,Credit Card,Returned
1637,652,2024-07-06,Debit Card,Shipped
1638,149,2025-06-12,UPI,Completed
1639,1419,2024-03-09,Cash on Delivery,Completed
1640,44,2024-11-19,Credit Card,Completed
1641,1907,2025-05-23,Credit Card,Completed
1642,1722,2024-11-21,Net Banking,Processing
1643,1644,2025-11-08,UPI,Cancelled
1644,1068,2022-12-22,Debit Card,Completed
1645,1102,2024-07-09,Credit Card,Processing
1646,1250,2023-10-20,Debit Card,Completed
1647,162,2025-10-12,UPI,Completed
1648,1817,2024-01-25,UPI,Shipped
1649,253,2024-07-16,Credit Card,Completed
1650,132,2024-01-06,UPI,Completed
1651,1472,2024-07-30,UPI,Processing
1652,1908,2023-09-07,Cash on Delivery,Completed
1653,1911,2026-01-09,Credit Card,Cancelled
1654,474,2024-06-04,Cash on Delivery,Completed
1655,1680,2025-01-18,Credit Card,Completed
1656,1802,2025-01-23,Credit Card,Completed
1657,1133,2023-03-20,Net Banking,Completed
1658,706,2022-10-12,Net Banking,Returned
1659,1059,2024-11-11,UPI,Completed
1660,1491,2025-12-29,Cash on Delivery,Completed
1661,1926,2025-03-19,UPI,Completed
1662,275,2026-01-27,UPI,Shipped
1663,187,2025-11-12,Credit Card,Completed
1664,949,2023-06-23,Net Banking,Completed
1665,243,2024-07-27,Net Banking,Shipped
1666,264,2024-05-24,UPI,Completed
1667,1998,2025-02-07,Debit Card,Returned
1668,522,2024-01-26,Cash on Delivery,Processing
1669,963,2023-12-18,UPI,Completed
1670,1702,2024-08-31,Credit Card,Shipped
1671,1565,2024-02-17,Credit Card,Shipped
1672,783,2023-04-02,UPI,Processing
1673,1111,2025-08-03,Debit Card,Completed
1674,535,2025-06-11,UPI,Shipped
1675,210,2023-08-09,UPI,Completed
1676,46,2024-05-31,UPI,Completed
1677,1491,2025-08-27,Debit Card,Shipped
1678,1564,2023-07-21,Credit Card,Processing
1679,99999,2025-09-19,Credit Card,Completed
1680,1290,2025-10-15,Credit Card,Completed
1681,175,2023-07-06,UPI,Shipped
1682,1540,2023-06-09,Cash on Delivery,Cancelled
1683,1335,2025-04-06,Credit Card,Completed
1684,322,2025-09-22,UPI,Completed
1685,1603,2024-11-12,UPI,Processing
1686,1159,2024-03-08,UPI,Completed
1687,55,2024-04-14,Net Banking,Completed
1688,2000,2023-11-09,Credit Card,Completed
1689,1567,2025-11-11,Debit Card,Completed
1690,1610,2024-08-28,UPI,Completed
1691,1555,2024-03-05,Credit Card,Processing
1692,1180,2026-01-06,Net Banking,Completed
1693,1873,2025-04-18,UPI,Completed
1694,668,2025-03-17,Credit Card,Completed
1695,147,2025-09-27,Net Banking,Completed
1696,1509,2024-05-13,Debit Card,Completed
1697,599,2025-05-28,UPI,Completed
1698,20,2023-03-18,UPI,Processing
1699,1293,2022-12-21,UPI,Shipped
1700,333,2025-12-30,Cash on Delivery,Completed
1701,1579,2025-04-10,Credit Card,Completed
1702,907,2024-08-02,Net Banking,Completed
1703,944,2023-02-10,UPI,Completed
1704,911,2023-09-08,UPI,Completed
1705,401,2025-09-10,UPI,Shipped
1706,950,2025-11-16,UPI,Completed
1707,1330,2025-11-09,UPI,Cancelled
1708,28,2025-04-14,UPI,Completed
1709,467,2025-07-04,Cash on Delivery,Processing
1710,1284,2025-08-01,UPI,Completed
1711,1558,2024-11-21,Credit Card,Completed
1712,982,2025-10-07,Net Banking,Shipped
1713,1911,2023-05-28,Net Banking,Processing
1714,101,2023-11-14,UPI,Completed
1715,551,2024-02-03,Net Banking,Shipped
1716,802,2024-02-06,UPI,Completed
1717,353,2025-09-18,UPI,Completed
1718,1324,2025-01-10,Cash on Delivery,Completed
1719,1706,2025-01-06,Debit Card,Shipped
1720,296,2024-03-07,Cash on Delivery,Completed
1721,353,2024-07-25,Cash on Delivery,Shipped
1722,908,2024-09-07,UPI,Completed
1723,1154,2024-06-13,Credit Card,Completed
1724,1019,2023-10-14,UPI,Completed
1725,1180,2024-09-22,Credit Card,Completed
1726,1098,2024-04-26,UPI,Completed
1727,1366,2024-11-27,UPI,Completed
1728,1489,2024-10-02,Cash on Delivery,Completed
1729,1114,2024-12-12,Cash on Delivery,Processing
1730,1603,2026-01-16,Credit Card,Completed
1731,455,2025-09-28,Credit Card,Completed
1732,1772,2025-12-27,Debit Card,Processing
1733,712,2025-07-25,Credit Card,Completed
1734,980,2024-07-30,Net Banking,Completed
1735,1356,2025-11-21,UPI,Completed
1736,739,2023-11-17,Credit Card,Completed
1737,977,2025-10-23,Cash on Delivery,Completed
1738,1372,2023-11-01,Cash on Delivery,Completed
1739,233,2024-01-01,Credit Card,Completed
1740,1802,2023-06-03,UPI,Completed
1741,1622,2025-11-08,Cash on Delivery,Completed
1742,1024,2025-05-02,Credit Card,Completed
1743,102,2024-01-08,Debit Card,Completed
1744,953,2022-12-04,Credit Card,Completed
1745,481,2025-04-02,UPI,Shipped
1746,1238,2023-11-22,UPI,Processing
1747,108,2023-03-25,Credit Card,Shipped
1748,99999,2024-02-24,UPI,Processing
1749,973,2024-05-26,UPI,Completed
1750,1627,2025-07-29,UPI,Completed
1751,704,2025-09-29,Credit Card,Completed
1752,335,2024-05-11,UPI,Completed
1753,86,2024-01-10,UPI,Completed
1754,734,2025-08-03,Net Banking,Completed
1755,875,2025-08-12,UPI,Cancelled
1756,1448,2024-03-05,UPI,Cancelled
1757,1637,2025-09-29,UPI,Completed
1758,1762,2024-12-16,Cash on Delivery,Completed
1759,364,2024-10-16,UPI,Completed
1760,60,2022-11-01,UPI,Shipped
1761,1506,2024-02-21,UPI,Completed
1762,1274,2024-05-30,Debit Card,Completed
1763,560,2025-08-17,Debit Card,Shipped
1764,117,2024-06-29,UPI,Completed
1765,1763,2025-04-24,UPI,Completed
1766,874,2024-06-09,UPI,Completed
1767,915,2024-11-01,Credit Card,Returned
1768,968,2024-10-08,Debit Card,Processing
1769,999,2024-07-09,UPI,Completed
1770,1569,2025-03-20,Credit Card,Completed
1771,44,2023-05-11,UPI,Completed
1772,509,2025-10-19,Credit Card,Shipped
1773,1189,2025-06-30,Credit Card,Completed
1774,1392,2022-09-04,Cash on Delivery,Completed
1775,1881,2024-08-08,UPI,Completed
1776,1316,2024-02-14,Credit Card,Completed
1777,849,2025-06-11,UPI,Completed
1778,1880,2024-12-22,UPI,Completed
1779,917,2025-05-16,UPI,Completed
1780,898,2025-11-29,UPI,Cancelled
1781,799,2025-08-28,UPI,Completed
1782,876,2025-06-05,Net Banking,Completed
1783,1761,2024-09-13,Credit Card,Shipped
1784,286,2025-06-29,UPI,Completed
1785,1228,2025-10-19,UPI,Completed
1786,684,2022-11-09,UPI,Completed
1787,1548,2025-01-11,UPI,Shipped
1788,819,2025-05-28,UPI,Shipped
1789,121,2025-11-05,Credit Card,Completed
1790,945,2024-12-23,Cash on Delivery,Shipped
1791,1780,2025-08-01,Credit Card,Cancelled
1792,1688,2025-11-19,Credit Card,Completed
1793,1688,2024-01-05,Cash on Delivery,Completed
1794,1018,2024-05-28,UPI,Completed
1795,1212,2023-11-22,UPI,Completed
1796,907,2025-08-02,Credit Card,Completed
1797,13,2025-04-14,Debit Card,Shipped
1798,603,2025-02-05,Credit Card,Completed
1799,200,2024-12-08,UPI,Completed
1800,586,2025-11-18,Net Banking,Completed
1801,1792,2024-11-30,UPI,Completed
1802,1480,2024-11-01,Debit Card,Shipped
1803,448,2024-02-17,Cash on Delivery,Completed
1804,1812,2023-05-17,UPI,Completed
1805,1864,2024-03-02,Cash on Delivery,Completed
1806,841,2022-07-29,Debit Card,Completed
1807,1095,2024-10-04,Cash on Delivery,Completed
1808,590,2023-05-11,UPI,Shipped
1809,1820,2025-05-01,Net Banking,Completed
1810,1154,2024-12-20,UPI,Completed
1811,889,2022-05-22,Debit Card,Completed
1812,43,2024-12-16,UPI,Shipped
1813,520,2023-02-06,UPI,Completed
1814,1037,2024-05-01,UPI,Processing
1815,725,2025-03-16,UPI,Completed
1816,623,2022-11-26,UPI,Completed
1817,988,2024-10-28,UPI,Completed
1818,803,2024-02-06,UPI,Shipped
1819,535,2023-11-27,UPI,Completed
1820,302,2025-07-31,UPI,Completed
1821,1790,2024-03-13,Credit Card,Completed
1822,527,2024-04-09,Cash on Delivery,Processing
1823,1666,2024-10-31,Credit Card,Completed
1824,1597,2024-12-18,UPI,Shipped
1825,1139,2025-01-16,Credit Card,Returned
1826,460,2023-05-24,Debit Card,Completed
1827,832,2023-02-19,UPI,Returned
1828,505,2024-12-12,UPI,Completed
1829,1332,2024-10-05,Credit Card,Processing
1830,932,2024-07-22,Net Banking,Returned
1831,1987,2024-11-18,Credit Card,Returned
1832,325,2024-03-30,Debit Card,Completed
1833,579,2025-04-09,UPI,Processing
1834,761,2025-09-07,Debit Card,Completed
1835,1199,2024-07-14,UPI,Completed
1836,851,2024-12-14,UPI,Completed
1837,1538,2024-07-30,Credit Card,Completed
1838,1196,2023-04-04,Net Banking,Shipped
1839,960,2025-02-27,UPI,Completed
1840,502,2023-08-16,UPI,Returned
1841,334,2024-02-26,Debit Card,Completed
1842,284,2025-10-27,Credit Card,Processing
1843,99999,2025-01-28,UPI,Processing
1844,1078,2025-02-14,UPI,Shipped
1845,1482,2024-04-12,UPI,Completed
1846,1603,2025-04-04,Credit Card,Completed
1847,1444,2024-09-11,Cash on Delivery,Completed
1848,1638,2025-11-09,UPI,Completed
1849,632,2025-10-14,Cash on Delivery,Completed
1850,703,2025-10-22,UPI,Completed
1851,409,2023-05-31,UPI,Completed
1852,982,2024-12-24,Credit Card,Completed
1853,1328,2024-08-16,Credit Card,Completed
1854,1959,2024-09-14,UPI,Completed
1855,559,2024-07-14,Debit Card,Completed
1856,222,2025-12-31,Debit Card,Completed
1857,1557,2023-05-02,UPI,Returned
1858,99999,2024-01-17,UPI,Completed
1859,348,2025-03-10,UPI,Completed
1860,1183,2025-11-06,Debit Card,Completed
1861,889,2022-05-22,UPI,Cancelled
1862,1908,2024-04-09,Debit Card,Completed
1863,922,2024-03-09,Credit Card,Completed
1864,1259,2025-02-26,Debit Card,Completed
1865,662,2024-12-16,Credit Card,Completed
1866,405,2025-05-02,UPI,Completed
1867,1281,2025-06-26,Cash on Delivery,Shipped
1868,677,2024-10-15,Debit Card,Shipped
1869,589,2025-02-12,Credit Card,Completed
1870,1621,2024-10-02,Credit Card,Completed
1871,558,2024-06-21,Credit Card,Completed
1872,905,2024-05-01,UPI,Shipped
1873,1937,2024-11-28,UPI,Processing
1874,1071,2024-01-18,UPI,Cancelled
1875,1237,2025-04-13,Net Banking,Completed
1876,479,2024-10-11,Credit Card,Shipped
1877,487,2025-04-07,UPI,Returned
1878,1595,2025-09-12,Credit Card,Shipped
1879,566,2023-03-25,UPI,Completed
1880,1366,2025-04-10,UPI,Completed
1881,524,2024-11-26,Credit Card,Shipped
1882,704,2024-02-16,Credit Card,Completed
1883,1527,2024-03-18,Net Banking,Completed
1884,1030,2025-07-28,Net Banking,Completed
1885,821,2022-09-16,UPI,Shipped
1886,1168,2025-11-19,Credit Card,Returned
1887,858,2023-03-25,Cash on Delivery,Completed
1888,1285,2024-03-05,UPI,Shipped
1889,585,2024-11-09,Debit Card,Completed
1890,686,2026-01-25,Cash on Delivery,Returned
1891,232,2024-08-05,Debit Card,Completed
1892,270,2025-07-03,UPI,Completed
1893,940,2022-06-25,Net Banking,Completed
1894,1471,2024-07-20,Cash on Delivery,Completed
1895,874,2024-04-09,Debit Card,Completed
1896,1246,2024-02-24,UPI,Shipped
1897,52,2024-10-11,Debit Card,Completed
1898,116,2024-04-21,UPI,Completed
1899,538,2025-05-15,UPI,Completed
1900,1589,2024-10-20,Credit Card,Completed
1901,1901,2025-09-02,Net Banking,Completed
1902,541,2025-05-25,Cash on Delivery,Completed
1903,1043,2026-01-18,Debit Card,Completed
1904,815,2023-07-04,Credit Card,Completed
1905,1416,2025-01-13,UPI,Completed
1906,791,2023-12-09,Cash on Delivery,Completed
1907,1653,2025-05-04,Credit Card,Completed
1908,618,2025-01-11,Cash on Delivery,Returned
1909,419,2023-01-28,Credit Card,Completed
1910,309,2023-07-23,Debit Card,Shipped
1911,1763,2023-08-03,Cash on Delivery,Shipped
1912,864,2024-02-18,UPI,Completed
1913,186,2024-06-24,UPI,Completed
1914,261,2024-02-24,UPI,Completed
1915,1552,2026-01-23,Cash on Delivery,Completed
1916,1297,2024-12-18,Debit Card,Shipped
1917,160,2024-08-07,Debit Card,Shipped
1918,870,2025-05-02,UPI,Cancelled
1919,762,2023-11-01,Debit Card,Completed
1920,224,2023-07-11,Credit Card,Completed
1921,1280,2025-05-28,UPI,Shipped
1922,180,2026-01-26,Net Banking,Completed
1923,20,2024-04-12,UPI,Completed
1924,1648,2024-09-13,UPI,Processing
1925,632,2024-08-25,UPI,Cancelled
1926,1730,2024-01-06,UPI,Completed
1927,1492,2026-01-16,Credit Card,Completed
1928,1647,2023-06-07,,Shipped
1929,1234,2023-07-14,Cash on Delivery,Completed
1930,1537,2024-05-30,UPI,Shipped
1931,58,2025-09-29,Credit Card,Completed
1932,1117,2025-05-15,Credit Card,Completed
1933,1245,2025-07-12,Debit Card,Completed
1934,723,2025-01-19,UPI,Completed
1935,1964,2025-03-24,Net Banking,Completed
1936,1256,2025-09-30,Credit Card,Shipped
1937,1798,2024-10-16,UPI,Returned
1938,1388,2025-04-14,UPI,Completed
1939,615,2024-02-22,UPI,Completed
1940,562,2024-02-19,Cash on Delivery,Completed
1941,374,2024-07-01,UPI,Completed
1942,622,2024-08-17,UPI,Completed
1943,1480,2025-10-25,UPI,Completed
1944,88,2025-02-05,UPI,Completed
1945,1044,2023-08-21,Debit Card,Completed
1946,1014,2025-09-29,Credit Card,Shipped
1947,14,2024-09-13,UPI,Cancelled
1948,133,2023-02-02,UPI,Completed
1949,1961,2024-07-11,UPI,Processing
1950,1832,2025-09-12,Debit Card,Completed
1951,1058,2024-03-18,Cash on Delivery,Completed
1952,892,2023-01-17,UPI,Completed
1953,1232,2024-11-28,UPI,Completed
1954,1837,2023-05-20,UPI,Completed
1955,1223,2025-03-20,Cash on Delivery,Completed
1956,592,2025-04-24,Credit Card,Cancelled
1957,583,2025-04-13,UPI,Completed
1958,1179,2024-08-04,UPI,Shipped
1959,1614,2022-09-02,UPI,Shipped
1960,1102,2025-11-22,Debit Card,Completed
1961,1196,2023-12-22,UPI,Completed
1962,289,2024-10-21,UPI,Completed
1963,1569,2023-03-31,Credit Card,Completed
1964,1836,2024-01-07,UPI,Completed
1965,1812,2022-06-19,Credit Card,Completed
1966,1013,2023-10-30,UPI,Completed
1967,879,2024-08-12,Debit Card,Completed
1968,1444,2024-04-30,UPI,Completed
1969,7,2025-12-10,Cash on Delivery,Completed
1970,1184,2024-09-20,UPI,Cancelled
1971,240,2024-10-02,UPI,Completed
1972,1987,2025-12-27,Cash on Delivery,Completed
1973,99999,2023-08-05,Cash on Delivery,Cancelled
1974,536,2025-02-25,UPI,Completed
1975,1750,2023-09-17,Cash on Delivery,Completed
1976,70,2022-12-27,UPI,Completed
1977,1904,2025-10-14,Credit Card,Cancelled
1978,216,2022-12-12,UPI,Shipped
1979,1128,2024-10-05,UPI,Completed
1980,1751,2025-10-30,Credit Card,Shipped
1981,1078,2023-12-29,Credit Card,Completed
1982,806,2023-01-03,Credit Card,Completed
1983,330,2023-07-25,Credit Card,Shipped
1984,848,2024-12-11,Net Banking,Shipped
1985,1227,2024-09-15,UPI,Completed
1986,1312,2022-05-05,UPI,Processing
1987,45,2024-02-05,Debit Card,Completed
1988,829,2024-05-13,UPI,Completed
1989,198,2023-09-05,Credit Card,Completed
1990,1240,2024-11-16,Credit Card,Cancelled
1991,1505,2024-07-06,UPI,Shipped
1992,1333,2024-03-13,Net Banking,Completed
1993,896,2023-03-14,UPI,Returned
1994,1459,2026-01-03,,Completed
1995,332,2024-05-20,UPI,Completed
1996,696,2025-04-12,UPI,Completed
1997,27,2022-12-14,UPI,Completed
1998,1190,2024-08-24,Debit Card,Completed
1999,318,2023-03-15,Debit Card,Completed
2000,1298,2022-05-30,Cash on Delivery,Completed
2001,1407,2025-10-13,UPI,Completed
2002,365,2025-12-31,UPI,Processing
2003,1127,2024-05-13,Net Banking,Shipped
2004,960,2025-02-15,UPI,Cancelled
2005,1527,2025-04-17,Net Banking,Cancelled
2006,1869,2024-06-26,Cash on Delivery,Completed
2007,373,2025-10-25,Cash on Delivery,Shipped
2008,1640,2025-03-22,UPI,Completed
2009,1950,2025-09-30,UPI,Processing
2010,245,2024-03-14,Credit Card,Shipped
2011,1841,2024-03-21,Debit Card,Completed
2012,1193,2023-01-04,UPI,Cancelled
2013,1652,2023-09-13,Debit Card,Shipped
2014,1677,2025-08-20,UPI,Cancelled
2015,1442,2024-09-01,Credit Card,Completed
2016,1380,2023-11-23,Cash on Delivery,Processing
2017,478,2023-05-06,UPI,Shipped
2018,125,2023-07-31,UPI,Completed
2019,537,2025-09-01,UPI,Processing
2020,706,2026-01-07,UPI,Completed
2021,1920,2022-04-17,UPI,Shipped
2022,1636,2025-03-11,UPI,Completed
2023,1426,2026-01-15,UPI,Processing
2024,1541,2025-07-02,Cash on Delivery,Shipped
2025,531,2023-03-30,Cash on Delivery,Processing
2026,1706,2024-11-28,UPI,Completed
2027,786,2024-03-16,UPI,Completed
2028,254,2025-10-30,UPI,Completed
2029,121,2024-01-16,Debit Card,Shipped
2030,1056,2025-01-28,Debit Card,Completed
2031,661,2025-03-04,Net Banking,Completed
2032,1802,2024-05-14,UPI,Shipped
2033,1061,2025-03-31,Debit Card,Completed
2034,1713,2025-03-02,Credit Card,Cancelled
2035,1366,2025-09-14,Cash on Delivery,Completed
2036,1037,2024-04-23,Credit Card,Returned
2037,1207,2025-11-01,Credit Card,Completed
2038,1681,2024-11-16,Debit Card,Completed
2039,1289,2025-07-05,Cash on Delivery,Completed
2040,88,2024-03-12,UPI,Shipped
2041,1964,2025-12-24,UPI,Completed
2042,1486,2025-01-21,UPI,Completed
2043,46,2024-01-20,UPI,Cancelled
2044,1416,2025-08-15,UPI,Completed
2045,1143,2025-01-02,Net Banking,Shipped
2046,933,2023-12-16,Credit Card,Shipped
2047,1555,2024-10-02,Debit Card,Completed
2048,1471,2023-04-14,Debit Card,Shipped
2049,1756,2025-01-13,Cash on Delivery,Completed
2050,1966,2025-04-26,Net Banking,Completed
2051,745,2024-08-31,Credit Card,Completed
2052,1630,2024-11-08,Credit Card,Processing
2053,967,2022-09-22,UPI,Completed
2054,763,2024-05-05,UPI,Completed
2055,762,2023-12-18,UPI,Shipped
2056,794,2022-12-12,UPI,Completed
2057,744,2022-10-17,Debit Card,Cancelled
2058,1070,2024-05-02,Credit Card,Completed
2059,1910,2025-05-03,UPI,Completed
2060,1532,2022-10-19,Net Banking,Shipped
2061,558,2024-04-13,UPI,Completed
2062,1995,2025-11-07,Credit Card,Completed
2063,526,2025-03-13,Debit Card,Cancelled
2064,597,2024-07-04,Credit Card,Completed
2065,1855,2022-04-14,UPI,Completed
2066,840,2025-03-23,Debit Card,Completed
2067,3,2025-03-23,UPI,Processing
2068,1052,2023-12-08,Credit Card,Completed
2069,1405,2025-05-15,UPI,Completed
2070,157,2025-10-21,Credit Card,Completed
2071,855,2023-07-25,UPI,Completed
2072,1938,2023-08-10,Debit Card,Completed
2073,1955,2023-07-23,UPI,Cancelled
2074,511,2025-04-18,Cash on Delivery,Completed
2075,1357,2024-10-21,Cash on Delivery,Completed
2076,1868,2025-06-27,UPI,Completed
2077,687,2025-02-25,UPI,Processing
2078,1138,2024-07-10,Debit Card,Completed
2079,1413,2023-10-11,UPI,Completed
2080,1511,2024-12-26,UPI,Completed
2081,1867,2025-04-25,UPI,Returned
2082,1274,2024-12-31,Credit Card,Completed
2083,571,2025-10-14,UPI,Completed
2084,715,2024-02-19,UPI,Completed
2085,1339,2024-03-02,Credit Card,Completed
2086,239,2024-04-11,UPI,Shipped
2087,1258,2022-12-20,UPI,Shipped
2088,303,2023-02-25,Net Banking,Completed
2089,607,2024-03-20,Debit Card,Completed
2090,991,2024-07-18,UPI,Completed
2091,1677,2025-08-25,UPI,Completed
2092,334,2024-06-05,Credit Card,Shipped
2093,113,2025-08-22,UPI,Completed
2094,1645,2025-10-09,Net Banking,Completed
2095,362,2025-09-09,Debit Card,Completed
2096,1881,2024-11-09,Net Banking,Processing
2097,801,2025-11-15,Cash on Delivery,Cancelled
2098,97,2023-12-24,Credit Card,Completed
2099,1982,2024-02-22,Debit Card,Completed
2100,1871,2024-05-13,,Returned
2101,16,2023-09-28,Credit Card,Completed
2102,556,2023-08-31,UPI,Completed
2103,1978,2025-02-20,Credit Card,Shipped
2104,376,2024-11-11,UPI,Completed
2105,742,2022-12-20,Debit Card,Completed
2106,390,2025-10-15,Debit Card,Cancelled
2107,620,2022-06-10,Net Banking,Completed
2108,1241,2025-03-31,Credit Card,Shipped
2109,1423,2025-09-29,Cash on Delivery,Completed
2110,1284,2025-06-10,UPI,Returned
2111,824,2025-12-10,UPI,Completed
2112,320,2024-06-27,Cash on Delivery,Processing
2113,196,2024-08-20,Debit Card,Completed
2114,1502,2023-12-23,Credit Card,Completed
2115,418,2025-04-13,UPI,Completed
2116,1499,2025-12-28,Debit Card,Processing
2117,607,2023-07-11,Cash on Delivery,Completed
2118,568,2024-04-10,UPI,Processing
2119,544,2023-10-19,Debit Card,Completed
2120,231,2024-10-08,UPI,Processing
2121,884,2025-12-21,UPI,Completed
2122,521,2024-10-31,Debit Card,Completed
2123,99999,2025-12-31,UPI,Completed
2124,1897,2024-06-16,UPI,Completed
2125,1224,2024-08-18,Debit Card,Completed
2126,846,2024-06-03,Debit Card,Shipped
2127,673,2025-05-21,UPI,Completed
2128,1623,2024-05-27,Net Banking,Completed
2129,21,2024-04-22,UPI,Completed
2130,1335,2023-12-26,Net Banking,Completed
2131,588,2023-09-20,Debit Card,Cancelled
2132,1977,2024-11-13,UPI,Completed
2133,898,2025-09-08,UPI,Shipped
2134,1677,2024-05-21,UPI,Completed
2135,1662,2024-04-27,UPI,Completed
2136,1787,2025-09-26,Credit Card,Completed
2137,1924,2024-04-16,UPI,Completed
2138,1620,2025-12-03,UPI,Completed
2139,1458,2025-04-12,Debit Card,Completed
2140,371,2022-12-26,UPI,Completed
2141,1584,2024-07-09,Credit Card,Completed
2142,1915,2023-04-18,UPI,Processing
2143,78,2024-02-27,Debit Card,Completed
2144,1566,2025-07-21,Credit Card,Shipped
2145,1309,2023-08-28,Debit Card,Completed
2146,648,2025-11-22,UPI,Processing
2147,140,2024-09-12,UPI,Completed
2148,553,2025-01-19,UPI,Completed
2149,998,2024-01-22,UPI,Completed
2150,282,2025-11-01,UPI,Completed
2151,1586,2024-05-13,Credit Card,Processing
2152,1282,2024-08-30,Credit Card,Completed
2153,1847,2026-01-27,Cash on Delivery,Cancelled
2154,1384,2023-07-09,UPI,Processing
2155,440,2024-03-12,Credit Card,Completed
2156,270,2025-04-14,Net Banking,Completed
2157,1158,2022-03-19,Credit Card,Cancelled
2158,746,2025-08-03,Credit Card,Completed
2159,1664,2025-02-08,Net Banking,Shipped
2160,104,2025-06-20,Net Banking,Cancelled
2161,766,2025-04-17,UPI,Shipped
2162,95,2025-11-08,Credit Card,Shipped
2163,1873,2024-05-10,Credit Card,Processing
2164,729,2024-09-28,Debit Card,Shipped
2165,1597,2024-08-13,Net Banking,Completed
2166,480,2024-12-06,UPI,Completed
2167,780,2024-12-18,Cash on Delivery,Shipped
2168,1265,2024-01-27,Credit Card,Cancelled
2169,13,2024-04-25,UPI,Completed
2170,1171,2025-06-29,Debit Card,Completed
2171,1964,2025-04-03,UPI,Completed
2172,1776,2025-03-18,UPI,Processing
2173,601,2024-01-05,Net Banking,Completed
2174,95,2025-10-16,UPI,Completed
2175,1851,2023-10-07,Credit Card,Cancelled
2176,293,2023-12-04,Cash on Delivery,Completed
2177,25,2024-03-15,Net Banking,Returned
2178,1296,2025-10-09,Cash on Delivery,Returned
2179,1529,2023-01-25,Credit Card,Cancelled
2180,1190,2025-07-27,Credit Card,Completed
2181,939,2024-04-19,UPI,Completed
2182,762,2024-07-06,Credit Card,Shipped
2183,1111,2024-03-28,Net Banking,Completed
2184,654,2025-07-06,Debit Card,Completed
2185,1670,2024-05-07,UPI,Cancelled
2186,985,2025-10-29,UPI,Completed
2187,1815,2025-03-18,Net Banking,Completed
2188,638,2025-09-25,Cash on Delivery,Completed
2189,1852,2024-04-08,Credit Card,Shipped
2190,491,2024-01-10,Credit Card,Processing
2191,1932,2023-04-18,UPI,Completed
2192,1165,2024-10-21,Debit Card,Completed
2193,1892,2025-01-26,Credit Card,Completed
2194,1127,2024-09-13,Debit Card,Completed
2195,1250,2024-08-18,UPI,Completed
2196,1926,2024-01-09,UPI,Completed
2197,575,2024-02-20,UPI,Completed
2198,294,2025-08-11,Net Banking,Completed
2199,896,2023-03-14,Net Banking,Processing
2200,1330,2025-03-12,Cash on Delivery,Completed
2201,1278,2025-01-12,Net Banking,Cancelled
2202,1204,2025-10-12,Debit Card,Processing
2203,40,2025-09-19,UPI,Shipped
2204,776,2025-10-24,Debit Card,Completed
2205,1725,2024-09-07,UPI,Processing
2206,520,2025-03-14,Credit Card,Cancelled
2207,1640,2024-07-07,UPI,Completed
2208,1761,2025-03-01,UPI,Completed
2209,546,2025-08-27,Debit Card,Completed
2210,236,2024-10-25,UPI,Completed
2211,463,2025-06-03,UPI,Completed
2212,1252,2025-06-21,Debit Card,Completed
2213,1724,2022-10-13,Debit Card,Completed
2214,1849,2025-10-30,Credit Card,Completed
2215,483,2022-06-22,UPI,Processing
2216,430,2024-02-09,UPI,Processing
2217,1046,2025-08-14,Debit Card,Returned
2218,343,2024-04-12,Debit Card,Completed
2219,1064,2025-01-12,UPI,Completed
2220,1197,2024-09-18,Net Banking,Processing
2221,1463,2023-10-20,UPI,Shipped
2222,1203,2024-04-20,UPI,Completed
2223,1622,2025-11-10,Credit Card,Completed
2224,133,2023-03-06,UPI,Cancelled
2225,351,2023-09-07,Net Banking,Completed
2226,1549,2025-02-05,UPI,Completed
2227,1564,2026-01-04,UPI,Completed
2228,506,2024-05-10,UPI,Cancelled
2229,84,2025-08-03,Credit Card,Completed
2230,993,2023-07-30,UPI,Shipped
2231,1488,2024-08-13,UPI,Completed
2232,830,2025-09-25,UPI,Completed
2233,861,2024-04-28,Credit Card,Completed
2234,343,2024-09-23,Debit Card,Completed
2235,1304,2025-01-30,Debit Card,Returned
2236,866,2026-01-30,Credit Card,Shipped
2237,1287,2025-11-03,UPI,Completed
2238,1190,2025-04-01,Cash on Delivery,Completed
2239,293,2024-12-09,Credit Card,Completed
2240,1533,2024-06-22,UPI,Cancelled
2241,1604,2023-06-02,Credit Card,Completed
2242,1250,2025-01-24,Debit Card,Completed
2243,1194,2025-03-26,UPI,Completed
2244,598,2024-03-06,UPI,Completed
2245,645,2022-09-26,UPI,Completed
2246,448,2025-06-02,Cash on Delivery,Completed
2247,690,2024-07-11,UPI,Completed
2248,1002,2023-02-20,Credit Card,Processing
2249,855,2025-04-27,UPI,Cancelled
2250,502,2023-07-06,UPI,Completed
2251,764,2025-11-07,UPI,Completed
2252,1551,2026-01-07,UPI,Completed
2253,735,2022-05-19,UPI,Shipped
2254,1403,2024-11-07,Credit Card,Completed
2255,1225,2025-02-09,Credit Card,Completed
2256,1643,2024-10-20,Debit Card,Processing
2257,250,2025-08-02,UPI,Completed
2258,1973,2025-09-03,Cash on Delivery,Completed
2259,1433,2025-12-11,Net Banking,Completed
2260,601,2025-09-20,UPI,Completed
2261,125,2024-02-10,Net Banking,Shipped
2262,113,2025-04-24,UPI,Processing
2263,981,2024-08-25,Debit Card,Completed
2264,1161,2024-07-17,UPI,Processing
2265,1783,2024-08-01,Credit Card,Completed
2266,1520,2025-03-05,Credit Card,Shipped
2267,1702,2024-12-28,UPI,Completed
2268,150,2024-01-01,Debit Card,Completed
2269,875,2025-11-20,Credit Card,Completed
2270,343,2024-03-27,Credit Card,Completed
2271,1969,2024-05-14,Net Banking,Cancelled
2272,580,2026-01-27,Net Banking,Completed
2273,1757,2024-04-02,Net Banking,Completed
2274,783,2023-04-06,Cash on Delivery,Cancelled
2275,321,2025-02-28,UPI,Completed
2276,822,2023-09-13,UPI,Completed
2277,1950,2023-07-26,UPI,Cancelled
2278,1885,2023-05-02,Net Banking,Cancelled
2279,532,2023-04-04,UPI,Completed
2280,1313,2025-03-31,UPI,Completed
2281,1513,2023-06-20,UPI,Returned
2282,492,2024-07-07,UPI,Completed
2283,612,2024-06-11,UPI,Completed
2284,252,2026-01-22,Credit Card,Completed
2285,1101,2024-09-02,UPI,Completed
2286,1671,2024-05-04,Credit Card,Completed
2287,1416,2025-02-12,Cash on Delivery,Shipped
2288,1436,2025-03-25,Debit Card,Completed
2289,173,2023-07-07,UPI,Cancelled
2290,875,2024-08-10,Cash on Delivery,Completed
2291,201,2024-12-26,Debit Card,Completed
2292,217,2025-10-27,UPI,Completed
2293,376,2025-01-17,Debit Card,Processing
2294,1744,2023-10-29,Debit Card,Completed
2295,1610,2023-08-20,Credit Card,Completed
2296,11,2025-10-01,UPI,Returned
2297,1823,2025-01-07,Credit Card,Returned
2298,1792,2025-02-04,Debit Card,Completed
2299,1036,2025-12-03,UPI,Completed
2300,892,2026-01-25,Debit Card,Completed
2301,1614,2023-02-14,UPI,Completed
2302,435,2025-12-08,Credit Card,Cancelled
2303,1708,2023-04-08,UPI,Completed
2304,1632,2023-10-14,UPI,Completed
2305,818,2024-11-15,Cash on Delivery,Completed
2306,1397,2024-04-10,Debit Card,Completed
2307,1297,2023-11-10,UPI,Shipped
2308,931,2023-01-21,UPI,Cancelled
2309,1921,2025-07-15,Debit Card,Completed
2310,1949,2024-03-25,Cash on Delivery,Completed
2311,691,2024-01-28,Debit Card,Completed
2312,1600,2026-01-23,Credit Card,Completed
2313,1533,2025-07-23,Net Banking,Completed
2314,1156,2025-10-21,Debit Card,Returned
2315,855,2025-10-07,UPI,Completed
2316,1948,2024-01-28,Credit Card,Completed
2317,784,2025-11-13,UPI,Completed
2318,319,2024-10-30,Debit Card,Completed
2319,844,2023-09-08,UPI,Completed
2320,1973,2024-08-01,UPI,Shipped
2321,1877,2025-06-20,UPI,Completed
2322,621,2023-11-01,UPI,Completed
2323,785,2024-09-09,UPI,Completed
2324,1192,2024-11-24,Debit Card,Completed
2325,397,2024-10-20,UPI,Completed
2326,1204,2024-08-27,Credit Card,Completed
2327,1082,2025-07-02,Credit Card,Processing
2328,1504,2024-02-26,Credit Card,Shipped
2329,1957,2026-01-09,Credit Card,Returned
2330,1615,2024-04-28,UPI,Shipped
2331,460,2024-11-05,UPI,Completed
2332,61,2023-08-22,Cash on Delivery,Completed
2333,369,2024-06-10,Credit Card,Completed
2334,1145,2023-07-06,Debit Card,Completed
2335,719,2023-10-04,Credit Card,Completed
2336,546,2024-08-02,UPI,Shipped
2337,1606,2025-08-06,Debit Card,Completed
2338,1041,2024-07-24,UPI,Returned
2339,496,2025-06-04,Net Banking,Completed
2340,497,2025-12-28,UPI,Completed
2341,505,2025-02-01,Credit Card,Processing
2342,1556,2024-06-03,UPI,Completed
2343,969,2024-02-15,Cash on Delivery,Processing
2344,1339,2024-08-01,Net Banking,Completed
2345,1093,2024-08-29,UPI,Shipped
2346,1751,2024-10-23,UPI,Completed
2347,161,2023-03-02,UPI,Completed
2348,1638,2024-12-28,Debit Card,Shipped
2349,1912,2024-11-13,UPI,Completed
2350,718,2025-08-29,Credit Card,Completed
2351,1169,2024-05-01,UPI,Shipped
2352,1593,2024-06-06,Debit Card,Cancelled
2353,1619,2024-08-28,Credit Card,Completed
2354,993,2023-11-27,Debit Card,Completed
2355,1409,2024-09-17,Debit Card,Shipped
2356,269,2025-09-01,UPI,Processing
2357,1947,2024-11-13,Credit Card,Returned
2358,1478,2025-11-24,Credit Card,Completed
2359,699,2025-10-01,Credit Card,Completed
2360,1542,2023-04-11,UPI,Completed
2361,865,2024-12-11,Debit Card,Completed
2362,350,2024-01-13,Net Banking,Completed
2363,110,2025-05-25,Net Banking,Completed
2364,1507,2025-08-06,Debit Card,Completed
2365,407,2025-12-14,UPI,Completed
2366,650,2025-03-11,UPI,Cancelled
2367,51,2024-11-19,UPI,Shipped
2368,1427,2024-01-19,UPI,Completed
2369,1587,2024-07-13,UPI,Processing
2370,1500,2025-05-12,UPI,Returned
2371,1111,2024-03-23,Cash on Delivery,Completed
2372,1092,2023-11-25,Net Banking,Completed
2373,596,2024-07-03,Net Banking,Completed
2374,979,2024-11-16,UPI,Completed
2375,1066,2024-04-23,Cash on Delivery,Completed
2376,731,2024-11-05,UPI,Completed
2377,57,2024-02-26,Credit Card,Completed
2378,738,2024-08-27,Credit Card,Completed
2379,196,2025-01-05,Credit Card,Completed
2380,1784,2023-12-24,Net Banking,Completed
2381,1702,2022-06-09,UPI,Completed
2382,1086,2023-05-15,Credit Card,Completed
2383,1287,2022-09-06,UPI,Completed
2384,112,2025-10-05,Cash on Delivery,Processing
2385,765,2025-04-15,UPI,Shipped
2386,711,2023-07-13,Debit Card,Completed
2387,1202,2024-07-06,Debit Card,Cancelled
2388,948,2025-10-25,Debit Card,Shipped
2389,26,2025-05-03,Credit Card,Completed
2390,410,2025-05-21,UPI,Completed
2391,758,2024-03-21,Credit Card,Completed
2392,531,2023-06-22,Net Banking,Completed
2393,1801,2024-11-07,Cash on Delivery,Completed
2394,1341,2023-04-15,UPI,Completed
2395,1556,2024-08-26,UPI,Processing
2396,1130,2026-01-17,Credit Card,Completed
2397,749,2023-10-07,Debit Card,Completed
2398,1842,2022-11-25,UPI,Completed
2399,1488,2026-01-04,Debit Card,Cancelled
2400,246,2025-01-03,Net Banking,Completed
2401,1105,2024-10-07,Credit Card,Completed
2402,662,2024-10-10,UPI,Completed
2403,909,2023-12-28,Cash on Delivery,Completed
2404,396,2023-11-19,Credit Card,Completed
2405,522,2024-03-10,UPI,Shipped
2406,1857,2024-02-24,UPI,Completed
2407,1760,2025-02-03,UPI,Completed
2408,926,2024-08-01,Debit Card,Completed
2409,264,2025-10-04,UPI,Cancelled
2410,1685,2025-08-21,UPI,Completed
2411,790,2024-07-20,Debit Card,Processing
2412,1298,2023-02-19,UPI,Completed
2413,1730,2025-09-01,UPI,Completed
2414,1968,2024-06-17,Debit Card,Shipped
2415,172,2026-01-03,Cash on Delivery,Completed
2416,265,2024-02-26,UPI,Completed
2417,1987,2023-05-15,UPI,Completed
2418,1846,2025-01-06,Debit Card,Completed
2419,1050,2024-10-02,Credit Card,Completed
2420,1493,2026-01-13,Credit Card,Completed
2421,1886,2025-05-01,UPI,Completed
2422,476,2023-09-21,UPI,Completed
2423,356,2024-11-25,Debit Card,Completed
2424,1050,2024-01-10,Credit Card,Completed
2425,34,2024-07-19,Cash on Delivery,Completed
2426,264,2026-01-18,Credit Card,Completed
2427,1162,2025-08-24,Credit Card,Shipped
2428,816,2023-02-18,Net Banking,Completed
2429,1719,2022-07-24,UPI,Completed
2430,875,2023-11-07,Credit Card,Shipped
2431,754,2024-12-21,UPI,Completed
2432,566,2024-08-16,UPI,Completed
2433,462,2024-07-17,UPI,Completed
2434,1192,2025-11-05,UPI,Completed
2435,1655,2025-03-14,Net Banking,Completed
2436,655,2025-11-16,Credit Card,Completed
2437,81,2022-07-06,Cash on Delivery,Completed
2438,757,2024-01-18,Credit Card,Shipped
2439,1938,2024-04-06,Credit Card,Completed
2440,1888,2025-04-22,UPI,Completed
2441,870,2025-08-14,Credit Card,Cancelled
2442,1431,2025-07-16,Credit Card,Completed
2443,1598,2025-06-30,UPI,Completed
2444,1070,2024-09-26,Debit Card,Processing
2445,599,2024-05-25,UPI,Completed
2446,1635,2025-05-31,Credit Card,Cancelled
2447,807,2025-10-21,Credit Card,Completed
2448,1935,2023-06-27,Net Banking,Completed
2449,1077,2025-11-01,UPI,Completed
2450,984,2025-05-07,Credit Card,Completed
2451,704,2024-12-24,Credit Card,Cancelled
2452,1983,2024-02-20,UPI,Processing
2453,476,2023-11-01,Credit Card,Completed
2454,592,2025-11-07,UPI,Completed
2455,16,2025-03-29,UPI,Processing
2456,1384,2023-06-22,UPI,Shipped
2457,487,2025-03-24,Cash on Delivery,Completed
2458,1862,2025-05-05,UPI,Shipped
2459,706,2024-10-16,Credit Card,Processing
2460,1526,2023-05-18,UPI,Shipped
2461,1165,2024-08-23,UPI,Completed
2462,620,2023-08-06,UPI,Returned
2463,1839,2023-06-02,Credit Card,Completed
2464,1019,2022-10-18,UPI,Shipped
2465,777,2025-07-26,UPI,Completed
2466,447,2024-11-01,Cash on Delivery,Cancelled
2467,290,2025-07-24,Credit Card,Completed
2468,209,2024-06-11,UPI,Completed
2469,1499,2025-11-26,Credit Card,Completed
2470,413,2024-11-17,UPI,Completed
2471,677,2025-11-09,Credit Card,Cancelled
2472,1451,2025-05-26,UPI,Cancelled
2473,1878,2025-02-07,UPI,Completed
2474,1395,2022-10-06,UPI,Completed
2475,1856,2023-10-19,UPI,Completed
2476,664,2024-12-10,Cash on Delivery,Completed
2477,1991,2023-12-22,UPI,Processing
2478,290,2025-02-08,UPI,Shipped
2479,1456,2025-12-08,Credit Card,Completed
2480,1292,2025-03-14,Credit Card,Completed
2481,151,2025-05-09,UPI,Shipped
2482,1743,2025-06-14,UPI,Completed
2483,99999,2024-03-07,UPI,Completed
2484,1377,2025-12-31,UPI,Completed
2485,1401,2024-09-10,UPI,Completed
2486,1677,2022-08-31,UPI,Completed
2487,855,2025-08-31,Credit Card,Cancelled
2488,1382,2024-10-15,,Completed
2489,608,2025-12-03,Credit Card,Processing
2490,1965,2025-05-19,UPI,Completed
2491,370,2025-02-19,Debit Card,Completed
2492,1251,2025-03-05,Credit Card,Completed
2493,705,2025-04-03,Cash on Delivery,Completed
2494,1327,2025-08-03,Credit Card,Completed
2495,826,2024-11-19,Credit Card,Shipped
2496,1005,2025-05-13,UPI,Shipped
2497,1413,2023-03-18,UPI,Cancelled
2498,377,2024-02-28,UPI,Completed
2499,973,2024-10-22,UPI,Completed
2500,118,2023-06-17,UPI,Completed
2501,1029,2024-12-07,Credit Card,Completed
2502,444,2025-11-17,Credit Card,Completed
2503,1376,2023-12-26,Net Banking,Processing
2504,755,2024-01-20,UPI,Completed
2505,1557,2025-04-27,UPI,Processing
2506,1688,2022-10-18,Cash on Delivery,Completed
2507,640,2025-02-03,Net Banking,Completed
2508,124,2025-05-15,Credit Card,Completed
2509,658,2024-05-26,UPI,Completed
2510,1301,2022-08-22,Credit Card,Cancelled
2511,822,2025-12-03,UPI,Processing
2512,1418,2023-06-14,Cash on Delivery,Shipped
2513,664,2025-09-06,Debit Card,Returned
2514,360,2025-12-17,UPI,Completed
2515,623,2024-12-10,Cash on Delivery,Completed
2516,1493,2025-12-30,Credit Card,Processing
2517,1652,2025-12-25,Net Banking,Completed
2518,1724,2025-10-18,Net Banking,Completed
2519,1081,2024-09-26,UPI,Completed
2520,1275,2025-12-30,UPI,Completed
2521,1920,2025-08-25,Credit Card,Shipped
2522,919,2023-06-29,Net Banking,Completed
2523,1174,2025-08-08,Net Banking,Completed
2524,452,2024-07-19,Credit Card,Completed
2525,1186,2025-10-07,UPI,Completed
2526,120,2024-03-25,UPI,Cancelled
2527,582,2026-01-02,Debit Card,Completed
2528,1948,2023-03-24,Credit Card,Completed
2529,1375,2025-02-10,Credit Card,Completed
2530,99,2024-06-26,Credit Card,Completed
2531,1191,2025-05-02,Debit Card,Completed
2532,1834,2025-05-15,Cash on Delivery,Shipped
2533,1687,2024-06-29,UPI,Completed
2534,1862,2024-08-05,UPI,Completed
2535,2000,2025-06-29,Debit Card,Shipped
2536,514,2024-10-29,Cash on Delivery,Shipped
2537,664,2024-02-01,UPI,Completed
2538,401,2024-04-08,UPI,Completed
2539,365,2025-08-24,UPI,Completed
2540,1601,2025-12-16,UPI,Completed
2541,1350,2025-12-11,UPI,Completed
2542,581,2025-10-21,Credit Card,Completed
2543,1657,2023-01-16,UPI,Completed
2544,621,2024-09-29,Credit Card,Shipped
2545,828,2025-03-10,UPI,Shipped
2546,247,2023-08-20,UPI,Completed
2547,434,2026-01-02,Credit Card,Completed
2548,1117,2024-04-25,Credit Card,Completed
2549,1292,2023-11-16,UPI,Completed
2550,615,2025-01-16,Cash on Delivery,Completed
2551,943,2026-01-17,UPI,Shipped
2552,963,2022-06-28,UPI,Completed
2553,624,2024-01-12,Credit Card,Completed
2554,321,2023-11-12,,Completed
2555,1947,2024-10-22,UPI,Processing
2556,1840,2024-04-21,UPI,Processing
2557,856,2023-08-29,Credit Card,Processing
2558,62,2024-01-03,UPI,Completed
2559,300,2023-07-14,Debit Card,Shipped
2560,403,2025-01-08,UPI,Processing
2561,955,2025-09-01,Cash on Delivery,Completed
2562,1672,2025-11-12,UPI,Completed
2563,1591,2025-05-04,Net Banking,Shipped
2564,1644,2025-08-10,UPI,Cancelled
2565,1327,2024-11-09,Cash on Delivery,Returned
2566,1794,2023-03-21,UPI,Completed
2567,253,2025-09-22,UPI,Returned
2568,1758,2023-04-17,UPI,Completed
2569,478,2025-09-30,Cash on Delivery,Completed
2570,1393,2024-07-10,UPI,Returned
2571,1703,2024-03-31,UPI,Processing
2572,1965,2025-08-14,UPI,Shipped
2573,160,2023-07-21,Net Banking,Cancelled
2574,961,2026-01-02,UPI,Shipped
2575,1190,2024-02-20,UPI,Completed
2576,205,2023-02-16,Net Banking,Cancelled
2577,1291,2024-12-06,Cash on Delivery,Returned
2578,1162,2024-04-22,UPI,Completed
2579,1392,2024-11-30,Cash on Delivery,Completed
2580,1467,2023-10-09,UPI,Completed
2581,858,2022-12-05,UPI,Processing
2582,760,2022-09-02,Cash on Delivery,Shipped
2583,1591,2023-07-04,Debit Card,Returned
2584,1940,2025-05-18,UPI,Completed
2585,721,2025-08-07,UPI,Shipped
2586,1041,2024-03-15,UPI,Processing
2587,68,2025-01-22,Debit Card,Completed
2588,133,2024-05-02,Net Banking,Completed
2589,1724,2022-03-12,UPI,Completed
2590,919,2024-02-25,Cash on Delivery,Shipped
2591,430,2024-01-19,UPI,Shipped
2592,308,2023-12-30,Debit Card,Processing
2593,650,2024-03-15,UPI,Completed
2594,1198,2024-11-06,Credit Card,Completed
2595,412,2023-11-26,UPI,Shipped
2596,97,2024-04-26,Net Banking,Completed
2597,1707,2024-12-22,UPI,Completed
2598,1178,2025-05-31,UPI,Completed
2599,1719,2025-09-03,Cash on Delivery,Completed
2600,1266,2024-11-05,UPI,Shipped
2601,1328,2022-12-23,UPI,Shipped
2602,1309,2025-07-10,Credit Card,Completed
2603,1051,2025-06-13,Cash on Delivery,Shipped
2604,1426,2024-04-30,UPI,Completed
2605,1384,2025-04-20,,Completed
2606,1084,2024-03-12,UPI,Processing
2607,202,2025-04-19,Net Banking,Completed
2608,762,2026-01-08,UPI,Completed
2609,874,2024-08-19,UPI,Shipped
2610,581,2023-10-27,Credit Card,Completed
2611,1994,2024-01-06,UPI,Completed
2612,370,2022-06-02,UPI,Completed
2613,533,2025-02-11,Net Banking,Returned
2614,1176,2025-04-15,UPI,Completed
2615,99999,2025-02-13,Debit Card,Completed
2616,899,2025-12-19,Cash on Delivery,Shipped
2617,607,2026-01-13,UPI,Cancelled
2618,1470,2024-11-06,UPI,Completed
2619,873,2024-09-27,Cash on Delivery,Completed
2620,1253,2024-09-05,Debit Card,Completed
2621,1149,2024-08-09,UPI,Completed
2622,770,2024-07-15,UPI,Completed
2623,834,2025-07-14,Credit Card,Completed
2624,999,2025-02-03,UPI,Completed
2625,1905,2022-07-19,Credit Card,Completed
2626,938,2024-08-27,Net Banking,Completed
2627,236,2023-11-28,UPI,Cancelled
2628,162,2025-12-31,Cash on Delivery,Completed
2629,554,2023-09-12,Debit Card,Completed
2630,788,2024-09-20,UPI,Processing
2631,1377,2025-04-28,Debit Card,Completed
2632,1092,2023-07-12,Credit Card,Completed
2633,1197,2024-06-26,UPI,Shipped
2634,1867,2024-03-09,UPI,Completed
2635,1661,2024-12-02,Credit Card,Completed
2636,1706,2024-12-13,Credit Card,Cancelled
2637,559,2024-06-11,Net Banking,Completed
2638,261,2025-08-15,Cash on Delivery,Shipped
2639,217,2022-12-06,UPI,Shipped
2640,1841,2025-05-30,Debit Card,Completed
2641,1148,2024-09-08,UPI,Shipped
2642,805,2024-06-23,UPI,Returned
2643,1186,2025-06-29,UPI,Completed
2644,201,2024-06-26,Credit Card,Shipped
2645,1478,2024-04-23,UPI,Completed
2646,402,2024-08-25,UPI,Completed
2647,1486,2024-10-15,UPI,Completed
2648,275,2023-12-16,UPI,Completed
2649,206,2025-10-02,Net Banking,Completed
2650,1064,2025-05-25,Net Banking,Completed
2651,1297,2025-04-18,Debit Card,Returned
2652,1724,2023-01-23,Credit Card,Completed
2653,867,2024-11-07,Debit Card,Completed
2654,93,2022-05-10,Debit Card,Completed
2655,1066,2024-10-11,Debit Card,Returned
2656,1489,2024-03-05,UPI,Completed
2657,379,2023-06-04,UPI,Shipped
2658,1131,2025-09-07,UPI,Shipped
2659,1352,2025-01-09,UPI,Completed
2660,65,2024-04-10,UPI,Completed
2661,365,2025-01-04,Debit Card,Completed
2662,821,2025-04-15,Debit Card,Completed
2663,1508,2025-03-02,UPI,Completed
2664,1671,2024-06-28,UPI,Completed
2665,1925,2024-11-10,Credit Card,Completed
2666,1048,2023-09-30,UPI,Completed
2667,540,2026-01-30,UPI,Completed
2668,1086,2025-04-30,Cash on Delivery,Shipped
2669,491,2024-07-11,Credit Card,Completed
2670,1297,2023-02-18,Cash on Delivery,Completed
2671,229,2022-11-01,Cash on Delivery,Returned
2672,1044,2025-03-17,Cash on Delivery,Completed
2673,3,2024-09-01,UPI,Completed
2674,1445,2024-10-20,UPI,Completed
2675,1754,2025-06-16,UPI,Processing
2676,911,2024-07-31,UPI,Completed
2677,307,2024-08-31,Credit Card,Completed
2678,432,2024-10-25,Debit Card,Completed
2679,136,2025-09-28,Net Banking,Completed
2680,1933,2022-10-15,Cash on Delivery,Completed
2681,1968,2024-11-01,Credit Card,Shipped
2682,515,2023-07-20,Credit Card,Completed
2683,193,2024-02-04,UPI,Completed
2684,1609,2024-09-26,UPI,Completed
2685,1439,2025-10-04,Cash on Delivery,Cancelled
2686,873,2023-03-15,UPI,Returned
2687,1142,2025-01-03,Credit Card,Shipped
2688,666,2024-02-29,Cash on Delivery,Processing
2689,209,2023-07-29,UPI,Completed
2690,952,2026-01-23,Net Banking,Processing
2691,1058,2025-01-20,UPI,Completed
2692,649,2023-03-23,Cash on Delivery,Completed
2693,1342,2023-12-07,UPI,Processing
2694,120,2023-11-24,UPI,Cancelled
2695,627,2025-05-24,UPI,Completed
2696,525,2024-04-17,Debit Card,Completed
2697,1605,2025-11-07,Cash on Delivery,Cancelled
2698,1961,2024-08-17,Credit Card,Completed
2699,1869,2024-09-07,Net Banking,Returned
2700,769,2022-12-03,Cash on Delivery,Shipped
2701,1113,2025-10-15,UPI,Processing
2702,512,2024-01-30,Debit Card,Completed
2703,47,2024-02-01,UPI,Completed
2704,772,2025-01-30,Credit Card,Completed
2705,740,2024-03-01,UPI,Processing
2706,1983,2023-01-27,UPI,Shipped
2707,1716,2025-04-23,Credit Card,Completed
2708,522,2024-01-10,UPI,Shipped
2709,1308,2025-11-13,Credit Card,Shipped
2710,1401,2024-12-04,Net Banking,Cancelled
2711,1662,2025-08-12,UPI,Completed
2712,134,2024-08-25,Debit Card,Completed
2713,1691,2024-09-14,Credit Card,Completed
2714,248,2024-08-11,UPI,Completed
2715,1676,2025-10-10,Debit Card,Returned
2716,1342,2024-12-03,UPI,Completed
2717,436,2025-07-21,UPI,Cancelled
2718,1200,2022-11-05,UPI,Returned
2719,1859,2024-03-14,Credit Card,Completed
2720,686,2024-07-24,Credit Card,Cancelled
2721,586,2026-01-09,UPI,Completed
2722,351,2023-06-16,UPI,Shipped
2723,143,2025-05-23,Cash on Delivery,Completed
2724,99999,2023-03-06,Cash on Delivery,Returned
2725,804,2024-12-05,Credit Card,Completed
2726,1422,2025-09-07,UPI,Cancelled
2727,1648,2025-09-07,UPI,Shipped
2728,718,2025-07-24,Cash on Delivery,Completed
2729,643,2023-09-19,,Completed
2730,1393,2024-10-28,UPI,Completed
2731,501,2025-10-19,Credit Card,Completed
2732,1646,2024-08-26,Debit Card,Processing
2733,370,2025-02-16,Credit Card,Completed
2734,1603,2025-12-08,UPI,Returned
2735,1406,2024-12-12,Debit Card,Processing
2736,1110,2025-02-19,Credit Card,Completed
2737,787,2024-08-21,Debit Card,Completed
2738,739,2024-05-13,UPI,Cancelled
2739,1484,2023-12-02,Debit Card,Completed
2740,950,2025-03-15,Credit Card,Completed
2741,1349,2025-11-17,Credit Card,Completed
2742,522,2024-11-23,Credit Card,Returned
2743,489,2025-12-24,UPI,Completed
2744,1953,2025-06-20,UPI,Completed
2745,397,2025-09-27,UPI,Completed
2746,896,2023-10-24,UPI,Completed
2747,355,2025-02-05,Credit Card,Completed
2748,947,2025-08-14,Debit Card,Cancelled
2749,288,2024-04-21,UPI,Completed
2750,1483,2025-05-31,Net Banking,Shipped
2751,1648,2024-12-07,UPI,Completed
2752,998,2023-08-03,UPI,Completed
2753,536,2024-12-22,UPI,Completed
2754,1315,2024-08-02,Credit Card,Processing
2755,851,2025-03-03,Debit Card,Shipped
2756,838,2023-02-15,Net Banking,Completed
2757,168,2024-05-06,UPI,Completed
2758,950,2022-12-09,UPI,Processing
2759,621,2023-05-15,Debit Card,Completed
2760,428,2024-09-24,Debit Card,Completed
2761,1726,2024-08-29,Net Banking,Completed
2762,490,2025-11-10,UPI,Completed
2763,355,2024-05-12,Debit Card,Completed
2764,196,2023-02-07,UPI,Completed
2765,545,2023-10-18,Credit Card,Completed
2766,717,2025-04-30,UPI,Completed
2767,824,2025-10-22,Credit Card,Processing
2768,932,2024-08-21,Credit Card,Completed
2769,1718,2025-05-03,UPI,Completed
2770,1003,2024-12-10,UPI,Completed
2771,659,2023-12-31,UPI,Processing
2772,939,2025-08-06,UPI,Completed
2773,780,2023-08-25,UPI,Shipped
2774,11,2025-11-15,UPI,Completed
2775,1606,2025-12-07,Debit Card,Processing
2776,1280,2025-02-28,UPI,Completed
2777,396,2025-12-01,UPI,Completed
2778,731,2025-03-21,Net Banking,Shipped
2779,1833,2025-10-06,UPI,Completed
2780,409,2025-08-12,Debit Card,Processing
2781,362,2025-02-10,Credit Card,Completed
2782,1283,2023-05-07,Net Banking,Completed
2783,1027,2023-05-29,UPI,Processing
2784,84,2025-04-12,Debit Card,Processing
2785,156,2025-10-22,UPI,Processing
2786,1687,2024-09-04,Net Banking,Completed
2787,1200,2022-12-15,UPI,Returned
2788,707,2023-01-16,Credit Card,Completed
2789,1962,2024-10-31,UPI,Completed
2790,472,2025-03-28,Net Banking,Completed
2791,619,2023-03-19,Debit Card,Returned
2792,1448,2025-01-09,UPI,Completed
2793,134,2025-06-16,UPI,Shipped
2794,788,2025-12-30,UPI,Completed
2795,907,2025-12-14,UPI,Completed
2796,864,2022-12-12,UPI,Completed
2797,1404,2023-11-15,Net Banking,Completed
2798,667,2024-09-16,Credit Card,Completed
2799,277,2025-12-27,Net Banking,Completed
2800,1260,2023-08-29,UPI,Completed
2801,1776,2024-11-14,Debit Card,Completed
2802,882,2022-08-06,Credit Card,Completed
2803,13,2024-07-16,UPI,Completed
2804,342,2024-10-22,Credit Card,Completed
2805,35,2023-08-12,UPI,Completed
2806,559,2025-02-12,Net Banking,Completed
2807,1238,2023-08-07,Credit Card,Completed
2808,1436,2025-10-04,Cash on Delivery,Completed
2809,405,2023-09-25,Debit Card,Shipped
2810,1518,2024-01-12,Credit Card,Completed
2811,658,2025-10-20,Credit Card,Cancelled
2812,159,2023-10-05,UPI,Cancelled
2813,956,2024-07-29,UPI,Shipped
2814,1661,2025-08-07,Debit Card,Shipped
2815,1134,2026-01-07,Cash on Delivery,Completed
2816,549,2023-03-12,UPI,Shipped
2817,1813,2025-05-30,Net Banking,Completed
2818,1550,2023-08-13,UPI,Completed
2819,985,2025-08-13,Credit Card,Completed
2820,1371,2024-11-13,UPI,Completed
2821,1768,2025-06-14,UPI,Shipped
2822,1852,2024-09-09,UPI,Completed
2823,1660,2024-06-24,UPI,Completed
2824,279,2025-06-30,UPI,Completed
2825,479,2024-07-05,UPI,Returned
2826,111,2025-01-19,UPI,Completed
2827,1660,2024-11-04,UPI,Completed
2828,1949,2026-01-13,UPI,Returned
2829,431,2023-11-08,Credit Card,Completed
2830,542,2025-09-19,Cash on Delivery,Cancelled
2831,1139,2025-10-03,UPI,Processing
2832,1114,2024-08-12,UPI,Completed
2833,1236,2025-09-04,Debit Card,Completed
2834,1574,2025-08-14,UPI,Completed
2835,1619,2024-07-25,Debit Card,Completed
2836,1563,2025-09-25,UPI,Returned
2837,1753,2024-04-29,UPI,Completed
2838,360,2024-12-04,UPI,Cancelled
2839,1510,2025-08-17,UPI,Completed
2840,372,2024-04-06,Debit Card,Returned
2841,1239,2023-11-02,UPI,Completed
2842,1757,2023-12-03,Net Banking,Completed
2843,1039,2024-10-09,UPI,Completed
2844,955,2025-07-04,Net Banking,Completed
2845,259,2024-09-26,UPI,Completed
2846,778,2022-06-06,UPI,Completed
2847,1487,2025-08-24,Credit Card,Completed
2848,120,2025-10-07,UPI,Completed
2849,976,2025-07-01,Cash on Delivery,Completed
2850,913,2022-09-30,UPI,Shipped
2851,1152,2024-12-29,Debit Card,Shipped
2852,723,2023-11-29,UPI,Shipped
2853,523,2025-07-12,Credit Card,Processing
2854,1712,2024-05-06,Credit Card,Processing
2855,1669,2025-05-19,Debit Card,Completed
2856,325,2023-09-15,UPI,Completed
2857,1344,2024-09-28,Net Banking,Completed
2858,1530,2024-09-11,,Completed
2859,1550,2024-11-26,Cash on Delivery,Completed
2860,1074,2024-11-24,Credit Card,Completed
2861,1946,2024-04-28,UPI,Completed
2862,1608,2024-05-31,UPI,Completed
2863,69,2025-02-06,Net Banking,Shipped
2864,391,2022-12-24,,Completed
2865,383,2024-09-08,UPI,Completed
2866,16,2025-07-16,UPI,Completed
2867,1463,2023-07-27,Cash on Delivery,Completed
2868,846,2026-01-03,UPI,Completed
2869,869,2024-08-19,UPI,Completed
2870,568,2025-01-20,Net Banking,Completed
2871,1641,2024-01-10,Cash on Delivery,Completed
2872,132,2023-10-06,Cash on Delivery,Completed
2873,1584,2024-09-25,UPI,Completed
2874,1272,2025-08-03,UPI,Completed
2875,273,2025-10-02,Credit Card,Shipped
2876,1647,2023-04-14,Credit Card,Completed
2877,1956,2023-09-28,UPI,Completed
2878,1862,2025-06-27,Cash on Delivery,Completed
2879,1872,2025-10-26,Cash on Delivery,Completed
2880,1373,2025-08-08,UPI,Returned
2881,484,2024-02-27,UPI,Completed
2882,550,2022-03-11,UPI,Completed
2883,357,2024-04-20,Credit Card,Completed
2884,1776,2024-09-17,UPI,Cancelled
2885,1342,2024-12-06,Credit Card,Cancelled
2886,1657,2025-12-18,Credit Card,Processing
2887,1072,2025-12-25,Cash on Delivery,Completed
2888,1034,2025-07-23,UPI,Cancelled
2889,233,2024-12-31,Credit Card,Completed
2890,36,2025-07-22,Debit Card,Shipped
2891,413,2024-06-30,Credit Card,Cancelled
2892,1486,2024-09-03,Net Banking,Shipped
2893,1028,2024-08-27,Credit Card,Completed
2894,44,2024-10-04,Cash on Delivery,Shipped
2895,568,2025-05-31,UPI,Completed
2896,1578,2023-11-06,Credit Card,Completed
2897,1279,2023-07-20,Credit Card,Shipped
2898,740,2024-09-03,Net Banking,Completed
2899,114,2024-11-22,UPI,Completed
2900,1773,2024-09-07,UPI,Completed
2901,397,2024-04-28,Credit Card,Completed
2902,1198,2025-08-05,UPI,Completed
2903,1279,2024-02-12,Credit Card,Completed
2904,466,2025-07-20,Net Banking,Cancelled
2905,1953,2024-09-29,Net Banking,Completed
2906,1301,2024-09-25,UPI,Completed
2907,1488,2025-07-08,UPI,Returned
2908,847,2024-10-31,Credit Card,Completed
2909,502,2023-10-29,Credit Card,Completed
2910,441,2024-09-27,Debit Card,Completed
2911,69,2025-08-08,Debit Card,Completed
2912,1533,2024-01-02,Credit Card,Shipped
2913,326,2024-01-25,UPI,Completed
2914,1766,2023-07-20,Debit Card,Completed
2915,67,2025-04-01,UPI,Completed
2916,304,2024-02-29,UPI,Completed
2917,972,2024-06-04,Debit Card,Shipped
2918,484,2025-03-27,Credit Card,Completed
2919,929,2024-01-10,Debit Card,Completed
2920,1572,2025-12-31,UPI,Shipped
2921,1441,2025-05-21,UPI,Completed
2922,1183,2023-09-18,UPI,Cancelled
2923,149,2024-05-24,Credit Card,Completed
2924,1051,2023-08-03,UPI,Completed
2925,987,2025-06-07,Debit Card,Completed
2926,584,2024-12-19,Debit Card,Shipped
2927,248,2025-02-26,Credit Card,Shipped
2928,1125,2025-07-31,Cash on Delivery,Shipped
2929,702,2024-08-15,Cash on Delivery,Completed
2930,96,2025-08-29,Cash on Delivery,Completed
2931,1408,2025-05-04,Debit Card,Completed
2932,282,2025-01-08,UPI,Processing
2933,322,2023-07-12,Credit Card,Completed
2934,1420,2023-08-01,Debit Card,Completed
2935,1302,2025-07-23,UPI,Completed
2936,529,2025-08-24,Debit Card,Completed
2937,263,2025-07-18,Credit Card,Completed
2938,1643,2025-10-06,UPI,Completed
2939,580,2025-11-24,Credit Card,Completed
2940,1664,2025-08-02,UPI,Completed
2941,1317,2025-03-05,UPI,Shipped
2942,294,2023-09-05,Cash on Delivery,Completed
2943,1632,2025-02-28,Credit Card,Cancelled
2944,395,2024-07-13,Credit Card,Processing
2945,513,2023-12-08,UPI,Completed
2946,921,2024-05-15,Credit Card,Completed
2947,810,2024-12-30,UPI,Completed
2948,1204,2025-02-13,Debit Card,Completed
2949,920,2023-08-18,Cash on Delivery,Completed
2950,693,2024-12-06,Cash on Delivery,Completed
2951,235,2025-05-03,UPI,Completed
2952,952,2023-07-07,Credit Card,Completed
2953,1855,2025-12-03,Cash on Delivery,Completed
2954,1361,2024-10-20,UPI,Cancelled
2955,1032,2023-06-09,UPI,Completed
2956,1467,2023-10-19,Cash on Delivery,Completed
2957,1965,2024-02-21,Debit Card,Completed
2958,539,2023-10-18,Credit Card,Completed
2959,820,2024-05-02,UPI,Completed
2960,1682,2023-09-25,Credit Card,Completed
2961,1115,2024-09-01,UPI,Completed
2962,1878,2025-02-16,Credit Card,Completed
2963,272,2025-12-04,UPI,Completed
2964,1858,2024-03-18,Credit Card,Completed
2965,1029,2022-11-02,Debit Card,Shipped
2966,1618,2025-10-29,Debit Card,Completed
2967,1923,2024-01-21,Credit Card,Completed
2968,1243,2025-10-31,UPI,Shipped
2969,1142,2025-08-10,UPI,Completed
2970,593,2025-07-17,UPI,Shipped
2971,976,2024-08-19,Credit Card,Completed
2972,1606,2025-03-01,Net Banking,Returned
2973,115,2025-12-19,Credit Card,Completed
2974,263,2023-12-27,UPI,Completed
2975,1330,2024-02-20,UPI,Completed
2976,1678,2023-08-09,UPI,Completed
2977,1446,2026-01-26,UPI,Shipped
2978,207,2024-02-12,Credit Card,Completed
2979,1647,2026-01-03,UPI,Returned
2980,303,2024-08-23,UPI,Completed
2981,112,2024-05-20,UPI,Completed
2982,1441,2024-09-03,Credit Card,Shipped
2983,1579,2024-02-27,Credit Card,Processing
2984,1883,2025-07-29,Cash on Delivery,Completed
2985,1309,2025-05-17,UPI,Returned
2986,1664,2024-04-25,Cash on Delivery,Cancelled
2987,185,2024-02-12,Credit Card,Returned
2988,1765,2023-02-03,UPI,Processing
2989,901,2024-04-27,UPI,Processing
2990,221,2026-01-18,UPI,Completed
2991,1888,2025-02-09,Credit Card,Processing
2992,1468,2026-01-10,UPI,Completed
2993,1141,2022-11-14,Cash on Delivery,Completed
2994,1094,2023-04-29,UPI,Completed
2995,898,2022-10-11,Credit Card,Returned
2996,1094,2024-02-05,UPI,Completed
2997,622,2023-07-12,Credit Card,Shipped
2998,427,2024-06-01,Cash on Delivery,Completed
2999,644,2023-06-24,Net Banking,Completed
3000,568,2024-04-15,UPI,Completed
3001,443,2025-05-25,UPI,Completed
3002,601,2022-11-22,Cash on Delivery,Returned
3003,1161,2025-05-16,UPI,Completed
3004,504,2024-07-29,Credit Card,Shipped
3005,131,2024-12-30,Net Banking,Completed
3006,218,2024-05-04,Credit Card,Cancelled
3007,688,2025-07-03,UPI,Processing
3008,171,2025-12-26,Cash on Delivery,Completed
3009,1499,2025-12-26,Net Banking,Completed
3010,612,2023-12-29,Debit Card,Completed
3011,992,2023-05-25,UPI,Completed
3012,1153,2025-03-12,Net Banking,Completed
3013,57,2025-01-16,Net Banking,Returned
3014,1205,2025-10-17,Net Banking,Processing
3015,246,2024-03-22,UPI,Completed
3016,144,2025-07-07,Debit Card,Returned
3017,1075,2023-11-03,Credit Card,Completed
3018,368,2025-02-14,UPI,Completed
3019,1483,2024-01-28,,Completed
3020,218,2025-09-21,Debit Card,Completed
3021,616,2025-05-02,Cash on Delivery,Completed
3022,1919,2023-02-09,Cash on Delivery,Completed
3023,1591,2023-09-04,UPI,Shipped
3024,1281,2022-11-01,Credit Card,Cancelled
3025,1882,2025-03-15,Credit Card,Completed
3026,1180,2025-11-06,Cash on Delivery,Completed
3027,1589,2026-01-04,UPI,Completed
3028,442,2022-08-06,Debit Card,Completed
3029,841,2023-04-19,Credit Card,Processing
3030,956,2024-12-14,Net Banking,Completed
3031,699,2023-11-05,Credit Card,Completed
3032,876,2024-09-13,Credit Card,Completed
3033,1686,2024-05-18,Net Banking,Returned
3034,776,2024-12-18,Debit Card,Completed
3035,762,2024-07-21,UPI,Cancelled
3036,945,2025-09-18,UPI,Completed
3037,1834,2024-05-04,Cash on Delivery,Shipped
3038,923,2023-12-13,UPI,Completed
3039,935,2024-12-09,Debit Card,Processing
3040,1747,2024-11-07,Debit Card,Completed
3041,25,2025-09-16,Net Banking,Completed
3042,806,2024-12-22,Credit Card,Completed
3043,1877,2024-04-19,Debit Card,Completed
3044,1688,2023-10-15,UPI,Cancelled
3045,1560,2025-03-26,Credit Card,Shipped
3046,764,2024-10-26,UPI,Processing
3047,1084,2023-10-15,Cash on Delivery,Completed
3048,1491,2024-12-24,Cash on Delivery,Completed
3049,434,2025-03-21,UPI,Returned
3050,879,2022-09-06,UPI,Shipped
3051,1090,2025-11-15,Debit Card,Completed
3052,910,2024-12-14,Debit Card,Shipped
3053,565,2024-06-28,Credit Card,Shipped
3054,1952,2023-07-27,Net Banking,Completed
3055,106,2025-09-07,Cash on Delivery,Completed
3056,96,2023-10-08,UPI,Completed
3057,1712,2025-07-02,UPI,Cancelled
3058,1575,2026-01-14,Credit Card,Completed
3059,168,2025-10-15,Cash on Delivery,Completed
3060,42,2025-08-27,Credit Card,Shipped
3061,1903,2025-03-17,Debit Card,Shipped
3062,104,2025-06-14,UPI,Returned
3063,1869,2023-07-25,Net Banking,Completed
3064,1228,2022-06-11,Debit Card,Shipped
3065,520,2024-10-06,UPI,Completed
3066,1999,2025-05-10,UPI,Completed
3067,282,2024-11-28,UPI,Completed
3068,1932,2023-10-09,Cash on Delivery,Completed
3069,1067,2024-09-09,Debit Card,Shipped
3070,947,2023-07-12,Credit Card,Completed
3071,1134,2024-10-08,UPI,Completed
3072,1234,2026-01-30,UPI,Completed
3073,749,2025-11-13,Credit Card,Completed
3074,1892,2025-12-11,UPI,Completed
3075,831,2025-11-05,UPI,Completed
3076,99999,2025-08-06,UPI,Completed
3077,115,2025-09-15,UPI,Completed
3078,1179,2024-12-09,Credit Card,Completed
3079,1673,2025-01-13,Cash on Delivery,Completed
3080,503,2025-08-13,UPI,Cancelled
3081,1703,2023-10-27,Debit Card,Completed
3082,1857,2025-11-24,UPI,Completed
3083,1735,2025-07-01,Credit Card,Completed
3084,986,2023-08-28,Net Banking,Completed
3085,71,2024-07-29,UPI,Shipped
3086,1012,2025-05-13,UPI,Shipped
3087,1543,2024-12-21,UPI,Cancelled
3088,1736,2025-03-06,Credit Card,Returned
3089,1360,2024-12-18,Debit Card,Completed
3090,67,2025-02-24,UPI,Completed
3091,1517,2023-02-20,UPI,Completed
3092,1674,2025-01-17,Cash on Delivery,Processing
3093,1778,2025-06-06,Credit Card,Completed
3094,967,2025-10-30,Credit Card,Completed
3095,1237,2024-09-15,Net Banking,Completed
3096,181,2024-12-16,UPI,Completed
3097,1790,2023-12-11,Cash on Delivery,Completed
3098,613,2024-03-02,Net Banking,Completed
3099,1887,2025-12-21,UPI,Completed
3100,1623,2024-02-16,Credit Card,Completed
3101,697,2024-11-24,Credit Card,Completed
3102,603,2025-06-14,Cash on Delivery,Completed
3103,248,2025-04-13,UPI,Completed
3104,1238,2023-09-22,Debit Card,Completed
3105,359,2025-04-22,Net Banking,Processing
3106,249,2025-12-05,Cash on Delivery,Completed
3107,638,2025-03-02,Cash on Delivery,Completed
3108,1947,2024-07-08,Debit Card,Completed
3109,950,2024-04-02,Cash on Delivery,Completed
3110,1905,2022-08-08,UPI,Cancelled
3111,1540,2024-11-03,Debit Card,Completed
3112,1112,2025-10-26,Debit Card,Shipped
3113,663,2025-10-01,UPI,Completed
3114,176,2024-01-15,UPI,Completed
3115,723,2024-07-03,Credit Card,Shipped
3116,426,2023-01-02,UPI,Completed
3117,1795,2025-11-08,UPI,Completed
3118,1627,2025-06-29,UPI,Cancelled
3119,771,2025-12-21,Net Banking,Completed
3120,1948,2022-12-04,UPI,Completed
3121,703,2025-08-30,Cash on Delivery,Completed
3122,81,2023-06-22,UPI,Returned
3123,927,2022-12-06,Credit Card,Shipped
3124,138,2023-10-05,Credit Card,Completed
3125,1457,2025-12-09,Credit Card,Cancelled
3126,470,2025-03-13,Cash on Delivery,Completed
3127,350,2025-10-03,Debit Card,Completed
3128,1150,2022-05-08,,Completed
3129,1905,2022-05-13,UPI,Shipped
3130,1941,2023-11-30,Debit Card,Shipped
3131,1892,2025-06-06,Credit Card,Completed
3132,1333,2025-05-30,UPI,Completed
3133,1879,2024-05-07,Cash on Delivery,Returned
3134,1254,2026-01-11,Cash on Delivery,Processing
3135,1484,2024-11-18,UPI,Shipped
3136,1369,2024-12-31,Cash on Delivery,Completed
3137,310,2025-10-09,Debit Card,Processing
3138,1977,2025-07-04,UPI,Shipped
3139,1044,2023-03-14,UPI,Returned
3140,1905,2022-12-07,Net Banking,Completed
3141,1585,2025-06-22,,Shipped
3142,1002,2025-12-25,UPI,Returned
3143,1671,2025-08-25,Credit Card,Completed
3144,1565,2024-06-07,Credit Card,Shipped
3145,1584,2026-01-11,Credit Card,Returned
3146,1501,2024-09-23,Credit Card,Completed
3147,269,2024-07-19,Credit Card,Shipped
3148,1027,2024-06-30,Credit Card,Completed
3149,770,2024-10-01,Cash on Delivery,Completed
3150,16,2024-08-17,Net Banking,Completed
3151,606,2023-09-14,Debit Card,Completed
3152,1382,2024-04-01,Net Banking,Shipped
3153,1670,2025-03-13,Cash on Delivery,Completed
3154,813,2024-08-27,UPI,Cancelled
3155,1863,2024-09-28,Net Banking,Completed
3156,1157,2025-05-09,UPI,Completed
3157,1336,2023-06-29,UPI,Completed
3158,1991,2024-07-01,Credit Card,Completed
3159,482,2022-10-31,Credit Card,Completed
3160,895,2024-12-24,Credit Card,Completed
3161,1568,2024-06-16,Debit Card,Processing
3162,1329,2025-04-19,UPI,Shipped
3163,269,2023-09-19,Net Banking,Processing
3164,414,2025-07-12,UPI,Shipped
3165,25,2025-10-31,Net Banking,Completed
3166,316,2025-09-21,UPI,Completed
3167,571,2024-12-12,Credit Card,Completed
3168,725,2024-07-06,Credit Card,Shipped
3169,1692,2024-03-05,Debit Card,Completed
3170,1008,2024-04-05,UPI,Completed
3171,1850,2023-12-11,UPI,Completed
3172,1300,2025-11-08,UPI,Completed
3173,1954,2023-12-24,Credit Card,Completed
3174,389,2023-12-19,Net Banking,Completed
3175,722,2025-08-18,UPI,Completed
3176,444,2023-08-20,Credit Card,Completed
3177,999,2024-08-05,Debit Card,Completed
3178,1451,2022-11-09,UPI,Completed
3179,1081,2023-10-20,UPI,Completed
3180,697,2025-05-05,UPI,Processing
3181,971,2024-05-23,UPI,Completed
3182,1590,2025-10-31,UPI,Processing
3183,721,2024-02-05,UPI,Completed
3184,368,2024-08-08,UPI,Completed
3185,1965,2023-11-07,Cash on Delivery,Completed
3186,342,2024-10-19,Cash on Delivery,Completed
3187,1829,2023-05-10,Debit Card,Completed
3188,1876,2024-10-13,Credit Card,Shipped
3189,304,2025-07-01,UPI,Shipped
3190,764,2024-08-28,UPI,Completed
3191,1398,2025-11-18,UPI,Completed
3192,1974,2023-11-09,,Shipped
3193,816,2025-02-14,Net Banking,Completed
3194,112,2025-05-29,UPI,Cancelled
3195,878,2023-12-07,Credit Card,Cancelled
3196,1030,2026-01-02,Credit Card,Processing
3197,930,2025-04-28,Cash on Delivery,Completed
3198,703,2024-06-08,UPI,Completed
3199,846,2024-06-30,UPI,Cancelled
3200,944,2024-02-01,Cash on Delivery,Completed
3201,279,2025-04-22,UPI,Completed
3202,382,2025-03-01,Credit Card,Completed
3203,1876,2023-10-09,Cash on Delivery,Completed
3204,13,2024-03-10,Net Banking,Shipped
3205,303,2024-07-23,UPI,Cancelled
3206,1580,2025-08-25,UPI,Shipped
3207,1641,2025-05-21,UPI,Shipped
3208,160,2024-11-15,Credit Card,Completed
3209,154,2024-09-16,Credit Card,Completed
3210,754,2024-06-12,Net Banking,Completed
3211,181,2023-03-06,Credit Card,Completed
3212,1550,2024-02-03,Credit Card,Completed
3213,1204,2026-01-24,UPI,Completed
3214,377,2024-05-05,UPI,Completed
3215,1828,2024-09-15,UPI,Returned
3216,776,2025-08-22,UPI,Returned
3217,1192,2024-09-11,Cash on Delivery,Completed
3218,1238,2024-08-29,Credit Card,Completed
3219,1174,2025-01-31,UPI,Shipped
3220,16,2023-02-07,Credit Card,Returned
3221,1115,2025-12-29,UPI,Cancelled
3222,1144,2024-09-24,UPI,Completed
3223,1980,2022-08-23,Cash on Delivery,Completed
3224,253,2026-01-19,Net Banking,Completed
3225,1084,2024-07-27,UPI,Completed
3226,1290,2025-08-01,Debit Card,Completed
3227,1433,2024-08-09,Credit Card,Shipped
3228,31,2024-08-04,UPI,Completed
3229,1045,2022-04-27,Debit Card,Processing
3230,731,2025-06-13,UPI,Completed
3231,1617,2025-06-11,UPI,Completed
3232,289,2025-01-19,UPI,Completed
3233,1567,2023-09-01,UPI,Completed
3234,498,2023-12-23,UPI,Shipped
3235,1770,2023-10-08,UPI,Completed
3236,1498,2025-07-25,Credit Card,Cancelled
3237,1429,2024-06-02,Debit Card,Returned
3238,548,2022-08-25,UPI,Processing
3239,961,2025-05-19,UPI,Completed
3240,132,2024-08-07,UPI,Completed
3241,1348,2023-09-06,Cash on Delivery,Completed
3242,858,2024-04-13,UPI,Completed
3243,1156,2024-07-07,Cash on Delivery,Returned
3244,521,2024-12-28,Credit Card,Completed
3245,30,2024-08-27,Net Banking,Shipped
3246,627,2025-07-30,UPI,Processing
3247,1325,2024-06-18,UPI,Returned
3248,4,2024-05-09,Credit Card,Completed
3249,1349,2024-01-18,Credit Card,Completed
3250,509,2024-04-25,Credit Card,Completed
3251,1261,2025-08-16,UPI,Shipped
3252,1559,2025-09-03,UPI,Completed
3253,16,2023-07-25,Credit Card,Completed
3254,1558,2025-03-27,Net Banking,Completed
3255,997,2025-12-01,Net Banking,Completed
3256,1608,2025-07-27,Credit Card,Completed
3257,1840,2025-07-05,UPI,Completed
3258,1470,2023-10-24,UPI,Cancelled
3259,1527,2025-11-09,Cash on Delivery,Completed
3260,956,2025-09-06,Cash on Delivery,Shipped
3261,1254,2025-01-27,Net Banking,Shipped
3262,1131,2025-07-04,Credit Card,Completed
3263,1744,2026-01-24,Cash on Delivery,Processing
3264,1413,2025-04-04,Cash on Delivery,Completed
3265,1744,2023-02-26,Credit Card,Shipped
3266,263,2023-03-11,Debit Card,Shipped
3267,1587,2024-01-15,UPI,Shipped
3268,1089,2023-02-03,Credit Card,Completed
3269,265,2024-09-10,Net Banking,Completed
3270,1362,2022-12-05,UPI,Shipped
3271,1325,2024-05-04,Debit Card,Completed
3272,378,2023-07-13,UPI,Shipped
3273,1199,2025-02-04,Cash on Delivery,Shipped
3274,963,2026-01-20,Debit Card,Completed
3275,1176,2024-03-30,Net Banking,Completed
3276,476,2023-11-27,Debit Card,Completed
3277,1290,2024-08-19,UPI,Shipped
3278,329,2024-04-23,UPI,Completed
3279,1997,2024-06-28,Debit Card,Completed
3280,1840,2023-08-19,UPI,Completed
3281,1187,2025-07-29,Debit Card,Completed
3282,438,2022-11-24,UPI,Completed
3283,1367,2024-01-05,Cash on Delivery,Completed
3284,1391,2025-12-14,UPI,Completed
3285,1489,2024-11-26,Cash on Delivery,Completed
3286,1774,2024-04-30,Debit Card,Shipped
3287,1223,2025-04-14,UPI,Completed
3288,1524,2024-11-08,Credit Card,Completed
3289,16,2023-09-06,Cash on Delivery,Shipped
3290,1845,2025-10-24,Debit Card,Processing
3291,1320,2022-07-12,UPI,Completed
3292,868,2023-06-01,Net Banking,Cancelled
3293,511,2025-03-11,UPI,Completed
3294,1812,2025-11-21,UPI,Completed
3295,984,2025-03-15,Debit Card,Completed
3296,1263,2024-01-10,UPI,Shipped
3297,581,2024-08-30,Credit Card,Completed
3298,1325,2025-07-24,Debit Card,Completed
3299,6,2025-07-17,Credit Card,Completed
3300,1244,2022-06-21,UPI,Completed
3301,1019,2025-07-26,Credit Card,Completed
3302,1790,2025-10-07,Credit Card,Completed
3303,1477,2023-12-18,Credit Card,Completed
3304,1457,2023-08-08,Cash on Delivery,Shipped
3305,807,2025-04-19,UPI,Completed
3306,1894,2022-11-23,Debit Card,Completed
3307,1410,2024-05-05,Debit Card,Completed
3308,619,2023-07-17,Debit Card,Returned
3309,1319,2024-10-03,Credit Card,Shipped
3310,1142,2024-05-18,UPI,Shipped
3311,405,2024-09-18,UPI,Completed
3312,1704,2025-05-12,Debit Card,Completed
3313,997,2023-08-28,Credit Card,Completed
3314,1787,2025-09-10,UPI,Shipped
3315,594,2025-06-28,Credit Card,Completed
3316,566,2023-04-14,Cash on Delivery,Completed
3317,752,2024-10-03,UPI,Shipped
3318,1902,2024-09-21,Net Banking,Completed
3319,12,2022-12-28,UPI,Cancelled
3320,1233,2025-01-16,Credit Card,Shipped
3321,165,2022-12-09,Credit Card,Completed
3322,878,2025-03-09,UPI,Completed
3323,1318,2023-09-08,Cash on Delivery,Completed
3324,1935,2025-06-26,Credit Card,Completed
3325,1543,2023-11-07,UPI,Completed
3326,78,2025-08-29,Debit Card,Cancelled
3327,1458,2024-10-10,Debit Card,Completed
3328,1601,2024-01-06,Net Banking,Shipped
3329,614,2024-03-18,Credit Card,Shipped
3330,1987,2025-09-11,UPI,Returned
3331,869,2024-04-23,UPI,Completed
3332,812,2023-06-27,Debit Card,Completed
3333,1823,2024-11-06,Credit Card,Cancelled
3334,1707,2024-11-27,Net Banking,Shipped
3335,1101,2024-11-15,Debit Card,Shipped
3336,1072,2023-05-12,Net Banking,Shipped
3337,767,2023-04-18,Net Banking,Completed
3338,82,2025-03-05,UPI,Completed
3339,1919,2024-11-11,UPI,Completed
3340,1745,2024-05-11,UPI,Completed
3341,209,2023-04-29,UPI,Completed
3342,1469,2022-07-28,Credit Card,Completed
3343,1995,2024-02-23,UPI,Completed
3344,1620,2025-11-11,UPI,Completed
3345,522,2023-05-05,,Completed
3346,1053,2023-07-04,UPI,Shipped
3347,1328,2025-01-28,UPI,Cancelled
3348,994,2025-10-21,UPI,Shipped
3349,465,2025-02-19,UPI,Completed
3350,1526,2025-07-11,UPI,Completed
3351,1470,2023-09-24,Cash on Delivery,Processing
3352,628,2024-02-13,UPI,Completed
3353,1514,2025-01-24,Cash on Delivery,Completed
3354,781,2024-06-28,Credit Card,Completed
3355,1452,2022-04-23,Credit Card,Completed
3356,559,2025-11-09,Credit Card,Completed
3357,1383,2026-01-29,UPI,Completed
3358,960,2024-09-04,UPI,Completed
3359,91,2023-09-02,Debit Card,Completed
3360,1077,2024-05-07,Net Banking,Shipped
3361,1754,2022-07-27,Net Banking,Completed
3362,860,2023-12-21,Debit Card,Completed
3363,1613,2022-12-16,UPI,Shipped
3364,1228,2023-06-18,,Returned
3365,556,2024-03-14,Credit Card,Completed
3366,156,2023-09-17,Cash on Delivery,Completed
3367,2,2025-02-20,UPI,Completed
3368,1381,2025-05-08,Cash on Delivery,Shipped
3369,825,2023-04-27,UPI,Returned
3370,1593,2022-06-27,Credit Card,Completed
3371,802,2023-12-04,Net Banking,Processing
3372,983,2025-05-13,Net Banking,Completed
3373,1082,2025-06-30,Debit Card,Completed
3374,1278,2025-08-25,UPI,Cancelled
3375,1204,2025-07-19,UPI,Completed
3376,493,2025-06-26,UPI,Completed
3377,669,2025-10-23,Debit Card,Returned
3378,1059,2024-04-15,Credit Card,Completed
3379,75,2023-05-15,Credit Card,Completed
3380,944,2025-07-22,Credit Card,Completed
3381,1313,2024-10-26,Credit Card,Completed
3382,371,2023-08-16,Credit Card,Completed
3383,587,2025-10-19,Cash on Delivery,Completed
3384,329,2025-10-21,UPI,Shipped
3385,590,2024-03-07,Cash on Delivery,Cancelled
3386,1791,2023-04-26,UPI,Completed
3387,777,2024-11-11,Debit Card,Completed
3388,304,2024-04-15,Net Banking,Completed
3389,579,2023-05-07,,Completed
3390,221,2025-06-15,UPI,Completed
3391,979,2024-12-31,UPI,Shipped
3392,1188,2024-01-11,UPI,Shipped
3393,1504,2025-04-30,Debit Card,Completed
3394,1479,2024-10-27,UPI,Completed
3395,375,2025-06-23,UPI,Completed
3396,1244,2023-09-07,Debit Card,Completed
3397,1708,2023-09-04,Credit Card,Completed
3398,1278,2025-06-21,UPI,Completed
3399,1746,2024-06-27,Credit Card,Shipped
3400,188,2022-10-11,Debit Card,Cancelled
3401,1215,2026-01-05,UPI,Returned
3402,1413,2025-09-22,Credit Card,Shipped
3403,1239,2023-11-29,Cash on Delivery,Completed
3404,1399,2023-10-01,UPI,Completed
3405,1110,2023-11-25,Debit Card,Completed
3406,474,2024-01-23,Cash on Delivery,Completed
3407,1642,2025-06-08,Cash on Delivery,Returned
3408,844,2025-07-12,Credit Card,Completed
3409,1832,2025-04-09,Debit Card,Shipped
3410,531,2023-08-06,Debit Card,Returned
3411,1071,2024-07-11,Debit Card,Shipped
3412,1089,2024-06-05,Credit Card,Shipped
3413,963,2024-11-15,UPI,Completed
3414,475,2025-07-28,UPI,Completed
3415,1170,2024-08-11,UPI,Completed
3416,946,2024-07-03,UPI,Shipped
3417,1822,2024-04-01,Credit Card,Completed
3418,1406,2025-10-08,Net Banking,Completed
3419,1090,2023-12-12,Net Banking,Completed
3420,517,2025-09-28,Debit Card,Completed
3421,1117,2024-07-16,Net Banking,Completed
3422,1889,2025-12-04,Net Banking,Returned
3423,426,2025-04-01,Cash on Delivery,Completed
3424,1492,2025-09-06,UPI,Completed
3425,1118,2023-12-09,UPI,Completed
3426,1642,2025-04-21,Credit Card,Completed
3427,133,2024-08-25,UPI,Completed
3428,1458,2025-06-13,Cash on Delivery,Shipped
3429,1365,2025-08-05,UPI,Shipped
3430,314,2024-02-02,UPI,Completed
3431,591,2024-06-07,UPI,Shipped
3432,1236,2025-05-30,Credit Card,Cancelled
3433,1544,2024-10-23,Credit Card,Completed
3434,1009,2023-09-07,Debit Card,Completed
3435,159,2025-10-15,UPI,Completed
3436,1292,2023-11-12,Credit Card,Completed
3437,661,2024-12-19,Debit Card,Completed
3438,1886,2025-08-12,Debit Card,Completed
3439,1982,2024-03-11,UPI,Cancelled
3440,1627,2023-12-25,UPI,Completed
3441,748,2024-07-11,UPI,Returned
3442,1498,2025-02-05,Debit Card,Completed
3443,801,2024-07-11,UPI,Completed
3444,410,2024-06-05,UPI,Completed
3445,1498,2025-09-07,UPI,Processing
3446,1380,2022-09-28,Debit Card,Completed
3447,680,2024-11-06,Credit Card,Shipped
3448,1217,2025-05-08,Credit Card,Completed
3449,1723,2024-07-08,Credit Card,Completed
3450,1295,2026-01-30,UPI,Completed
3451,114,2024-08-26,UPI,Completed
3452,897,2024-06-14,UPI,Completed
3453,1547,2024-02-29,UPI,Completed
3454,1079,2025-07-20,Cash on Delivery,Completed
3455,1794,2022-05-26,Credit Card,Completed
3456,65,2025-05-21,Debit Card,Shipped
3457,684,2025-03-20,UPI,Completed
3458,1296,2025-09-13,UPI,Shipped
3459,1526,2025-12-03,UPI,Shipped
3460,1686,2025-03-12,Debit Card,Completed
3461,1386,2023-12-19,UPI,Completed
3462,146,2025-10-21,UPI,Shipped
3463,943,2025-12-11,Debit Card,Shipped
3464,1233,2023-04-18,Net Banking,Processing
3465,1310,2025-03-08,UPI,Completed
3466,1034,2025-04-03,UPI,Completed
3467,739,2025-11-19,UPI,Completed
3468,186,2024-02-27,Debit Card,Completed
3469,1598,2024-12-10,UPI,Completed
3470,1621,2023-02-11,Credit Card,Shipped
3471,1488,2025-07-14,Credit Card,Completed
3472,1158,2022-08-21,UPI,Completed
3473,835,2025-02-01,UPI,Completed
3474,809,2026-01-28,UPI,Completed
3475,171,2024-09-15,UPI,Completed
3476,213,2024-09-15,UPI,Completed
3477,1997,2024-07-19,Credit Card,Shipped
3478,1554,2025-11-11,Debit Card,Completed
3479,1850,2023-12-11,UPI,Completed
3480,1526,2025-12-03,Credit Card,Completed
3481,1596,2023-08-17,UPI,Completed
3482,1624,2025-10-11,Debit Card,Completed
3483,27,2023-03-09,Cash on Delivery,Completed
3484,1014,2024-10-27,Cash on Delivery,Completed
3485,1092,2024-10-02,UPI,Completed
3486,790,2025-07-22,Credit Card,Shipped
3487,408,2024-04-22,Debit Card,Completed
3488,1576,2025-08-06,UPI,Completed
3489,1133,2023-05-18,Credit Card,Completed
3490,74,2025-01-26,Cash on Delivery,Cancelled
3491,99999,2025-07-09,UPI,Shipped
3492,680,2024-08-14,Credit Card,Completed
3493,1286,2025-07-02,Debit Card,Completed
3494,1392,2024-03-26,UPI,Completed
3495,786,2024-07-16,UPI,Shipped
3496,849,2023-10-12,UPI,Completed
3497,870,2025-04-06,UPI,Completed
3498,237,2025-11-19,UPI,Cancelled
3499,727,2024-11-16,UPI,Completed
3500,1390,2024-02-01,UPI,Completed
3501,1310,2024-08-10,Credit Card,Processing
3502,378,2025-09-03,Credit Card,Processing
3503,661,2025-02-21,UPI,Completed
3504,830,2022-11-16,UPI,Cancelled
3505,906,2023-09-19,UPI,Returned
3506,376,2024-06-11,UPI,Cancelled
3507,619,2025-10-13,UPI,Completed
3508,653,2023-10-12,Debit Card,Completed
3509,1100,2024-02-16,UPI,Completed
3510,1033,2022-04-07,UPI,Processing
3511,196,2025-07-06,Debit Card,Completed
3512,807,2025-12-03,Credit Card,Completed
3513,1816,2024-12-30,Credit Card,Completed
3514,893,2025-05-15,Cash on Delivery,Completed
3515,1654,2025-05-18,UPI,Shipped
3516,1314,2025-01-22,Net Banking,Completed
3517,1085,2024-04-09,Cash on Delivery,Shipped
3518,99999,2025-10-05,UPI,Completed
3519,1413,2026-01-18,Cash on Delivery,Completed
3520,847,2025-12-10,Debit Card,Returned
3521,818,2023-11-06,Net Banking,Completed
3522,1924,2025-11-01,Debit Card,Completed
3523,1587,2024-11-08,Debit Card,Returned
3524,564,2023-11-05,UPI,Completed
3525,634,2022-03-29,Credit Card,Completed
3526,679,2024-11-01,UPI,Shipped
3527,1018,2025-03-21,UPI,Completed
3528,8,2024-02-22,Net Banking,Completed
3529,1393,2025-05-13,UPI,Completed
3530,1069,2024-12-13,Debit Card,Completed
3531,344,2025-11-11,UPI,Completed
3532,1781,2023-08-26,UPI,Completed
3533,796,2025-03-16,Credit Card,Shipped
3534,1399,2025-05-23,UPI,Completed
3535,1643,2025-12-18,Net Banking,Shipped
3536,1051,2024-10-18,UPI,Completed
3537,1217,2022-10-22,UPI,Completed
3538,1954,2023-09-26,UPI,Completed
3539,849,2023-10-15,UPI,Returned
3540,1381,2024-02-18,UPI,Shipped
3541,62,2024-03-31,Credit Card,Cancelled
3542,1086,2025-12-17,Credit Card,Completed
3543,422,2024-10-04,UPI,Completed
3544,1818,2023-11-29,UPI,Completed
3545,633,2024-08-13,Cash on Delivery,Completed
3546,792,2024-03-19,Credit Card,Shipped
3547,551,2024-10-28,UPI,Completed
3548,1404,2025-04-27,Debit Card,Shipped
3549,1301,2023-08-17,Debit Card,Shipped
3550,606,2023-04-30,Debit Card,Completed
3551,1455,2025-07-30,Cash on Delivery,Cancelled
3552,1139,2026-01-10,UPI,Completed
3553,1712,2024-12-08,UPI,Shipped
3554,1145,2023-07-29,UPI,Shipped
3555,525,2023-07-04,Cash on Delivery,Completed
3556,899,2025-04-16,UPI,Completed
3557,1440,2024-03-23,Credit Card,Shipped
3558,163,2024-03-05,Debit Card,Completed
3559,787,2024-11-10,Credit Card,Returned
3560,910,2025-09-21,UPI,Completed
3561,1712,2024-03-08,UPI,Completed
3562,982,2024-04-30,UPI,Returned
3563,1361,2024-06-08,UPI,Completed
3564,379,2023-09-22,UPI,Completed
3565,1348,2023-10-27,Debit Card,Shipped
3566,173,2025-12-22,Cash on Delivery,Completed
3567,1000,2025-02-27,Credit Card,Completed
3568,1811,2023-11-19,Credit Card,Completed
3569,64,2023-05-30,Credit Card,Cancelled
3570,1125,2025-03-15,UPI,Completed
3571,1346,2023-07-22,UPI,Shipped
3572,975,2024-11-10,UPI,Completed
3573,66,2024-11-11,Debit Card,Completed
3574,99999,2024-10-15,Net Banking,Completed
3575,1581,2024-07-05,UPI,Returned
3576,1623,2025-03-14,UPI,Completed
3577,458,2023-08-21,Credit Card,Completed
3578,1603,2025-07-03,UPI,Completed
3579,453,2025-12-18,Credit Card,Completed
3580,1283,2024-01-19,Debit Card,Completed
3581,1958,2025-04-12,Debit Card,Completed
3582,1741,2024-01-06,Credit Card,Completed
3583,1450,2025-03-30,UPI,Shipped
3584,979,2025-10-28,Net Banking,Completed
3585,1960,2023-09-04,Debit Card,Completed
3586,178,2024-05-28,UPI,Completed
3587,1955,2023-07-11,Credit Card,Completed
3588,280,2025-06-22,Cash on Delivery,Completed
3589,344,2024-02-25,Credit Card,Completed
3590,1041,2025-12-17,Credit Card,Shipped
3591,296,2025-04-10,UPI,Completed
3592,202,2025-04-26,Cash on Delivery,Completed
3593,962,2025-08-24,Credit Card,Completed
3594,684,2025-05-09,Credit Card,Shipped
3595,1943,2024-04-15,Cash on Delivery,Completed
3596,1798,2025-11-23,Net Banking,Completed
3597,1218,2024-06-13,Cash on Delivery,Completed
3598,1173,2023-07-31,UPI,Cancelled
3599,375,2023-12-23,Credit Card,Completed
3600,1912,2025-10-03,UPI,Completed
3601,35,2025-09-13,UPI,Completed
3602,1393,2025-03-05,Cash on Delivery,Shipped
3603,29,2025-10-11,Cash on Delivery,Completed
3604,775,2024-01-24,Credit Card,Shipped
3605,221,2025-03-16,UPI,Cancelled
3606,53,2024-10-10,UPI,Completed
3607,1957,2024-05-21,UPI,Completed
3608,791,2025-07-09,UPI,Completed
3609,1377,2024-05-25,Credit Card,Completed
3610,1416,2024-09-02,Credit Card,Completed
3611,76,2025-10-08,Cash on Delivery,Completed
3612,494,2024-08-28,UPI,Completed
3613,1712,2025-01-09,UPI,Completed
3614,1546,2025-04-26,Cash on Delivery,Cancelled
3615,1999,2025-07-03,Credit Card,Completed
3616,117,2023-09-21,UPI,Completed
3617,280,2024-01-03,UPI,Completed
3618,1754,2022-09-22,Cash on Delivery,Shipped
3619,1199,2025-04-25,Debit Card,Completed
3620,746,2025-08-15,Cash on Delivery,Completed
3621,949,2023-10-07,UPI,Returned
3622,764,2025-05-25,Debit Card,Completed
3623,295,2025-02-24,Credit Card,Completed
3624,1018,2025-02-26,UPI,Processing
3625,1475,2023-11-17,Net Banking,Completed
3626,1858,2024-08-07,Credit Card,Completed
3627,1542,2022-09-19,Cash on Delivery,Completed
3628,1045,2022-09-17,Cash on Delivery,Shipped
3629,1097,2022-09-12,UPI,Returned
3630,842,2025-09-24,Credit Card,Completed
3631,1060,2023-08-12,UPI,Completed
3632,1531,2024-05-09,Debit Card,Completed
3633,1923,2023-06-22,Credit Card,Completed
3634,1257,2024-02-29,Debit Card,Shipped
3635,1752,2024-02-12,UPI,Shipped
3636,497,2024-12-06,Debit Card,Completed
3637,206,2024-10-18,UPI,Returned
3638,426,2025-11-04,UPI,Completed
3639,1965,2025-12-09,Cash on Delivery,Completed
3640,44,2025-12-15,UPI,Processing
3641,99999,2025-07-11,UPI,Completed
3642,1953,2024-09-18,UPI,Completed
3643,1852,2025-06-27,UPI,Completed
3644,1494,2024-05-17,UPI,Completed
3645,605,2024-12-24,Debit Card,Completed
3646,1491,2024-11-20,Debit Card,Cancelled
3647,1875,2026-01-13,UPI,Completed
3648,454,2025-08-25,UPI,Completed
3649,595,2025-09-18,UPI,Completed
3650,1357,2024-12-06,Debit Card,Shipped
3651,507,2024-08-22,UPI,Completed
3652,794,2025-09-05,UPI,Shipped
3653,1494,2024-05-03,UPI,Completed
3654,21,2024-08-07,UPI,Completed
3655,1252,2025-07-11,Debit Card,Shipped
3656,1400,2024-12-29,UPI,Completed
3657,1154,2025-04-20,UPI,Completed
3658,1711,2025-04-06,UPI,Shipped
3659,620,2022-06-09,Net Banking,Completed
3660,414,2025-03-05,Debit Card,Returned
3661,1819,2025-02-21,UPI,Completed
3662,1095,2025-12-15,UPI,Shipped
3663,1428,2024-01-22,Cash on Delivery,Shipped
3664,1586,2023-11-08,UPI,Completed
3665,1631,2024-12-02,Net Banking,Completed
3666,1815,2025-04-06,UPI,Completed
3667,1421,2023-07-03,UPI,Returned
3668,337,2024-03-01,Debit Card,Shipped
3669,1668,2024-07-10,Credit Card,Completed
3670,1529,2023-01-27,Net Banking,Completed
3671,910,2025-01-29,Cash on Delivery,Completed
3672,276,2024-02-29,UPI,Shipped
3673,892,2025-06-04,Debit Card,Returned
3674,13,2025-01-25,Cash on Delivery,Completed
3675,1027,2024-11-11,Credit Card,Shipped
3676,978,2024-09-01,UPI,Completed
3677,1248,2024-07-08,UPI,Shipped
3678,974,2025-11-19,UPI,Completed
3679,175,2024-03-25,Cash on Delivery,Shipped
3680,1923,2025-10-25,UPI,Cancelled
3681,1409,2025-11-17,UPI,Completed
3682,1626,2023-01-07,Cash on Delivery,Cancelled
3683,1944,2024-07-28,UPI,Completed
3684,241,2025-08-06,Credit Card,Returned
3685,547,2025-06-06,Cash on Delivery,Processing
3686,14,2024-12-25,UPI,Completed
3687,1219,2025-07-07,UPI,Completed
3688,1421,2023-10-12,Credit Card,Cancelled
3689,1455,2024-12-04,Debit Card,Completed
3690,1330,2025-03-09,Credit Card,Completed
3691,1358,2025-03-29,UPI,Shipped
3692,725,2024-09-01,UPI,Completed
3693,1434,2023-04-17,Debit Card,Shipped
3694,3,2023-10-31,UPI,Completed
3695,691,2025-02-22,Debit Card,Completed
3696,1576,2024-02-27,Credit Card,Completed
3697,1476,2024-09-15,Credit Card,Completed
3698,1700,2022-07-12,Cash on Delivery,Processing
3699,1843,2024-05-21,UPI,Shipped
3700,747,2024-01-04,UPI,Completed
3701,769,2025-10-02,Credit Card,Shipped
3702,872,2025-10-06,UPI,Shipped
3703,495,2024-11-04,Credit Card,Cancelled
3704,417,2024-09-24,Net Banking,Shipped
3705,1415,2025-01-13,Cash on Delivery,Completed
3706,1397,2026-01-09,Credit Card,Completed
3707,628,2024-08-31,Cash on Delivery,Cancelled
3708,1076,2025-06-11,UPI,Shipped
3709,1400,2023-01-05,Credit Card,Completed
3710,1419,2023-08-27,UPI,Shipped
3711,1947,2025-03-09,UPI,Completed
3712,1021,2025-10-30,UPI,Completed
3713,142,2026-01-15,Cash on Delivery,Completed
3714,1110,2025-01-06,Debit Card,Completed
3715,1488,2024-05-19,Credit Card,Shipped
3716,99999,2025-10-05,UPI,Completed
3717,844,2024-02-26,UPI,Completed
3718,1009,2025-05-22,Net Banking,Completed
3719,1262,2025-10-27,Credit Card,Completed
3720,10,2024-03-23,Credit Card,Completed
3721,664,2024-07-22,Cash on Delivery,Processing
3722,573,2023-07-23,Credit Card,Completed
3723,1554,2025-04-26,Credit Card,Processing
3724,1622,2024-04-27,UPI,Completed
3725,649,2023-06-03,UPI,Cancelled
3726,913,2022-07-07,Debit Card,Completed
3727,1766,2025-07-09,UPI,Completed
3728,640,2026-01-22,Credit Card,Completed
3729,616,2024-06-04,UPI,Shipped
3730,698,2023-06-06,UPI,Completed
3731,909,2024-07-24,Credit Card,Completed
3732,178,2023-11-18,UPI,Completed
3733,869,2024-06-14,Cash on Delivery,Completed
3734,1030,2023-08-05,UPI,Completed
3735,853,2023-09-14,Credit Card,Completed
3736,307,2025-05-15,UPI,Shipped
3737,548,2025-07-28,UPI,Returned
3738,327,2025-12-19,UPI,Completed
3739,1380,2023-03-03,Cash on Delivery,Shipped
3740,1817,2024-12-06,UPI,Completed
3741,395,2025-03-08,Cash on Delivery,Completed
3742,300,2025-08-24,UPI,Completed
3743,1550,2025-09-23,UPI,Shipped
3744,749,2024-08-13,Debit Card,Returned
3745,285,2024-01-16,Credit Card,Shipped
3746,330,2024-12-26,Credit Card,Completed
3747,50,2025-10-06,UPI,Completed
3748,773,2024-11-03,UPI,Shipped
3749,1992,2022-12-20,Credit Card,Completed
3750,1646,2025-06-23,Cash on Delivery,Completed
3751,1733,2024-03-29,UPI,Completed
3752,378,2025-06-02,Net Banking,Cancelled
3753,1788,2026-01-23,UPI,Shipped
3754,1624,2025-01-05,Credit Card,Completed
3755,1000,2023-11-21,UPI,Returned
3756,1849,2024-01-24,UPI,Shipped
3757,1562,2023-12-07,UPI,Completed
3758,774,2025-03-16,UPI,Completed
3759,1168,2024-07-29,Net Banking,Completed
3760,1084,2025-12-26,Debit Card,Completed
3761,868,2023-07-16,Debit Card,Processing
3762,1804,2024-04-12,UPI,Cancelled
3763,1099,2024-06-21,Net Banking,Completed
3764,3,2022-05-07,Credit Card,Shipped
3765,1599,2025-12-05,Cash on Delivery,Completed
3766,748,2023-04-28,UPI,Completed
3767,1472,2024-05-29,UPI,Shipped
3768,1982,2024-01-15,Net Banking,Completed
3769,1765,2025-06-23,UPI,Completed
3770,1926,2025-09-12,Cash on Delivery,Completed
3771,275,2023-08-24,UPI,Completed
3772,1554,2023-12-27,Credit Card,Completed
3773,1616,2024-06-17,Cash on Delivery,Completed
3774,215,2024-04-22,Credit Card,Completed
3775,1707,2024-09-29,Debit Card,Completed
3776,1509,2024-11-12,UPI,Completed
3777,329,2025-12-02,UPI,Completed
3778,255,2025-07-01,UPI,Completed
3779,1411,2026-01-06,Credit Card,Processing
3780,126,2025-12-17,Cash on Delivery,Completed
3781,767,2024-05-10,UPI,Shipped
3782,1608,2024-08-01,Credit Card,Completed
3783,1574,2024-01-14,Cash on Delivery,Completed
3784,1348,2024-11-22,UPI,Shipped
3785,1228,2025-11-12,Cash on Delivery,Completed
3786,1196,2023-06-04,Net Banking,Completed
3787,1759,2025-11-30,UPI,Completed
3788,217,2024-01-10,UPI,Shipped
3789,1269,2024-06-13,UPI,Completed
3790,1360,2025-11-15,Debit Card,Completed
3791,1727,2024-03-02,UPI,Completed
3792,1322,2025-11-09,Debit Card,Completed
3793,832,2025-09-13,Credit Card,Completed
3794,182,2023-10-30,Cash on Delivery,Completed
3795,334,2024-02-23,Cash on Delivery,Processing
3796,511,2022-12-04,Net Banking,Cancelled
3797,383,2024-09-11,UPI,Completed
3798,1741,2022-08-24,UPI,Shipped
3799,1897,2024-12-11,UPI,Completed
3800,1223,2024-09-13,UPI,Shipped
3801,332,2024-09-24,Credit Card,Completed
3802,1189,2024-11-20,Net Banking,Processing
3803,1266,2024-07-22,Cash on Delivery,Completed
3804,900,2024-08-06,UPI,Processing
3805,642,2023-11-20,Debit Card,Shipped
3806,1251,2025-07-14,UPI,Completed
3807,634,2023-03-10,UPI,Completed
3808,1580,2024-08-22,Cash on Delivery,Shipped
3809,451,2024-01-15,Net Banking,Completed
3810,196,2023-05-18,UPI,Cancelled
3811,1894,2024-05-22,Cash on Delivery,Cancelled
3812,1228,2023-11-06,Cash on Delivery,Shipped
3813,458,2025-09-12,UPI,Completed
3814,830,2022-08-11,UPI,Completed
3815,257,2024-10-11,Debit Card,Cancelled
3816,1553,2024-10-30,Cash on Delivery,Completed
3817,1296,2025-09-29,UPI,Completed
3818,9,2025-12-18,UPI,Completed
3819,761,2024-01-02,Credit Card,Returned
3820,949,2024-07-31,Debit Card,Completed
3821,1225,2025-07-09,Credit Card,Cancelled
3822,1083,2025-02-21,UPI,Completed
3823,887,2022-07-03,Cash on Delivery,Completed
3824,393,2024-08-11,Credit Card,Shipped
3825,1676,2023-12-25,Cash on Delivery,Completed
3826,1143,2024-02-01,Net Banking,Completed
3827,1577,2025-01-22,Cash on Delivery,Shipped
3828,399,2025-07-05,Net Banking,Completed
3829,1858,2025-04-04,Net Banking,Completed
3830,331,2022-05-23,Credit Card,Completed
3831,1291,2024-11-14,Debit Card,Completed
3832,1544,2024-01-25,Debit Card,Shipped
3833,1719,2025-10-13,Credit Card,Completed
3834,480,2024-11-29,UPI,Completed
3835,134,2023-08-06,UPI,Completed
3836,1717,2025-06-26,UPI,Completed
3837,916,2023-09-13,UPI,Completed
3838,935,2024-06-18,UPI,Completed
3839,355,2025-07-01,Net Banking,Shipped
3840,584,2022-09-11,Credit Card,Cancelled
3841,1522,2025-01-30,UPI,Processing
3842,625,2024-06-18,Credit Card,Completed
3843,1131,2024-12-09,UPI,Completed
3844,290,2025-02-24,Cash on Delivery,Processing
3845,825,2024-07-12,UPI,Completed
3846,629,2025-06-25,UPI,Cancelled
3847,1019,2023-02-03,Cash on Delivery,Cancelled
3848,632,2024-11-21,Credit Card,Completed
3849,1171,2024-05-21,Cash on Delivery,Completed
3850,327,2024-01-29,UPI,Completed
3851,1439,2022-08-08,UPI,Completed
3852,210,2023-02-28,Credit Card,Processing
3853,1320,2025-02-23,UPI,Returned
3854,1422,2024-08-07,UPI,Cancelled
3855,1127,2024-11-27,UPI,Completed
3856,636,2024-05-27,Cash on Delivery,Cancelled
3857,1781,2025-12-28,Debit Card,Processing
3858,1532,2024-04-10,UPI,Processing
3859,1915,2024-03-17,UPI,Cancelled
3860,868,2024-12-30,Net Banking,Completed
3861,1233,2023-12-22,UPI,Completed
3862,1957,2024-12-23,Credit Card,Completed
3863,428,2025-08-10,Credit Card,Completed
3864,393,2025-09-23,Debit Card,Completed
3865,826,2024-09-28,UPI,Completed
3866,916,2023-06-11,Net Banking,Completed
3867,1133,2023-07-17,UPI,Completed
3868,1913,2024-09-29,UPI,Returned
3869,348,2024-05-31,UPI,Completed
3870,50,2026-01-19,UPI,Completed
3871,916,2025-02-25,UPI,Completed
3872,1129,2022-12-19,Net Banking,Completed
3873,1444,2024-11-04,UPI,Shipped
3874,1397,2025-05-08,Cash on Delivery,Completed
3875,1051,2025-01-13,UPI,Completed
3876,968,2024-04-16,UPI,Processing
3877,800,2023-11-19,UPI,Completed
3878,1793,2025-10-16,Credit Card,Processing
3879,1297,2023-01-23,Debit Card,Processing
3880,1017,2023-12-15,Cash on Delivery,Processing
3881,649,2022-11-21,Credit Card,Completed
3882,1364,2024-07-04,Credit Card,Completed
3883,301,2023-10-27,UPI,Completed
3884,1504,2024-06-17,Cash on Delivery,Completed
3885,1858,2023-10-15,Cash on Delivery,Completed
3886,1568,2025-06-21,UPI,Completed
3887,1581,2025-02-18,UPI,Completed
3888,1289,2024-03-19,Debit Card,Completed
3889,1566,2023-12-25,Debit Card,Cancelled
3890,1620,2025-10-11,Credit Card,Shipped
3891,166,2025-02-22,UPI,Completed
3892,316,2025-02-06,Cash on Delivery,Processing
3893,1,2024-10-28,UPI,Cancelled
3894,1020,2025-01-24,UPI,Completed
3895,1785,2024-09-11,UPI,Completed
3896,1285,2025-07-08,UPI,Completed
3897,63,2024-01-03,Net Banking,Processing
3898,483,2022-09-19,Credit Card,Completed
3899,1700,2024-03-02,Cash on Delivery,Shipped
3900,1345,2025-11-23,Credit Card,Shipped
3901,1870,2026-01-13,Cash on Delivery,Shipped
3902,1225,2024-03-14,Credit Card,Completed
3903,222,2025-04-17,UPI,Completed
3904,152,2024-11-20,Cash on Delivery,Completed
3905,644,2024-01-08,UPI,Completed
3906,626,2025-02-12,Credit Card,Completed
3907,1486,2025-03-13,Credit Card,Cancelled
3908,217,2023-09-21,UPI,Processing
3909,196,2023-07-12,UPI,Completed
3910,1817,2025-06-14,Debit Card,Completed
3911,1226,2023-09-11,UPI,Processing
3912,995,2023-06-06,UPI,Cancelled
3913,1015,2024-09-24,Credit Card,Completed
3914,647,2025-10-06,UPI,Shipped
3915,1258,2023-04-04,Debit Card,Completed
3916,1165,2026-01-21,Cash on Delivery,Completed
3917,708,2025-07-29,UPI,Completed
3918,1522,2025-01-13,Credit Card,Processing
3919,1579,2024-06-06,UPI,Completed
3920,1081,2024-07-15,Credit Card,Shipped
3921,1956,2023-12-05,Credit Card,Completed
3922,1528,2023-03-21,UPI,Completed
3923,1166,2025-11-29,UPI,Completed
3924,722,2025-12-02,Credit Card,Completed
3925,1608,2024-02-01,UPI,Completed
3926,1760,2024-08-26,UPI,Completed
3927,1563,2024-04-24,Net Banking,Completed
3928,640,2026-01-26,UPI,Completed
3929,106,2024-09-21,Credit Card,Completed
3930,165,2025-11-15,UPI,Shipped
3931,215,2023-12-16,Cash on Delivery,Completed
3932,1095,2025-09-28,UPI,Completed
3933,1740,2024-07-18,UPI,Shipped
3934,1689,2023-11-14,Credit Card,Completed
3935,1603,2023-12-11,Cash on Delivery,Completed
3936,90,2025-12-01,Cash on Delivery,Completed
3937,1796,2024-09-24,UPI,Completed
3938,874,2023-10-28,Cash on Delivery,Completed
3939,1252,2025-06-27,Debit Card,Completed
3940,1103,2025-04-08,Net Banking,Completed
3941,608,2023-05-09,Net Banking,Completed
3942,349,2025-07-12,Credit Card,Completed
3943,1866,2025-05-14,Debit Card,Completed
3944,894,2025-01-14,Credit Card,Completed
3945,246,2024-07-31,Credit Card,Shipped
3946,272,2025-08-06,UPI,Completed
3947,403,2023-10-30,UPI,Completed
3948,1693,2025-02-07,UPI,Cancelled
3949,1140,2024-10-08,Net Banking,Processing
3950,1459,2025-09-08,UPI,Completed
3951,1554,2024-11-15,UPI,Completed
3952,1466,2022-04-01,UPI,Shipped
3953,1196,2023-07-20,Credit Card,Cancelled
3954,1040,2024-05-02,Net Banking,Completed
3955,961,2023-11-28,Debit Card,Completed
3956,1776,2024-01-28,UPI,Cancelled
3957,898,2023-04-15,Net Banking,Completed
3958,1080,2024-03-06,UPI,Completed
3959,1615,2024-07-19,Net Banking,Completed
3960,1127,2025-12-20,UPI,Cancelled
3961,284,2025-03-14,Debit Card,Returned
3962,1729,2024-06-11,UPI,Completed
3963,517,2025-04-02,Net Banking,Completed
3964,618,2023-05-18,UPI,Completed
3965,1302,2023-12-12,UPI,Completed
3966,1909,2025-06-09,Cash on Delivery,Completed
3967,612,2025-02-25,UPI,Completed
3968,750,2025-08-10,Debit Card,Completed
3969,1293,2022-08-03,Debit Card,Shipped
3970,1857,2025-05-26,Credit Card,Completed
3971,400,2025-06-23,UPI,Completed
3972,1527,2026-01-06,Cash on Delivery,Cancelled
3973,86,2026-01-18,Cash on Delivery,Completed
3974,320,2025-07-19,UPI,Completed
3975,1056,2025-07-23,UPI,Completed
3976,336,2024-02-11,UPI,Completed
3977,51,2024-07-24,UPI,Shipped
3978,1103,2024-01-11,Credit Card,Completed
3979,1722,2023-08-22,Cash on Delivery,Processing
3980,174,2023-11-15,Debit Card,Processing
3981,1972,2024-07-25,Debit Card,Completed
3982,1642,2025-08-06,Credit Card,Completed
3983,501,2023-08-04,UPI,Completed
3984,1599,2023-06-13,Debit Card,Processing
3985,76,2024-05-22,Debit Card,Completed
3986,316,2025-12-08,Debit Card,Returned
3987,1857,2025-03-28,UPI,Completed
3988,1397,2026-01-17,Credit Card,Completed
3989,1105,2022-09-18,UPI,Completed
3990,1897,2024-10-11,UPI,Completed
3991,1664,2025-06-28,Debit Card,Completed
3992,1719,2024-09-17,UPI,Completed
3993,1779,2025-12-26,Cash on Delivery,Completed
3994,697,2023-04-04,UPI,Completed
3995,1010,2025-02-04,Credit Card,Completed
3996,732,2025-10-21,Cash on Delivery,Completed
3997,1095,2026-01-10,UPI,Completed
3998,969,2025-07-22,Cash on Delivery,Shipped
3999,854,2025-07-19,Debit Card,Completed
4000,666,2024-11-29,Net Banking,Completed
4001,1781,2024-05-17,UPI,Completed
4002,652,2024-10-03,UPI,Completed
4003,1095,2025-07-01,UPI,Completed
4004,46,2024-09-13,Debit Card,Processing
4005,1071,2024-11-14,Credit Card,Shipped
4006,1615,2025-09-27,UPI,Returned
4007,1446,2024-08-12,UPI,Completed
4008,149,2025-04-29,UPI,Processing
4009,910,2025-01-18,Debit Card,Shipped
4010,1154,2025-09-19,UPI,Completed
4011,456,2025-03-13,UPI,Completed
4012,1663,2024-08-04,UPI,Completed
4013,877,2024-01-22,Debit Card,Processing
4014,1655,2025-10-23,Cash on Delivery,Shipped
4015,966,2025-08-24,Credit Card,Shipped
4016,869,2025-08-31,UPI,Completed
4017,1529,2024-03-26,UPI,Completed
4018,929,2025-01-04,UPI,Returned
4019,1024,2024-02-09,Credit Card,Completed
4020,1001,2024-04-16,Credit Card,Shipped
4021,774,2026-01-11,Cash on Delivery,Completed
4022,244,2024-04-26,Net Banking,Shipped
4023,474,2023-08-14,UPI,Completed
4024,382,2024-09-27,UPI,Completed
4025,1127,2024-07-09,UPI,Completed
4026,489,2025-06-28,UPI,Completed
4027,1061,2024-02-27,Credit Card,Completed
4028,1678,2025-06-06,Debit Card,Shipped
4029,1573,2025-02-11,UPI,Completed
4030,1544,2022-06-24,Cash on Delivery,Cancelled
4031,1767,2024-09-19,Credit Card,Completed
4032,1357,2024-10-04,Net Banking,Completed
4033,397,2024-05-21,Credit Card,Cancelled
4034,296,2023-11-26,Debit Card,Shipped
4035,107,2025-11-22,UPI,Shipped
4036,860,2024-05-14,Debit Card,Completed
4037,954,2025-02-08,UPI,Cancelled
4038,530,2025-04-10,Credit Card,Shipped
4039,1849,2023-03-20,UPI,Shipped
4040,1107,2022-10-08,UPI,Cancelled
4041,934,2025-12-13,UPI,Completed
4042,288,2024-12-30,UPI,Completed
4043,706,2026-01-26,UPI,Completed
4044,1485,2025-09-24,Net Banking,Shipped
4045,215,2025-07-17,UPI,Shipped
4046,1305,2024-11-14,Debit Card,Completed
4047,732,2025-04-30,UPI,Completed
4048,1978,2025-04-29,Credit Card,Processing
4049,1483,2023-12-01,UPI,Completed
4050,1825,2024-06-03,UPI,Completed
4051,344,2024-08-25,UPI,Completed
4052,194,2024-10-07,UPI,Returned
4053,158,2023-12-26,UPI,Completed
4054,465,2026-01-23,Cash on Delivery,Completed
4055,104,2024-05-03,Credit Card,Completed
4056,34,2025-11-25,Cash on Delivery,Completed
4057,1126,2023-12-13,Net Banking,Completed
4058,639,2024-01-20,Debit Card,Processing
4059,1750,2024-09-18,Cash on Delivery,Completed
4060,325,2024-03-19,UPI,Processing
4061,1968,2024-04-12,Cash on Delivery,Completed
4062,1832,2024-02-15,UPI,Cancelled
4063,691,2024-03-06,Credit Card,Completed
4064,592,2024-07-21,Credit Card,Completed
4065,141,2026-01-24,Cash on Delivery,Completed
4066,474,2024-02-11,Cash on Delivery,Completed
4067,1055,2025-04-21,UPI,Completed
4068,884,2023-06-25,UPI,Completed
4069,1959,2024-12-24,Debit Card,Completed
4070,63,2025-02-07,Debit Card,Processing
4071,1584,2024-07-27,UPI,Completed
4072,1111,2024-03-11,Credit Card,Completed
4073,304,2024-10-11,Cash on Delivery,Completed
4074,1085,2025-07-12,Debit Card,Completed
4075,396,2024-03-06,UPI,Completed
4076,334,2023-05-12,Debit Card,Completed
4077,1976,2025-10-28,Credit Card,Shipped
4078,786,2022-10-23,Cash on Delivery,Completed
4079,411,2023-10-19,Credit Card,Shipped
4080,284,2025-01-10,UPI,Completed
4081,466,2024-11-27,Cash on Delivery,Completed
4082,80,2024-11-17,UPI,Returned
4083,1716,2025-05-23,Cash on Delivery,Completed
4084,784,2024-06-21,Debit Card,Completed
4085,1101,2025-09-28,Net Banking,Cancelled
4086,1978,2024-04-30,UPI,Completed
4087,733,2025-06-26,Debit Card,Completed
4088,1929,2024-06-24,Cash on Delivery,Completed
4089,1818,2023-05-15,Debit Card,Completed
4090,1564,2023-06-23,UPI,Processing
4091,1385,2024-07-28,UPI,Shipped
4092,77,2024-10-20,Credit Card,Completed
4093,509,2025-05-10,Credit Card,Cancelled
4094,1188,2024-12-30,Debit Card,Completed
4095,1033,2024-08-23,UPI,Completed
4096,1199,2025-07-18,Cash on Delivery,Returned
4097,462,2025-07-03,UPI,Completed
4098,1331,2025-12-09,UPI,Completed
4099,1612,2023-10-28,UPI,Completed
4100,245,2024-11-22,Credit Card,Returned
4101,122,2025-12-13,Credit Card,Shipped
4102,185,2023-12-04,Credit Card,Completed
4103,32,2024-02-03,Debit Card,Completed
4104,998,2023-07-15,UPI,Completed
4105,1987,2024-09-21,Net Banking,Completed
4106,762,2023-11-15,Net Banking,Cancelled
4107,569,2023-10-22,UPI,Shipped
4108,310,2025-11-02,Cash on Delivery,Cancelled
4109,1396,2023-05-12,Debit Card,Completed
4110,1680,2024-09-16,Credit Card,Completed
4111,830,2024-06-13,Credit Card,Completed
4112,1620,2024-08-05,Cash on Delivery,Cancelled
4113,992,2025-12-19,Net Banking,Returned
4114,1080,2023-11-17,Credit Card,Cancelled
4115,791,2024-09-28,UPI,Completed
4116,1297,2022-04-04,Credit Card,Completed
4117,464,2024-07-03,UPI,Completed
4118,678,2024-05-10,Credit Card,Completed
4119,1480,2024-10-21,Cash on Delivery,Completed
4120,979,2025-03-26,UPI,Completed
4121,670,2025-07-23,UPI,Completed
4122,1273,2024-11-04,Debit Card,Completed
4123,698,2023-11-02,UPI,Completed
4124,994,2025-05-09,UPI,Completed
4125,78,2025-02-23,Debit Card,Completed
4126,534,2025-01-04,Net Banking,Completed
4127,108,2024-06-27,Debit Card,Shipped
4128,1297,2025-05-24,Credit Card,Completed
4129,764,2024-12-06,Credit Card,Shipped
4130,15,2025-04-08,UPI,Completed
4131,370,2022-08-17,Cash on Delivery,Completed
4132,1328,2023-02-06,Credit Card,Completed
4133,1696,2024-06-29,Net Banking,Completed
4134,205,2023-11-23,Net Banking,Completed
4135,1137,2022-04-21,UPI,Shipped
4136,1704,2024-08-07,Net Banking,Completed
4137,865,2024-05-28,Net Banking,Completed
4138,1277,2025-12-16,Credit Card,Shipped
4139,441,2022-12-10,UPI,Shipped
4140,1210,2024-04-24,Debit Card,Completed
4141,859,2025-02-03,UPI,Shipped
4142,227,2025-04-08,Credit Card,Completed
4143,528,2025-10-28,UPI,Completed
4144,1692,2025-11-30,Credit Card,Shipped
4145,354,2025-03-02,Net Banking,Completed
4146,623,2025-11-21,UPI,Completed
4147,1025,2025-02-20,Debit Card,Processing
4148,1577,2024-03-19,UPI,Processing
4149,1584,2024-10-06,Debit Card,Processing
4150,927,2022-11-26,Debit Card,Completed
4151,1444,2025-12-26,UPI,Processing
4152,1644,2024-06-16,Credit Card,Processing
4153,1185,2023-11-08,Cash on Delivery,Returned
4154,161,2022-12-19,UPI,Returned
4155,871,2025-09-25,Debit Card,Completed
4156,1152,2024-08-22,Debit Card,Completed
4157,1746,2025-06-22,UPI,Completed
4158,1175,2024-06-07,Cash on Delivery,Completed
4159,444,2022-12-15,Credit Card,Shipped
4160,1791,2024-09-06,UPI,Shipped
4161,1495,2023-09-04,UPI,Shipped
4162,463,2025-05-10,Credit Card,Completed
4163,1754,2025-03-19,Debit Card,Completed
4164,1054,2024-08-03,Credit Card,Completed
4165,473,2025-11-17,Debit Card,Completed
4166,557,2024-03-25,Debit Card,Shipped
4167,80,2023-03-10,Credit Card,Cancelled
4168,1063,2024-05-30,Credit Card,Completed
4169,240,2025-12-09,Net Banking,Cancelled
4170,557,2024-09-22,Net Banking,Completed
4171,590,2023-01-15,UPI,Completed
4172,1361,2024-11-09,Debit Card,Completed
4173,1932,2023-07-04,UPI,Completed
4174,1885,2023-01-13,UPI,Returned
4175,1824,2025-04-26,Debit Card,Processing
4176,1976,2025-10-06,UPI,Completed
4177,1304,2024-11-22,UPI,Completed
4178,1140,2024-07-12,Debit Card,Completed
4179,269,2024-04-21,Cash on Delivery,Completed
4180,1940,2025-11-17,Net Banking,Shipped
4181,335,2025-01-22,Credit Card,Completed
4182,312,2024-11-21,Credit Card,Completed
4183,1077,2024-11-28,UPI,Completed
4184,1092,2024-02-29,,Completed
4185,694,2022-07-21,Net Banking,Completed
4186,34,2025-05-01,Cash on Delivery,Shipped
4187,1820,2024-01-15,Debit Card,Returned
4188,1842,2024-06-17,UPI,Completed
4189,386,2025-03-24,UPI,Completed
4190,249,2025-05-27,UPI,Completed
4191,1135,2026-01-09,Cash on Delivery,Completed
4192,1118,2024-02-05,UPI,Completed
4193,1434,2025-01-27,Credit Card,Cancelled
4194,1203,2025-10-02,UPI,Processing
4195,1071,2025-01-02,Debit Card,Completed
4196,794,2024-01-31,Debit Card,Completed
4197,852,2024-08-04,Credit Card,Completed
4198,874,2023-08-12,Debit Card,Completed
4199,1628,2025-07-23,Credit Card,Completed
4200,376,2024-05-03,UPI,Completed
4201,724,2025-03-02,UPI,Completed
4202,1611,2025-12-13,Net Banking,Processing
4203,1914,2025-07-15,,Completed
4204,202,2025-07-02,UPI,Completed
4205,445,2025-04-21,UPI,Completed
4206,1943,2024-11-18,UPI,Completed
4207,1957,2025-01-29,Credit Card,Completed
4208,297,2025-05-26,Credit Card,Completed
4209,1332,2025-02-27,Net Banking,Processing
4210,1747,2025-08-26,Debit Card,Processing
4211,493,2025-12-03,UPI,Processing
4212,338,2022-05-16,Debit Card,Completed
4213,1969,2023-12-09,Cash on Delivery,Shipped
4214,923,2025-06-13,Cash on Delivery,Shipped
4215,1670,2024-11-13,UPI,Completed
4216,1866,2023-12-21,UPI,Completed
4217,1090,2025-05-26,Cash on Delivery,Completed
4218,792,2025-05-10,Debit Card,Completed
4219,1446,2024-04-19,Credit Card,Processing
4220,1564,2024-05-26,UPI,Completed
4221,1948,2026-01-23,Credit Card,Shipped
4222,1653,2025-01-11,UPI,Completed
4223,1517,2023-01-08,UPI,Cancelled
4224,1906,2025-09-01,UPI,Completed
4225,962,2025-04-22,UPI,Returned
4226,317,2024-08-22,Credit Card,Completed
4227,942,2024-08-01,UPI,Cancelled
4228,1861,2023-06-04,UPI,Completed
4229,626,2025-11-22,UPI,Completed
4230,75,2024-07-09,UPI,Completed
4231,1738,2025-10-10,UPI,Shipped
4232,939,2024-09-19,UPI,Returned
4233,59,2025-01-19,UPI,Shipped
4234,386,2023-01-30,Credit Card,Completed
4235,15,2025-06-12,UPI,Completed
4236,1255,2025-11-10,UPI,Completed
4237,1641,2024-06-04,Cash on Delivery,Completed
4238,1701,2025-04-10,Credit Card,Completed
4239,199,2025-08-03,Cash on Delivery,Processing
4240,1940,2024-12-02,Credit Card,Cancelled
4241,1378,2025-08-19,Cash on Delivery,Cancelled
4242,35,2022-04-21,UPI,Completed
4243,162,2022-12-19,Credit Card,Completed
4244,1781,2024-07-18,Credit Card,Completed
4245,982,2025-10-25,Cash on Delivery,Shipped
4246,799,2023-09-03,UPI,Completed
4247,895,2025-08-07,Cash on Delivery,Processing
4248,471,2025-12-06,Credit Card,Completed
4249,531,2025-02-25,Debit Card,Completed
4250,1988,2025-12-25,Cash on Delivery,Processing
4251,792,2025-03-27,Net Banking,Returned
4252,852,2026-01-13,Debit Card,Shipped
4253,1447,2022-07-01,UPI,Completed
4254,348,2025-11-05,UPI,Completed
4255,694,2025-02-04,UPI,Completed
4256,935,2024-06-27,UPI,Returned
4257,913,2024-04-09,UPI,Completed
4258,147,2024-12-28,Credit Card,Cancelled
4259,1398,2024-05-08,Cash on Delivery,Cancelled
4260,1712,2025-07-21,UPI,Processing
4261,675,2026-01-05,Credit Card,Completed
4262,1440,2024-02-12,UPI,Completed
4263,687,2024-06-14,,Shipped
4264,1518,2025-03-26,UPI,Processing
4265,1583,2025-06-15,Credit Card,Returned
4266,1280,2025-05-01,Net Banking,Completed
4267,960,2024-01-15,UPI,Shipped
4268,686,2024-06-13,Debit Card,Completed
4269,1127,2025-03-21,Cash on Delivery,Completed
4270,121,2023-02-20,UPI,Completed
4271,419,2025-07-03,Net Banking,Completed
4272,350,2023-03-27,Cash on Delivery,Completed
4273,1681,2024-04-17,UPI,Completed
4274,42,2025-06-11,UPI,Completed
4275,1391,2025-11-17,Credit Card,Completed
4276,29,2025-07-28,Cash on Delivery,Completed
4277,966,2026-01-14,UPI,Completed
4278,1916,2024-10-02,Debit Card,Returned
4279,785,2023-09-21,UPI,Processing
4280,14,2025-09-27,Cash on Delivery,Processing
4281,920,2024-05-06,Debit Card,Completed
4282,1977,2024-09-20,Credit Card,Completed
4283,818,2024-11-29,Credit Card,Shipped
4284,825,2024-11-25,Cash on Delivery,Completed
4285,1509,2025-12-16,UPI,Completed
4286,1213,2023-05-11,Debit Card,Completed
4287,872,2024-12-07,UPI,Completed
4288,295,2025-01-20,Debit Card,Processing
4289,1207,2025-11-06,Debit Card,Cancelled
4290,864,2025-12-28,Credit Card,Returned
4291,548,2025-10-02,Debit Card,Cancelled
4292,1906,2024-05-08,Credit Card,Shipped
4293,1061,2025-04-03,Net Banking,Completed
4294,1008,2025-05-31,UPI,Completed
4295,1038,2025-08-13,UPI,Completed
4296,1947,2025-06-11,Cash on Delivery,Completed
4297,635,2024-08-20,Cash on Delivery,Processing
4298,595,2025-03-31,Credit Card,Completed
4299,1183,2025-04-24,Net Banking,Shipped
4300,1518,2025-01-25,Debit Card,Shipped
4301,1353,2023-09-10,Net Banking,Completed
4302,614,2025-12-21,Credit Card,Shipped
4303,1873,2025-11-18,UPI,Processing
4304,1107,2025-08-08,Credit Card,Shipped
4305,1580,2025-02-03,Net Banking,Shipped
4306,1604,2023-08-10,UPI,Completed
4307,1584,2023-10-27,Net Banking,Cancelled
4308,1593,2022-06-22,Debit Card,Completed
4309,1611,2023-12-20,Credit Card,Cancelled
4310,1046,2023-08-04,Credit Card,Processing
4311,1156,2023-09-16,Credit Card,Completed
4312,465,2024-01-15,Debit Card,Returned
4313,1480,2025-07-19,UPI,Returned
4314,1326,2023-12-07,Net Banking,Completed
4315,955,2025-12-02,Credit Card,Shipped
4316,930,2025-03-15,Net Banking,Cancelled
4317,1291,2024-09-28,Credit Card,Completed
4318,799,2025-11-16,UPI,Cancelled
4319,395,2024-08-08,Credit Card,Completed
4320,1144,2023-09-02,Cash on Delivery,Processing
4321,246,2026-01-24,UPI,Completed
4322,568,2025-10-15,Net Banking,Completed
4323,38,2025-06-06,Credit Card,Cancelled
4324,245,2024-05-07,Net Banking,Completed
4325,21,2024-02-14,Cash on Delivery,Completed
4326,1134,2025-02-19,Debit Card,Completed
4327,1630,2024-12-24,Credit Card,Completed
4328,394,2024-09-11,Credit Card,Completed
4329,1434,2024-10-29,Cash on Delivery,Completed
4330,987,2025-03-19,Credit Card,Completed
4331,1672,2024-02-07,Debit Card,Completed
4332,1767,2025-12-12,Debit Card,Completed
4333,8,2025-09-23,Credit Card,Completed
4334,1468,2024-01-16,Credit Card,Completed
4335,328,2025-12-08,UPI,Completed
4336,1911,2024-09-15,UPI,Completed
4337,290,2025-12-19,Cash on Delivery,Shipped
4338,1787,2024-03-03,Cash on Delivery,Completed
4339,511,2024-05-01,UPI,Completed
4340,912,2024-01-26,Cash on Delivery,Completed
4341,361,2024-02-19,UPI,Completed
4342,1933,2024-01-05,Credit Card,Processing
4343,1623,2023-11-24,UPI,Completed
4344,716,2024-06-16,Net Banking,Completed
4345,219,2023-06-18,Net Banking,Completed
4346,406,2025-09-22,Credit Card,Returned
4347,753,2022-02-24,UPI,Completed
4348,923,2024-11-08,Credit Card,Completed
4349,832,2025-05-30,Debit Card,Cancelled
4350,1794,2025-10-10,UPI,Completed
4351,1645,2024-02-15,Credit Card,Shipped
4352,1792,2025-07-11,Debit Card,Completed
4353,794,2024-06-05,UPI,Completed
4354,1244,2025-07-19,UPI,Completed
4355,595,2024-09-09,Credit Card,Completed
4356,107,2025-05-08,Debit Card,Completed
4357,581,2025-10-02,Net Banking,Cancelled
4358,609,2025-02-06,UPI,Completed
4359,1748,2024-09-28,Credit Card,Shipped
4360,1310,2024-09-18,Credit Card,Completed
4361,1773,2024-09-28,UPI,Cancelled
4362,8,2025-09-24,Credit Card,Returned
4363,806,2023-07-24,UPI,Completed
4364,189,2025-01-26,UPI,Completed
4365,81,2023-03-15,Debit Card,Shipped
4366,108,2023-11-02,Credit Card,Completed
4367,1345,2024-08-01,Net Banking,Shipped
4368,1603,2024-01-06,UPI,Cancelled
4369,686,2025-02-23,Credit Card,Completed
4370,346,2024-08-20,UPI,Processing
4371,1887,2025-03-17,UPI,Completed
4372,328,2024-09-14,Net Banking,Completed
4373,555,2023-10-21,Debit Card,Completed
4374,1723,2025-11-24,UPI,Completed
4375,302,2023-01-26,Debit Card,Completed
4376,200,2022-07-03,Net Banking,Completed
4377,893,2023-03-15,UPI,Shipped
4378,1443,2025-03-04,UPI,Completed
4379,1063,2025-07-15,UPI,Completed
4380,1756,2026-01-17,Cash on Delivery,Completed
4381,307,2025-07-22,UPI,Completed
4382,1028,2025-09-18,UPI,Completed
4383,1657,2022-10-22,Credit Card,Completed
4384,1872,2024-04-07,Credit Card,Shipped
4385,1101,2024-08-19,Cash on Delivery,Completed
4386,468,2025-05-12,UPI,Processing
4387,179,2024-05-30,Credit Card,Completed
4388,645,2025-12-29,Net Banking,Shipped
4389,1847,2025-07-27,UPI,Completed
4390,1765,2024-07-01,UPI,Completed
4391,276,2024-05-04,Debit Card,Shipped
4392,1176,2024-12-28,Debit Card,Shipped
4393,1188,2025-02-16,UPI,Completed
4394,1314,2024-12-31,UPI,Cancelled
4395,1402,2025-04-21,Debit Card,Shipped
4396,621,2023-04-21,Debit Card,Completed
4397,638,2024-06-24,Cash on Delivery,Completed
4398,1776,2025-12-20,Cash on Delivery,Completed
4399,1334,2025-11-15,UPI,Completed
4400,930,2025-07-22,Cash on Delivery,Completed
4401,1937,2023-12-11,UPI,Completed
4402,1413,2025-04-17,Cash on Delivery,Completed
4403,1881,2022-10-19,Debit Card,Completed
4404,1682,2024-09-27,Credit Card,Completed
4405,1788,2025-07-28,Credit Card,Completed
4406,183,2024-04-28,UPI,Completed
4407,1845,2024-07-30,UPI,Completed
4408,1330,2025-09-09,UPI,Completed
4409,72,2025-08-28,Cash on Delivery,Shipped
4410,1243,2025-04-12,Credit Card,Returned
4411,719,2023-12-12,UPI,Completed
4412,1197,2024-06-21,Cash on Delivery,Completed
4413,1677,2022-11-05,UPI,Shipped
4414,1296,2023-01-27,Cash on Delivery,Completed
4415,726,2023-12-11,Credit Card,Completed
4416,1492,2023-05-20,Credit Card,Completed
4417,269,2025-12-07,UPI,Completed
4418,1044,2023-04-10,Cash on Delivery,Completed
4419,578,2024-10-16,UPI,Returned
4420,995,2025-12-26,UPI,Completed
4421,815,2025-04-26,Credit Card,Shipped
4422,1527,2024-02-08,Cash on Delivery,Completed
4423,147,2025-09-08,UPI,Completed
4424,1453,2023-12-17,Debit Card,Completed
4425,1189,2026-01-14,Debit Card,Processing
4426,890,2023-12-01,Credit Card,Completed
4427,310,2023-10-15,Credit Card,Completed
4428,518,2024-12-10,UPI,Completed
4429,14,2025-09-08,UPI,Completed
4430,132,2023-05-19,Debit Card,Completed
4431,1878,2024-05-14,UPI,Completed
4432,755,2024-07-29,Credit Card,Completed
4433,439,2025-08-25,UPI,Completed
4434,743,2026-01-11,Credit Card,Processing
4435,740,2026-01-27,Credit Card,Shipped
4436,1698,2025-09-12,Cash on Delivery,Completed
4437,795,2024-06-06,Credit Card,Completed
4438,263,2023-03-21,UPI,Completed
4439,643,2024-08-09,UPI,Shipped
4440,1967,2022-04-04,Credit Card,Completed
4441,1249,2025-01-14,Credit Card,Completed
4442,258,2023-11-14,Debit Card,Shipped
4443,1258,2023-08-07,Credit Card,Completed
4444,1360,2025-05-14,Cash on Delivery,Completed
4445,409,2024-12-22,Net Banking,Completed
4446,1852,2024-07-14,UPI,Completed
4447,975,2025-08-10,Debit Card,Shipped
4448,1048,2022-10-02,UPI,Completed
4449,271,2026-01-05,Credit Card,Completed
4450,1119,2025-09-13,Credit Card,Completed
4451,142,2024-05-15,Debit Card,Returned
4452,1718,2024-11-19,UPI,Completed
4453,1742,2023-08-18,Cash on Delivery,Processing
4454,902,2025-06-02,UPI,Completed
4455,974,2025-12-24,UPI,Completed
4456,1105,2023-05-05,UPI,Cancelled
4457,274,2023-07-29,Debit Card,Shipped
4458,276,2024-01-23,UPI,Cancelled
4459,1907,2024-06-10,UPI,Completed
4460,1982,2024-01-08,UPI,Completed
4461,465,2024-02-02,UPI,Completed
4462,1232,2024-05-11,UPI,Processing
4463,1320,2025-08-29,UPI,Processing
4464,1063,2024-07-14,Credit Card,Completed
4465,1972,2024-08-16,Credit Card,Completed
4466,288,2023-10-07,UPI,Processing
4467,1148,2024-03-26,Credit Card,Completed
4468,876,2025-12-16,UPI,Completed
4469,1993,2023-08-08,UPI,Shipped
4470,1307,2024-08-15,Debit Card,Completed
4471,878,2023-08-27,Credit Card,Completed
4472,180,2024-07-14,Net Banking,Processing
4473,1121,2025-01-24,UPI,Completed
4474,1215,2023-05-16,Cash on Delivery,Completed
4475,1098,2025-06-02,Debit Card,Completed
4476,447,2024-10-27,Cash on Delivery,Completed
4477,785,2024-11-19,Net Banking,Completed
4478,1521,2024-09-23,UPI,Shipped
4479,561,2022-07-02,UPI,Returned
4480,484,2025-05-11,Debit Card,Completed
4481,849,2024-08-18,UPI,Shipped
4482,722,2025-04-20,Cash on Delivery,Completed
4483,116,2025-09-19,UPI,Completed
4484,535,2023-11-22,Cash on Delivery,Completed
4485,1122,2024-01-30,UPI,Returned
4486,1352,2025-10-19,UPI,Cancelled
4487,1933,2022-11-18,Net Banking,Completed
4488,407,2025-07-28,UPI,Completed
4489,1337,2022-11-30,UPI,Cancelled
4490,1726,2025-01-12,UPI,Completed
4491,694,2022-08-27,Cash on Delivery,Shipped
4492,1172,2024-03-26,Debit Card,Completed
4493,1366,2025-06-25,Cash on Delivery,Completed
4494,495,2024-01-26,Credit Card,Completed
4495,948,2025-09-29,UPI,Completed
4496,23,2022-09-22,UPI,Processing
4497,1129,2026-01-16,UPI,Completed
4498,1699,2025-03-20,Credit Card,Completed
4499,1603,2025-04-19,Debit Card,Completed
4500,1826,2025-10-17,UPI,Completed
4501,1825,2025-08-14,UPI,Completed
4502,558,2024-06-11,UPI,Completed
4503,1617,2024-12-05,UPI,Completed
4504,941,2024-08-26,UPI,Returned
4505,1683,2025-11-08,UPI,Completed
4506,1246,2024-08-01,UPI,Completed
4507,855,2024-09-21,Cash on Delivery,Shipped
4508,1039,2025-12-07,UPI,Shipped
4509,891,2024-03-28,Cash on Delivery,Completed
4510,1657,2023-06-21,UPI,Completed
4511,78,2023-03-15,Credit Card,Completed
4512,1346,2024-05-05,UPI,Completed
4513,807,2024-01-03,Credit Card,Cancelled
4514,1265,2026-01-26,UPI,Shipped
4515,1042,2023-01-20,UPI,Completed
4516,768,2023-12-24,Cash on Delivery,Completed
4517,454,2024-11-16,Credit Card,Completed
4518,1467,2023-12-16,UPI,Completed
4519,928,2025-09-11,UPI,Completed
4520,277,2025-12-11,UPI,Completed
4521,1448,2024-04-11,Debit Card,Processing
4522,1500,2024-08-31,Credit Card,Completed
4523,1051,2024-07-25,UPI,Completed
4524,514,2024-08-27,UPI,Completed
4525,1889,2024-03-25,Credit Card,Completed
4526,464,2025-06-11,Credit Card,Shipped
4527,807,2023-11-08,Credit Card,Shipped
4528,824,2024-10-24,Debit Card,Completed
4529,363,2025-05-22,Debit Card,Returned
4530,1407,2025-10-16,UPI,Processing
4531,751,2025-10-10,Cash on Delivery,Processing
4532,525,2023-10-23,UPI,Completed
4533,1406,2025-02-25,Credit Card,Completed
4534,1208,2024-12-17,Net Banking,Completed
4535,1218,2024-10-09,Credit Card,Completed
4536,1486,2025-01-27,Credit Card,Cancelled
4537,56,2025-01-21,UPI,Completed
4538,1254,2024-02-21,Cash on Delivery,Shipped
4539,489,2025-12-18,UPI,Completed
4540,1052,2024-10-26,Debit Card,Completed
4541,1856,2025-09-15,UPI,Completed
4542,1607,2025-08-21,UPI,Completed
4543,722,2025-12-08,UPI,Completed
4544,1984,2025-07-27,UPI,Processing
4545,1208,2024-07-02,Cash on Delivery,Shipped
4546,1449,2025-12-10,Cash on Delivery,Completed
4547,1399,2025-09-12,Credit Card,Cancelled
4548,1892,2023-01-01,UPI,Completed
4549,41,2023-04-23,UPI,Completed
4550,1508,2023-08-09,Credit Card,Completed
4551,1004,2024-02-07,UPI,Completed
4552,260,2024-01-31,Debit Card,Completed
4553,441,2024-02-29,UPI,Processing
4554,926,2024-07-08,Debit Card,Returned
4555,856,2024-01-25,Cash on Delivery,Processing
4556,84,2025-08-27,Credit Card,Completed
4557,46,2023-09-07,Cash on Delivery,Shipped
4558,440,2023-01-23,Debit Card,Completed
4559,1695,2025-07-21,Debit Card,Completed
4560,1880,2025-10-20,Credit Card,Shipped
4561,1543,2024-03-25,UPI,Returned
4562,986,2024-09-04,Cash on Delivery,Completed
4563,1869,2024-11-24,Credit Card,Completed
4564,1462,2025-07-06,Debit Card,Completed
4565,136,2024-04-28,Credit Card,Completed
4566,1207,2024-08-16,UPI,Completed
4567,1733,2025-06-21,Net Banking,Completed
4568,1196,2024-10-30,UPI,Completed
4569,909,2022-04-25,Cash on Delivery,Completed
4570,861,2025-01-08,UPI,Completed
4571,788,2025-05-03,UPI,Completed
4572,590,2022-06-19,Credit Card,Processing
4573,1952,2024-08-11,Net Banking,Completed
4574,956,2024-06-18,Cash on Delivery,Completed
4575,690,2025-06-12,Cash on Delivery,Completed
4576,539,2025-08-22,UPI,Completed
4577,1144,2022-06-22,UPI,Completed
4578,1305,2025-12-25,Debit Card,Completed
4579,1332,2024-03-04,UPI,Shipped
4580,708,2025-04-05,Debit Card,Completed
4581,1301,2022-10-30,Debit Card,Cancelled
4582,1554,2023-10-23,UPI,Completed
4583,295,2025-12-22,Debit Card,Completed
4584,1807,2025-12-22,Cash on Delivery,Completed
4585,53,2024-02-10,Net Banking,Cancelled
4586,806,2024-04-02,Credit Card,Completed
4587,1456,2025-04-25,Debit Card,Completed
4588,52,2025-04-05,Credit Card,Completed
4589,728,2023-04-30,UPI,Shipped
4590,72,2024-04-27,UPI,Shipped
4591,28,2024-03-05,UPI,Completed
4592,469,2024-03-12,UPI,Shipped
4593,1936,2025-02-20,UPI,Completed
4594,764,2025-05-16,Cash on Delivery,Completed
4595,886,2023-12-14,Credit Card,Shipped
4596,912,2022-05-18,UPI,Returned
4597,547,2025-01-24,UPI,Completed
4598,1425,2025-08-12,Credit Card,Completed
4599,201,2024-09-29,UPI,Completed
4600,1785,2025-07-27,UPI,Cancelled
4601,1635,2025-03-23,Cash on Delivery,Completed
4602,820,2024-12-24,Debit Card,Shipped
4603,1490,2022-12-09,Credit Card,Completed
4604,1676,2024-03-13,Credit Card,Completed
4605,1619,2026-01-15,UPI,Completed
4606,560,2025-01-27,Credit Card,Completed
4607,1814,2025-05-19,Credit Card,Completed
4608,379,2023-12-30,Debit Card,Returned
4609,1784,2024-09-10,UPI,Completed
4610,1919,2023-10-19,Cash on Delivery,Completed
4611,1201,2024-02-20,UPI,Shipped
4612,1076,2025-09-10,Credit Card,Completed
4613,79,2024-06-04,Credit Card,Completed
4614,1409,2024-10-08,Credit Card,Shipped
4615,834,2025-05-30,Credit Card,Processing
4616,1600,2024-10-28,UPI,Completed
4617,1032,2023-03-01,UPI,Cancelled
4618,1238,2025-08-08,UPI,Completed
4619,25,2026-01-13,UPI,Shipped
4620,450,2024-05-19,UPI,Completed
4621,768,2024-08-05,Credit Card,Completed
4622,755,2023-10-17,UPI,Completed
4623,1993,2022-11-27,UPI,Completed
4624,1481,2023-02-12,Credit Card,Completed
4625,1485,2025-05-12,Cash on Delivery,Cancelled
4626,198,2023-04-13,Debit Card,Shipped
4627,1118,2025-07-20,Cash on Delivery,Shipped
4628,1743,2023-12-16,Credit Card,Completed
4629,1971,2024-02-11,UPI,Processing
4630,437,2024-05-19,Debit Card,Processing
4631,1551,2025-05-22,UPI,Completed
4632,690,2024-08-11,UPI,Completed
4633,1991,2024-02-04,UPI,Completed
4634,1402,2024-10-01,UPI,Completed
4635,587,2023-12-19,Debit Card,Returned
4636,104,2024-11-29,Credit Card,Completed
4637,1830,2025-06-25,UPI,Completed
4638,1704,2025-03-04,Cash on Delivery,Shipped
4639,1986,2024-07-22,Credit Card,Completed
4640,627,2025-08-18,Credit Card,Completed
4641,1063,2024-08-11,Net Banking,Completed
4642,458,2024-09-10,UPI,Completed
4643,364,2025-07-23,Debit Card,Completed
4644,1809,2025-09-29,UPI,Shipped
4645,135,2024-07-27,Debit Card,Completed
4646,374,2025-05-28,Net Banking,Completed
4647,1256,2024-11-27,Credit Card,Completed
4648,39,2022-09-27,UPI,Completed
4649,1988,2024-08-04,UPI,Shipped
4650,1827,2026-01-13,UPI,Completed
4651,819,2025-03-03,Debit Card,Shipped
4652,47,2024-08-03,UPI,Completed
4653,36,2024-07-11,UPI,Completed
4654,1856,2024-09-28,Debit Card,Completed
4655,95,2024-03-13,UPI,Completed
4656,985,2025-09-23,Cash on Delivery,Returned
4657,1385,2024-05-02,UPI,Completed
4658,1549,2025-12-31,UPI,Cancelled
4659,1170,2024-05-11,UPI,Completed
4660,1941,2022-07-13,Net Banking,Completed
4661,368,2025-08-11,Credit Card,Completed
4662,65,2025-01-26,UPI,Completed
4663,1252,2024-05-09,Credit Card,Completed
4664,754,2023-02-14,Debit Card,Completed
4665,1544,2025-03-30,UPI,Shipped
4666,816,2025-09-05,Debit Card,Processing
4667,1877,2024-01-13,UPI,Shipped
4668,1579,2025-07-04,UPI,Completed
4669,756,2025-10-16,Credit Card,Completed
4670,181,2025-11-18,UPI,Completed
4671,1525,2024-07-10,Net Banking,Completed
4672,597,2025-05-30,UPI,Completed
4673,1179,2024-09-16,Debit Card,Completed
4674,787,2025-12-06,UPI,Returned
4675,1559,2026-01-20,Cash on Delivery,Shipped
4676,627,2025-08-21,UPI,Processing
4677,1842,2025-05-10,Net Banking,Cancelled
4678,1459,2025-04-04,UPI,Shipped
4679,1835,2023-04-02,Debit Card,Completed
4680,1123,2023-11-12,Credit Card,Shipped
4681,616,2022-09-02,UPI,Completed
4682,1396,2024-05-04,UPI,Completed
4683,1587,2024-06-19,Cash on Delivery,Completed
4684,1386,2026-01-13,UPI,Completed
4685,112,2024-04-24,Debit Card,Shipped
4686,453,2023-12-26,Credit Card,Cancelled
4687,756,2025-02-18,Net Banking,Completed
4688,1193,2025-09-09,Credit Card,Completed
4689,584,2024-06-20,UPI,Completed
4690,139,2025-11-06,UPI,Completed
4691,1872,2024-09-13,UPI,Completed
4692,231,2024-09-20,UPI,Returned
4693,1263,2023-09-02,UPI,Completed
4694,984,2025-11-25,Cash on Delivery,Returned
4695,253,2025-04-26,Cash on Delivery,Completed
4696,1460,2025-01-18,UPI,Completed
4697,1943,2025-05-29,Credit Card,Completed
4698,561,2023-11-17,UPI,Completed
4699,1446,2024-07-27,UPI,Completed
4700,1327,2025-10-25,UPI,Processing
4701,72,2025-01-02,Debit Card,Completed
4702,1287,2023-11-21,Net Banking,Completed
4703,1858,2022-12-29,UPI,Completed
4704,222,2025-10-10,UPI,Completed
4705,1101,2024-08-28,UPI,Completed
4706,62,2023-07-28,Net Banking,Returned
4707,1495,2023-06-15,UPI,Completed
4708,1181,2026-01-28,Credit Card,Completed
4709,806,2023-07-12,Cash on Delivery,Completed
4710,125,2025-09-27,UPI,Shipped
4711,741,2024-06-23,Credit Card,Completed
4712,1876,2025-07-14,UPI,Processing
4713,161,2024-03-16,Cash on Delivery,Completed
4714,541,2024-06-10,UPI,Completed
4715,626,2024-06-27,Net Banking,Completed
4716,1615,2024-05-11,Net Banking,Completed
4717,1559,2024-05-27,Debit Card,Completed
4718,106,2024-03-24,Credit Card,Completed
4719,1155,2025-07-11,Debit Card,Completed
4720,1381,2023-12-11,UPI,Shipped
4721,1709,2025-11-19,UPI,Completed
4722,776,2025-06-06,UPI,Completed
4723,1878,2026-01-25,Credit Card,Completed
4724,1909,2022-04-22,Cash on Delivery,Completed
4725,1821,2025-05-17,Net Banking,Completed
4726,2,2025-08-02,Debit Card,Completed
4727,233,2023-03-06,Debit Card,Completed
4728,369,2024-05-18,Cash on Delivery,Completed
4729,1275,2023-10-02,Net Banking,Completed
4730,946,2026-01-27,Credit Card,Completed
4731,1857,2025-01-29,UPI,Returned
4732,1132,2024-06-17,Credit Card,Completed
4733,1300,2025-08-13,Credit Card,Shipped
4734,180,2024-04-14,Credit Card,Completed
4735,1749,2025-05-22,Net Banking,Shipped
4736,293,2024-02-27,Cash on Delivery,Shipped
4737,584,2023-10-03,UPI,Completed
4738,795,2024-04-11,UPI,Completed
4739,175,2022-06-30,UPI,Processing
4740,123,2024-03-04,UPI,Completed
4741,227,2022-11-08,UPI,Completed
4742,1926,2024-12-06,Cash on Delivery,Completed
4743,444,2023-12-02,UPI,Completed
4744,1837,2023-10-31,Credit Card,Processing
4745,428,2025-07-23,UPI,Completed
4746,1107,2022-06-12,Credit Card,Completed
4747,765,2024-06-09,Cash on Delivery,Completed
4748,1682,2026-01-19,Debit Card,Completed
4749,632,2024-03-30,UPI,Completed
4750,65,2024-01-02,Cash on Delivery,Completed
4751,1305,2026-01-22,UPI,Completed
4752,1819,2024-06-04,Debit Card,Completed
4753,1415,2025-03-17,UPI,Completed
4754,428,2025-08-14,Debit Card,Shipped
4755,618,2023-11-28,UPI,Completed
4756,925,2022-07-01,Credit Card,Completed
4757,812,2023-12-12,Credit Card,Processing
4758,107,2023-11-26,UPI,Completed
4759,1572,2025-07-11,Net Banking,Completed
4760,659,2024-08-03,UPI,Cancelled
4761,1286,2023-08-29,Cash on Delivery,Shipped
4762,1945,2023-06-30,UPI,Shipped
4763,1183,2022-04-11,Debit Card,Completed
4764,265,2025-11-29,Credit Card,Returned
4765,1492,2025-10-14,UPI,Completed
4766,1226,2025-01-11,UPI,Returned
4767,1957,2025-12-13,Credit Card,Cancelled
4768,155,2025-10-15,Cash on Delivery,Completed
4769,1037,2025-11-16,Net Banking,Completed
4770,1321,2022-09-21,UPI,Shipped
4771,896,2024-08-29,UPI,Completed
4772,1858,2025-12-29,Debit Card,Completed
4773,1522,2025-06-21,Credit Card,Cancelled
4774,1621,2025-02-17,Net Banking,Completed
4775,993,2026-01-03,UPI,Cancelled
4776,1816,2025-04-23,UPI,Shipped
4777,245,2025-04-15,Debit Card,Shipped
4778,1324,2025-11-08,UPI,Completed
4779,1386,2024-07-02,Debit Card,Completed
4780,1378,2024-01-24,UPI,Cancelled
4781,1852,2023-07-24,Credit Card,Completed
4782,1545,2025-01-24,Debit Card,Completed
4783,386,2025-05-14,UPI,Shipped
4784,759,2023-02-12,UPI,Completed
4785,1336,2025-05-27,Net Banking,Shipped
4786,414,2025-06-18,Cash on Delivery,Completed
4787,1302,2025-08-21,Net Banking,Completed
4788,1774,2024-05-14,Net Banking,Completed
4789,715,2024-03-07,UPI,Completed
4790,759,2022-08-04,UPI,Cancelled
4791,747,2023-05-31,UPI,Completed
4792,99999,2025-06-21,Cash on Delivery,Completed
4793,1380,2023-06-19,Debit Card,Completed
4794,1549,2024-06-22,Credit Card,Completed
4795,839,2025-07-05,,Completed
4796,16,2023-09-26,Credit Card,Cancelled
4797,993,2023-11-24,UPI,Returned
4798,1069,2024-10-17,UPI,Completed
4799,1345,2026-01-18,UPI,Shipped
4800,651,2024-04-01,UPI,Completed
4801,1350,2025-11-08,UPI,Returned
4802,148,2024-04-26,Debit Card,Completed
4803,355,2024-02-20,UPI,Processing
4804,1260,2025-06-24,Debit Card,Cancelled
4805,703,2024-10-23,Credit Card,Cancelled
4806,613,2025-11-22,Net Banking,Completed
4807,105,2024-07-06,Debit Card,Completed
4808,1498,2025-02-27,Net Banking,Completed
4809,1786,2025-08-10,UPI,Completed
4810,396,2025-02-21,UPI,Completed
4811,1470,2024-07-07,Credit Card,Completed
4812,606,2025-01-01,UPI,Completed
4813,1244,2024-04-20,Credit Card,Completed
4814,1834,2023-08-22,UPI,Completed
4815,851,2023-10-16,Credit Card,Completed
4816,1989,2023-12-09,Net Banking,Completed
4817,442,2024-12-20,UPI,Completed
4818,1669,2024-02-12,Net Banking,Shipped
4819,873,2025-05-05,UPI,Completed
4820,667,2025-05-08,UPI,Shipped
4821,1052,2023-06-01,Credit Card,Completed
4822,794,2025-02-25,Cash on Delivery,Processing
4823,475,2024-08-13,Debit Card,Returned
4824,628,2023-08-25,Debit Card,Completed
4825,1329,2024-02-03,UPI,Completed
4826,1770,2024-10-20,UPI,Completed
4827,1429,2025-01-09,UPI,Completed
4828,1537,2024-07-21,UPI,Completed
4829,502,2022-09-27,Net Banking,Cancelled
4830,348,2025-05-19,Cash on Delivery,Completed
4831,1264,2024-12-02,UPI,Shipped
4832,1018,2023-11-05,Debit Card,Completed
4833,570,2025-02-02,Credit Card,Completed
4834,1871,2025-04-12,UPI,Completed
4835,695,2024-08-17,UPI,Completed
4836,1361,2024-07-20,Credit Card,Returned
4837,26,2023-01-18,Debit Card,Shipped
4838,1433,2023-09-23,UPI,Shipped
4839,1101,2025-08-20,Net Banking,Returned
4840,1953,2025-11-04,Credit Card,Completed
4841,217,2023-09-19,UPI,Completed
4842,1352,2025-09-10,UPI,Cancelled
4843,837,2024-10-06,Debit Card,Completed
4844,774,2023-12-11,Credit Card,Completed
4845,1047,2025-08-03,Debit Card,Completed
4846,1780,2025-11-03,UPI,Processing
4847,670,2025-04-16,UPI,Completed
4848,718,2024-11-25,UPI,Processing
4849,310,2023-10-02,UPI,Returned
4850,599,2025-01-01,Debit Card,Completed
4851,267,2025-11-30,UPI,Completed
4852,1439,2025-06-22,UPI,Completed
4853,646,2026-01-04,UPI,Completed
4854,1291,2024-10-13,Credit Card,Shipped
4855,1357,2024-11-23,Debit Card,Completed
4856,1023,2025-12-08,Cash on Delivery,Returned
4857,1804,2024-06-27,Cash on Delivery,Completed
4858,450,2023-09-05,Credit Card,Returned
4859,565,2026-01-28,UPI,Completed
4860,1635,2022-11-28,Debit Card,Cancelled
4861,1271,2025-01-13,UPI,Completed
4862,1060,2024-07-25,Debit Card,Processing
4863,1425,2025-02-11,Debit Card,Completed
4864,28,2024-07-07,Debit Card,Completed
4865,220,2025-10-09,UPI,Completed
4866,406,2025-03-24,Net Banking,Completed
4867,1638,2026-01-16,Debit Card,Completed
4868,1799,2024-09-16,Debit Card,Cancelled
4869,271,2025-05-22,UPI,Completed
4870,1760,2023-06-24,UPI,Completed
4871,1675,2025-11-05,UPI,Completed
4872,792,2025-03-18,UPI,Cancelled
4873,1535,2022-11-04,Credit Card,Completed
4874,963,2025-10-29,Cash on Delivery,Completed
4875,1310,2024-03-22,UPI,Completed
4876,1478,2024-02-05,Credit Card,Processing
4877,1786,2022-11-26,UPI,Completed
4878,834,2024-12-13,UPI,Completed
4879,317,2024-11-23,Net Banking,Completed
4880,1614,2024-05-24,Debit Card,Completed
4881,1321,2024-08-24,Credit Card,Completed
4882,338,2023-06-29,UPI,Completed
4883,1331,2024-08-09,UPI,Shipped
4884,1452,2024-02-16,UPI,Completed
4885,351,2023-07-17,UPI,Completed
4886,511,2024-08-04,UPI,Completed
4887,525,2023-12-23,Debit Card,Completed
4888,1882,2025-12-22,UPI,Completed
4889,492,2024-07-29,UPI,Completed
4890,1932,2024-02-07,Debit Card,Completed
4891,1618,2025-12-25,Cash on Delivery,Shipped
4892,9,2024-09-12,Net Banking,Completed
4893,1521,2025-01-03,Cash on Delivery,Completed
4894,1749,2024-10-27,UPI,Completed
4895,1584,2025-10-19,UPI,Completed
4896,561,2022-08-22,Cash on Delivery,Processing
4897,1845,2023-12-18,Cash on Delivery,Processing
4898,440,2024-10-27,Credit Card,Completed
4899,1576,2023-08-09,UPI,Completed
4900,1899,2025-06-25,UPI,Completed
4901,792,2025-07-03,Cash on Delivery,Completed
4902,1762,2025-08-01,UPI,Cancelled
4903,1992,2024-08-07,Debit Card,Completed
4904,1132,2025-07-28,Net Banking,Completed
4905,1269,2025-04-14,Debit Card,Completed
4906,1279,2025-07-23,UPI,Cancelled
4907,33,2024-08-15,UPI,Completed
4908,1047,2024-12-27,UPI,Completed
4909,845,2023-01-10,Debit Card,Completed
4910,566,2025-07-26,Credit Card,Completed
4911,1845,2025-06-10,UPI,Completed
4912,49,2024-01-26,UPI,Completed
4913,462,2024-09-09,UPI,Completed
4914,590,2024-03-24,Net Banking,Completed
4915,336,2025-02-07,Cash on Delivery,Completed
4916,1969,2023-04-05,UPI,Completed
4917,1382,2025-01-07,Net Banking,Returned
4918,1146,2025-11-09,Debit Card,Completed
4919,1468,2025-01-16,Debit Card,Completed
4920,359,2025-02-03,Debit Card,Completed
4921,1626,2023-06-12,Debit Card,Completed
4922,346,2026-01-04,UPI,Completed
4923,193,2023-09-15,Credit Card,Completed
4924,1440,2025-03-14,Cash on Delivery,Shipped
4925,1401,2024-03-17,UPI,Shipped
4926,1487,2024-11-04,UPI,Completed
4927,756,2025-09-25,UPI,Completed
4928,1685,2023-12-01,UPI,Completed
4929,1170,2025-10-27,UPI,Completed
4930,478,2022-07-04,Credit Card,Completed
4931,828,2024-03-11,UPI,Completed
4932,890,2025-06-24,UPI,Completed
4933,653,2025-05-20,Cash on Delivery,Completed
4934,408,2024-09-04,Debit Card,Completed
4935,286,2025-02-12,UPI,Shipped
4936,1922,2022-11-02,UPI,Completed
4937,851,2024-10-19,Debit Card,Returned
4938,111,2023-02-15,Debit Card,Completed
4939,620,2024-01-09,UPI,Completed
4940,1903,2024-01-05,Net Banking,Completed
4941,793,2025-04-17,Debit Card,Cancelled
4942,50,2024-11-15,Cash on Delivery,Shipped
4943,1038,2025-11-18,UPI,Shipped
4944,1158,2025-06-15,UPI,Shipped
4945,588,2024-11-21,UPI,Shipped
4946,596,2024-08-23,UPI,Shipped
4947,1367,2024-12-13,UPI,Processing
4948,670,2023-01-14,UPI,Completed
4949,1310,2024-07-08,Debit Card,Cancelled
4950,1958,2026-01-19,UPI,Completed
4951,314,2022-12-26,UPI,Cancelled
4952,606,2026-01-21,Net Banking,Completed
4953,297,2023-12-20,UPI,Completed
4954,1630,2024-10-28,Credit Card,Cancelled
4955,569,2026-01-25,Credit Card,Completed
4956,1188,2024-02-08,Net Banking,Shipped
4957,832,2023-03-27,Cash on Delivery,Completed
4958,1521,2023-10-16,Credit Card,Completed
4959,610,2025-10-08,Net Banking,Cancelled
4960,16,2025-09-09,UPI,Completed
4961,1368,2025-03-23,Debit Card,Shipped
4962,1102,2025-01-01,UPI,Completed
4963,1370,2023-03-16,Credit Card,Processing
4964,72,2024-04-02,Credit Card,Shipped
4965,270,2024-05-11,Credit Card,Completed
4966,287,2024-09-22,Debit Card,Cancelled
4967,66,2024-08-02,UPI,Completed
4968,880,2022-12-06,UPI,Shipped
4969,68,2025-04-07,Debit Card,Shipped
4970,1217,2025-01-22,UPI,Completed
4971,1079,2025-11-15,UPI,Completed
4972,980,2025-10-19,Debit Card,Completed
4973,1403,2023-10-07,Net Banking,Shipped
4974,974,2025-05-11,UPI,Completed
4975,1192,2024-05-13,Credit Card,Completed
4976,1433,2024-05-10,UPI,Completed
4977,508,2024-04-29,UPI,Completed
4978,1561,2025-05-09,UPI,Completed
4979,1667,2023-01-31,Credit Card,Completed
4980,837,2023-12-04,Debit Card,Completed
4981,1126,2024-03-09,UPI,Cancelled
4982,886,2024-11-16,Debit Card,Shipped
4983,794,2025-10-31,Credit Card,Completed
4984,1832,2024-11-25,UPI,Completed
4985,1830,2025-12-28,Credit Card,Shipped
4986,422,2025-07-26,UPI,Processing
4987,1988,2024-02-15,UPI,Shipped
4988,775,2025-05-09,Debit Card,Completed
4989,478,2025-02-09,Debit Card,Completed
4990,926,2024-01-27,Cash on Delivery,Completed
4991,120,2025-11-21,UPI,Shipped
4992,1939,2025-09-03,UPI,Completed
4993,1767,2023-12-26,Cash on Delivery,Completed
4994,1315,2023-06-22,UPI,Completed
4995,488,2023-10-06,Debit Card,Completed
4996,1185,2025-05-19,Cash on Delivery,Completed
4997,1697,2023-12-20,Debit Card,Completed
4998,78,2024-09-11,UPI,Completed
4999,1062,2024-06-12,Net Banking,Completed
5000,1418,2024-10-13,Debit Card,Returned
5001,441,2025-09-18,Credit Card,Completed
5002,1564,2025-11-24,Debit Card,Shipped
5003,462,2025-11-08,UPI,Completed
5004,612,2025-08-21,UPI,Completed
5005,1318,2025-07-30,Cash on Delivery,Completed
5006,1424,2023-03-21,UPI,Completed
5007,1660,2025-06-23,UPI,Completed
5008,917,2025-09-29,UPI,Completed
5009,1116,2024-06-19,UPI,Completed
5010,1791,2023-09-25,Credit Card,Cancelled
5011,609,2024-03-06,Net Banking,Shipped
5012,6,2025-04-07,UPI,Completed
5013,681,2025-09-16,Debit Card,Shipped
5014,895,2024-05-22,Debit Card,Completed
5015,271,2023-10-29,Credit Card,Shipped
5016,1644,2024-06-21,UPI,Completed
5017,1923,2023-08-20,Credit Card,Completed
5018,811,2025-02-16,Net Banking,Completed
5019,559,2025-11-29,UPI,Completed
5020,99,2025-04-10,Credit Card,Returned
5021,526,2025-05-28,Net Banking,Completed
5022,194,2023-11-05,Debit Card,Shipped
5023,1181,2024-10-03,Debit Card,Completed
5024,1924,2025-10-15,Net Banking,Completed
5025,1690,2025-10-30,UPI,Shipped
5026,1139,2024-06-21,Debit Card,Processing
5027,396,2025-11-27,UPI,Shipped
5028,770,2024-10-06,UPI,Completed
5029,1681,2024-04-02,Credit Card,Completed
5030,1827,2024-02-15,UPI,Completed
5031,1024,2024-07-04,UPI,Completed
5032,1546,2024-09-19,UPI,Completed
5033,880,2022-07-28,UPI,Completed
5034,1238,2025-03-27,UPI,Shipped
5035,745,2026-01-03,Cash on Delivery,Completed
5036,683,2022-06-12,UPI,Completed
5037,1557,2022-06-07,Credit Card,Completed
5038,15,2024-02-16,Debit Card,Completed
5039,1443,2024-01-02,UPI,Completed
5040,368,2025-10-02,Net Banking,Completed
5041,638,2025-10-23,Cash on Delivery,Processing
5042,853,2023-12-21,UPI,Cancelled
5043,1877,2023-10-14,Net Banking,Shipped
5044,1237,2024-11-03,Debit Card,Completed
5045,700,2024-01-22,UPI,Completed
5046,1708,2023-08-03,Debit Card,Completed
5047,1783,2023-07-05,Debit Card,Completed
5048,5,2025-08-06,Credit Card,Completed
5049,231,2023-10-05,Debit Card,Returned
5050,1225,2025-07-03,UPI,Completed
5051,1909,2025-12-19,Net Banking,Completed
5052,1426,2025-07-17,Cash on Delivery,Processing
5053,1173,2024-11-01,Debit Card,Completed
5054,1608,2023-04-19,UPI,Completed
5055,1516,2025-04-26,Credit Card,Processing
5056,1012,2025-07-23,Debit Card,Completed
5057,1250,2025-06-28,Cash on Delivery,Shipped
5058,586,2024-07-19,Net Banking,Completed
5059,1843,2026-01-07,Cash on Delivery,Shipped
5060,169,2024-07-18,UPI,Completed
5061,761,2024-08-25,Cash on Delivery,Completed
5062,792,2024-05-06,UPI,Completed
5063,1000,2024-10-06,UPI,Completed
5064,152,2024-05-05,UPI,Processing
5065,1016,2025-08-25,Cash on Delivery,Completed
5066,224,2023-08-14,Net Banking,Shipped
5067,504,2025-06-03,UPI,Completed
5068,1761,2024-06-12,UPI,Cancelled
5069,1574,2023-10-30,Net Banking,Completed
5070,44,2022-11-26,Credit Card,Completed
5071,697,2025-06-14,Credit Card,Shipped
5072,504,2023-07-09,Credit Card,Cancelled
5073,1979,2025-03-20,Debit Card,Cancelled
5074,1265,2025-10-25,Net Banking,Completed
5075,930,2025-03-24,UPI,Shipped
5076,843,2025-08-19,UPI,Completed
5077,351,2025-12-07,UPI,Shipped
5078,1746,2023-08-17,UPI,Completed
5079,23,2024-03-18,Credit Card,Completed
5080,1660,2025-11-11,Net Banking,Cancelled
5081,598,2024-10-17,Debit Card,Processing
5082,1067,2024-10-10,Net Banking,Shipped
5083,466,2025-04-11,Cash on Delivery,Shipped
5084,40,2025-08-18,Credit Card,Shipped
5085,303,2025-11-18,Credit Card,Completed
5086,1705,2025-10-04,Credit Card,Shipped
5087,175,2022-05-20,UPI,Completed
5088,999,2025-02-24,Credit Card,Completed
5089,1556,2025-10-02,Credit Card,Processing
5090,1485,2024-05-08,Credit Card,Processing
5091,621,2023-01-22,Credit Card,Cancelled
5092,1217,2022-11-01,UPI,Completed
5093,244,2022-09-21,Credit Card,Completed
5094,836,2024-03-27,UPI,Cancelled
5095,280,2024-01-14,UPI,Completed
5096,1764,2024-09-26,Debit Card,Shipped
5097,1060,2024-04-02,UPI,Returned
5098,557,2023-09-05,Cash on Delivery,Shipped
5099,898,2022-08-02,UPI,Returned
5100,1564,2022-12-15,Credit Card,Completed
5101,1178,2025-06-29,Credit Card,Completed
5102,1047,2023-03-29,UPI,Completed
5103,719,2024-09-08,UPI,Shipped
5104,932,2026-01-11,Debit Card,Completed
5105,91,2025-09-26,UPI,Shipped
5106,390,2024-10-01,UPI,Completed
5107,1955,2023-03-15,Credit Card,Returned
5108,1383,2023-05-30,UPI,Completed
5109,550,2025-03-04,Debit Card,Completed
5110,931,2025-03-21,Cash on Delivery,Shipped
5111,1252,2025-07-08,UPI,Processing
5112,1226,2024-10-15,UPI,Completed
5113,1374,2023-12-26,Credit Card,Cancelled
5114,1845,2024-10-06,Credit Card,Completed
5115,1790,2025-06-23,UPI,Completed
5116,1062,2023-12-28,UPI,Completed
5117,733,2026-01-26,UPI,Shipped
5118,99999,2025-10-16,UPI,Completed
5119,1723,2024-11-11,Credit Card,Shipped
5120,1067,2025-01-07,UPI,Completed
5121,871,2024-03-17,UPI,Completed
5122,1650,2024-06-11,UPI,Completed
5123,1796,2024-05-11,UPI,Cancelled
5124,517,2025-08-24,UPI,Shipped
5125,68,2025-08-15,UPI,Completed
5126,1764,2025-12-31,UPI,Completed
5127,123,2024-12-15,Debit Card,Completed
5128,1709,2026-01-15,UPI,Processing
5129,336,2025-09-20,Debit Card,Completed
5130,1177,2024-09-29,UPI,Completed
5131,974,2025-11-11,Debit Card,Completed
5132,779,2025-12-01,UPI,Shipped
5133,1693,2024-07-26,Net Banking,Completed
5134,1186,2023-05-13,Debit Card,Completed
5135,1238,2025-05-08,UPI,Shipped
5136,1934,2025-10-20,UPI,Completed
5137,1400,2025-12-21,Credit Card,Shipped
5138,1944,2024-08-28,Net Banking,Completed
5139,1467,2025-06-24,Credit Card,Completed
5140,423,2024-01-21,Credit Card,Completed
5141,1562,2025-11-22,UPI,Completed
5142,939,2024-12-24,UPI,Completed
5143,804,2024-08-18,UPI,Completed
5144,1959,2024-08-10,UPI,Completed
5145,1725,2023-02-25,UPI,Completed
5146,1936,2023-11-21,UPI,Completed
5147,634,2023-05-23,Debit Card,Completed
5148,1254,2024-01-18,Debit Card,Completed
5149,1083,2023-08-26,UPI,Completed
5150,96,2023-05-03,Cash on Delivery,Completed
5151,1286,2023-11-11,UPI,Completed
5152,354,2024-03-11,UPI,Completed
5153,1336,2025-01-09,Debit Card,Completed
5154,1160,2025-07-11,Debit Card,Completed
5155,1886,2024-11-05,Cash on Delivery,Processing
5156,1819,2025-04-20,UPI,Completed
5157,967,2023-10-20,UPI,Completed
5158,923,2024-07-30,Credit Card,Shipped
5159,473,2024-08-06,UPI,Returned
5160,1656,2023-02-24,UPI,Completed
5161,430,2023-11-04,Credit Card,Completed
5162,1961,2025-07-21,UPI,Returned
5163,975,2023-08-30,UPI,Shipped
5164,537,2023-12-22,UPI,Shipped
5165,1878,2023-03-13,UPI,Completed
5166,1170,2024-02-27,UPI,Completed
5167,1548,2025-01-12,Credit Card,Completed
5168,87,2025-05-20,UPI,Shipped
5169,1971,2023-12-03,Cash on Delivery,Completed
5170,99999,2023-12-08,UPI,Shipped
5171,1447,2022-02-14,Cash on Delivery,Cancelled
5172,1369,2025-05-10,UPI,Completed
5173,1290,2024-08-20,UPI,Completed
5174,1758,2025-12-25,UPI,Shipped
5175,1610,2024-12-09,UPI,Completed
5176,994,2024-08-02,Credit Card,Returned
5177,1518,2023-09-30,UPI,Shipped
5178,1357,2024-08-02,Credit Card,Completed
5179,822,2025-10-13,UPI,Completed
5180,1437,2025-05-23,Debit Card,Shipped
5181,1638,2025-12-17,Credit Card,Completed
5182,937,2024-06-23,UPI,Completed
5183,1005,2024-01-09,Cash on Delivery,Completed
5184,649,2025-08-24,Debit Card,Processing
5185,99999,2025-11-13,Net Banking,Completed
5186,1997,2025-06-02,UPI,Shipped
5187,933,2025-11-03,Cash on Delivery,Completed
5188,142,2025-03-06,Cash on Delivery,Completed
5189,1893,2023-03-22,Credit Card,Completed
5190,1097,2024-10-20,Credit Card,Completed
5191,840,2025-10-23,Net Banking,Cancelled
5192,1191,2023-01-31,Net Banking,Returned
5193,168,2023-11-17,Credit Card,Completed
5194,566,2025-03-17,UPI,Completed
5195,1283,2026-01-07,Cash on Delivery,Returned
5196,1463,2025-04-07,UPI,Completed
5197,1135,2024-06-07,UPI,Completed
5198,744,2023-01-27,Net Banking,Completed
5199,673,2024-03-05,Cash on Delivery,Shipped
5200,864,2024-07-20,Net Banking,Completed
5201,839,2025-05-31,Credit Card,Completed
5202,531,2023-07-08,UPI,Completed
5203,1314,2024-07-23,Net Banking,Completed
5204,974,2025-09-09,UPI,Completed
5205,562,2024-06-21,Debit Card,Cancelled
5206,1534,2024-11-09,Credit Card,Cancelled
5207,175,2023-08-18,UPI,Completed
5208,302,2024-01-15,UPI,Completed
5209,1720,2026-01-10,UPI,Completed
5210,185,2025-01-20,Credit Card,Completed
5211,1363,2024-10-25,UPI,Completed
5212,510,2025-09-14,UPI,Cancelled
5213,819,2025-05-06,Credit Card,Completed
5214,1334,2024-09-01,Debit Card,Shipped
5215,1531,2023-04-05,UPI,Completed
5216,1370,2023-08-14,Debit Card,Completed
5217,1105,2022-03-17,UPI,Shipped
5218,1398,2026-01-11,UPI,Completed
5219,156,2024-04-27,UPI,Completed
5220,787,2024-09-19,Credit Card,Completed
5221,795,2024-10-13,UPI,Cancelled
5222,432,2024-12-01,UPI,Completed
5223,1524,2022-12-27,UPI,Completed
5224,761,2023-10-06,Net Banking,Processing
5225,147,2023-04-06,Cash on Delivery,Completed
5226,481,2025-07-13,UPI,Completed
5227,435,2025-04-07,UPI,Completed
5228,1543,2024-03-15,,Completed
5229,1693,2025-10-08,UPI,Completed
5230,1707,2024-10-01,UPI,Shipped
5231,69,2024-05-23,UPI,Completed
5232,1630,2025-08-31,Net Banking,Completed
5233,1905,2023-12-25,Debit Card,Completed
5234,875,2025-06-13,UPI,Completed
5235,1912,2025-09-05,UPI,Completed
5236,186,2024-08-06,Net Banking,Completed
5237,904,2023-11-08,UPI,Completed
5238,682,2025-03-17,Credit Card,Completed
5239,204,2022-11-01,UPI,Completed
5240,554,2024-11-15,Debit Card,Completed
5241,13,2025-12-03,UPI,Completed
5242,666,2025-07-13,Debit Card,Completed
5243,1298,2022-08-12,UPI,Completed
5244,1322,2024-05-17,UPI,Completed
5245,51,2026-01-25,Credit Card,Shipped
5246,500,2025-12-25,Cash on Delivery,Completed
5247,369,2025-03-18,UPI,Returned
5248,724,2023-07-18,UPI,Cancelled
5249,1680,2025-03-09,Credit Card,Completed
5250,357,2025-04-06,Debit Card,Completed
5251,1027,2023-12-26,Debit Card,Processing
5252,1278,2023-05-27,UPI,Completed
5253,1499,2024-10-13,UPI,Completed
5254,847,2025-07-07,Credit Card,Returned
5255,1530,2024-08-06,UPI,Shipped
5256,256,2023-07-14,Net Banking,Completed
5257,1634,2023-12-28,Credit Card,Shipped
5258,1709,2024-07-31,Credit Card,Completed
5259,1174,2024-11-10,UPI,Cancelled
5260,1512,2023-03-21,UPI,Completed
5261,279,2025-10-14,Credit Card,Completed
5262,1083,2025-12-12,UPI,Shipped
5263,446,2024-06-16,Cash on Delivery,Completed
5264,113,2024-04-22,UPI,Completed
5265,836,2023-01-29,UPI,Completed
5266,755,2023-11-25,UPI,Completed
5267,1846,2024-11-28,Debit Card,Cancelled
5268,1593,2023-06-18,UPI,Completed
5269,1513,2023-09-26,Credit Card,Completed
5270,1431,2025-08-24,Credit Card,Completed
5271,367,2025-10-10,UPI,Completed
5272,1084,2023-11-27,Debit Card,Completed
5273,329,2025-10-13,Debit Card,Completed
5274,728,2024-11-14,Net Banking,Completed
5275,1493,2022-11-04,Credit Card,Completed
5276,1769,2024-01-30,Credit Card,Completed
5277,1006,2023-10-29,UPI,Shipped
5278,1591,2025-08-21,UPI,Completed
5279,1909,2022-08-31,UPI,Shipped
5280,720,2025-07-20,Debit Card,Shipped
5281,1087,2025-02-09,UPI,Completed
5282,184,2025-04-14,Credit Card,Cancelled
5283,1023,2025-03-30,UPI,Completed
5284,311,2022-06-27,Credit Card,Shipped
5285,1817,2024-06-17,Credit Card,Completed
5286,1562,2024-11-05,Credit Card,Completed
5287,177,2025-12-25,Net Banking,Cancelled
5288,1599,2023-11-30,Debit Card,Returned
5289,1453,2023-09-05,UPI,Completed
5290,1097,2025-01-26,Credit Card,Completed
5291,847,2025-09-27,Credit Card,Cancelled
5292,1191,2024-07-24,Debit Card,Completed
5293,1249,2026-01-10,Cash on Delivery,Completed
5294,1601,2024-03-15,,Completed
5295,1605,2025-11-29,Cash on Delivery,Processing
5296,1976,2023-09-28,UPI,Processing
5297,9,2024-04-02,Debit Card,Cancelled
5298,236,2023-12-18,UPI,Completed
5299,710,2025-08-28,UPI,Shipped
5300,924,2024-05-10,Cash on Delivery,Completed
5301,685,2025-03-24,UPI,Shipped
5302,794,2025-05-28,Net Banking,Completed
5303,1052,2025-04-09,,Completed
5304,808,2024-06-22,Credit Card,Shipped
5305,1935,2024-07-28,Debit Card,Completed
5306,1670,2025-02-03,UPI,Completed
5307,27,2023-02-11,UPI,Completed
5308,550,2022-10-11,UPI,Shipped
5309,1220,2025-08-28,Net Banking,Completed
5310,1227,2024-05-23,Debit Card,Completed
5311,85,2024-12-08,UPI,Completed
5312,1856,2023-10-14,UPI,Completed
5313,1054,2025-07-18,UPI,Completed
5314,466,2024-07-26,Credit Card,Shipped
5315,1123,2023-10-14,Net Banking,Cancelled
5316,1923,2024-08-17,Debit Card,Completed
5317,1214,2024-03-30,UPI,Shipped
5318,12,2023-12-22,Credit Card,Completed
5319,1627,2025-04-20,Net Banking,Completed
5320,1013,2024-03-31,Credit Card,Completed
5321,1054,2024-10-08,Net Banking,Completed
5322,1749,2025-05-19,UPI,Cancelled
5323,1062,2025-06-12,Debit Card,Cancelled
5324,1877,2023-12-10,Credit Card,Cancelled
5325,572,2025-06-17,Debit Card,Returned
5326,1318,2025-01-03,Credit Card,Completed
5327,1384,2025-05-28,UPI,Completed
5328,1679,2024-10-25,UPI,Completed
5329,914,2024-07-02,Net Banking,Shipped
5330,180,2024-03-20,UPI,Completed
5331,797,2023-08-29,Net Banking,Cancelled
5332,1136,2024-12-04,Debit Card,Shipped
5333,1766,2025-09-19,Credit Card,Completed
5334,1468,2022-07-10,Net Banking,Completed
5335,1045,2025-01-01,Debit Card,Completed
5336,1169,2024-03-11,UPI,Completed
5337,1523,2025-02-25,UPI,Returned
5338,1170,2022-11-14,Cash on Delivery,Completed
5339,441,2025-08-29,Debit Card,Completed
5340,887,2024-06-28,Debit Card,Returned
5341,421,2024-10-02,Debit Card,Completed
5342,1340,2023-04-23,UPI,Completed
5343,1190,2024-12-16,Cash on Delivery,Completed
5344,1676,2025-03-28,UPI,Completed
5345,1227,2025-10-25,UPI,Cancelled
5346,1520,2025-04-25,UPI,Completed
5347,1780,2024-08-22,UPI,Completed
5348,1649,2023-05-20,Credit Card,Completed
5349,468,2025-08-07,UPI,Completed
5350,713,2023-08-06,UPI,Completed
5351,385,2024-02-08,UPI,Shipped
5352,314,2022-11-15,Credit Card,Completed
5353,771,2025-10-09,Credit Card,Shipped
5354,1279,2026-01-25,Credit Card,Completed
5355,959,2025-09-13,Debit Card,Completed
5356,917,2025-02-25,Credit Card,Cancelled
5357,23,2025-11-10,UPI,Completed
5358,1929,2025-04-22,Net Banking,Completed
5359,1782,2026-01-03,UPI,Completed
5360,339,2025-01-20,UPI,Shipped
5361,1517,2022-10-18,Credit Card,Completed
5362,823,2025-08-11,Debit Card,Completed
5363,1535,2026-01-30,Cash on Delivery,Completed
5364,366,2025-04-15,UPI,Completed
5365,1396,2023-06-30,Debit Card,Completed
5366,915,2025-01-23,Debit Card,Cancelled
5367,1854,2025-12-14,UPI,Shipped
5368,1623,2023-12-28,UPI,Completed
5369,1243,2024-10-11,Debit Card,Completed
5370,475,2025-02-28,UPI,Completed
5371,1447,2026-01-03,UPI,Completed
5372,1380,2022-07-11,UPI,Processing
5373,1484,2025-06-20,UPI,Completed
5374,1527,2025-04-03,UPI,Completed
5375,27,2025-05-22,UPI,Completed
5376,942,2024-10-22,UPI,Completed
5377,802,2023-10-03,Cash on Delivery,Completed
5378,801,2023-03-28,UPI,Shipped
5379,860,2024-05-02,Credit Card,Completed
5380,1247,2023-07-12,Net Banking,Completed
5381,864,2025-08-22,Cash on Delivery,Completed
5382,690,2025-12-18,UPI,Shipped
5383,1172,2023-05-03,UPI,Completed
5384,1448,2025-11-29,Credit Card,Completed
5385,739,2024-07-13,Cash on Delivery,Completed
5386,1375,2025-01-10,UPI,Completed
5387,1210,2023-11-11,UPI,Completed
5388,415,2024-01-10,Cash on Delivery,Completed
5389,1830,2023-04-19,UPI,Completed
5390,982,2025-12-09,Debit Card,Completed
5391,429,2026-01-19,Debit Card,Completed
5392,41,2025-08-07,UPI,Shipped
5393,905,2025-04-15,Credit Card,Completed
5394,1012,2024-11-16,Credit Card,Completed
5395,1417,2025-12-15,Debit Card,Completed
5396,703,2024-01-04,Cash on Delivery,Shipped
5397,79,2024-08-21,Debit Card,Returned
5398,717,2023-09-21,UPI,Shipped
5399,1920,2023-10-23,Debit Card,Completed
5400,1814,2024-12-15,Credit Card,Shipped
5401,1808,2025-12-11,Credit Card,Completed
5402,544,2022-11-22,UPI,Completed
5403,1474,2024-06-04,Debit Card,Completed
5404,474,2025-08-07,Debit Card,Completed
5405,1166,2025-05-22,Credit Card,Completed
5406,1275,2023-08-01,Cash on Delivery,Completed
5407,294,2023-08-26,UPI,Completed
5408,610,2025-04-19,UPI,Returned
5409,136,2024-12-14,Credit Card,Completed
5410,484,2025-10-18,Net Banking,Completed
5411,1813,2024-06-06,UPI,Cancelled
5412,1336,2023-09-15,UPI,Completed
5413,99999,2023-07-06,Net Banking,Completed
5414,555,2025-08-17,Cash on Delivery,Shipped
5415,1656,2025-06-16,Cash on Delivery,Completed
5416,1756,2025-09-18,UPI,Completed
5417,46,2024-12-14,Cash on Delivery,Processing
5418,1260,2024-10-24,Credit Card,Completed
5419,1072,2024-04-07,Credit Card,Shipped
5420,198,2025-01-26,UPI,Completed
5421,84,2024-11-17,Debit Card,Completed
5422,543,2025-01-03,UPI,Completed
5423,1185,2025-05-08,UPI,Returned
5424,1452,2022-05-16,Credit Card,Completed
5425,71,2025-09-30,UPI,Returned
5426,520,2023-02-09,UPI,Completed
5427,1993,2025-12-06,UPI,Shipped
5428,898,2024-04-24,Debit Card,Completed
5429,913,2025-09-05,UPI,Completed
5430,1076,2025-06-06,Debit Card,Shipped
5431,1069,2024-03-24,Debit Card,Completed
5432,293,2025-07-14,Debit Card,Completed
5433,938,2025-12-08,Credit Card,Shipped
5434,812,2024-03-08,Debit Card,Cancelled
5435,1489,2023-06-25,UPI,Completed
5436,1909,2022-07-05,UPI,Completed
5437,1574,2024-06-08,Debit Card,Completed
5438,867,2024-02-10,Net Banking,Processing
5439,380,2025-11-27,UPI,Returned
5440,1007,2023-06-21,Credit Card,Completed
5441,1767,2024-09-14,Net Banking,Completed
5442,1502,2022-04-20,Cash on Delivery,Completed
5443,262,2025-05-12,UPI,Completed
5444,580,2025-03-08,Credit Card,Processing
5445,1203,2023-12-06,UPI,Returned
5446,357,2025-10-28,Debit Card,Shipped
5447,1443,2024-09-23,UPI,Returned
5448,698,2024-09-25,Debit Card,Completed
5449,1977,2024-01-15,Net Banking,Completed
5450,1225,2025-10-30,Net Banking,Completed
5451,1926,2023-11-12,Cash on Delivery,Completed
5452,1037,2023-09-25,UPI,Completed
5453,443,2024-07-27,UPI,Completed
5454,726,2022-04-23,Credit Card,Completed
5455,1756,2025-01-20,Credit Card,Shipped
5456,286,2025-02-12,UPI,Processing
5457,1780,2024-09-27,UPI,Shipped
5458,1892,2023-06-09,Cash on Delivery,Completed
5459,1282,2023-08-01,Cash on Delivery,Completed
5460,570,2025-01-29,UPI,Completed
5461,1572,2024-06-19,UPI,Completed
5462,840,2025-03-29,Credit Card,Completed
5463,1965,2025-02-14,Cash on Delivery,Completed
5464,1514,2025-05-06,Credit Card,Completed
5465,498,2025-02-27,Net Banking,Completed
5466,1929,2024-03-15,Debit Card,Completed
5467,1918,2024-10-07,Net Banking,Completed
5468,705,2023-11-21,Debit Card,Completed
5469,1357,2024-06-15,Cash on Delivery,Completed
5470,562,2026-01-04,Cash on Delivery,Completed
5471,1999,2025-01-05,UPI,Completed
5472,32,2023-08-26,UPI,Completed
5473,1634,2022-12-02,Cash on Delivery,Completed
5474,43,2025-04-22,UPI,Completed
5475,1917,2025-01-21,UPI,Completed
5476,1375,2025-09-21,Cash on Delivery,Completed
5477,1358,2025-11-29,Cash on Delivery,Shipped
5478,1846,2024-05-15,UPI,Completed
5479,559,2025-05-15,Credit Card,Completed
5480,270,2024-08-20,,Completed
5481,1968,2023-12-25,UPI,Returned
5482,1847,2025-05-21,Cash on Delivery,Completed
5483,1437,2022-06-18,Credit Card,Completed
5484,943,2024-01-12,Net Banking,Completed
5485,1599,2025-02-12,UPI,Completed
5486,1043,2025-11-01,UPI,Completed
5487,1371,2025-09-26,Cash on Delivery,Completed
5488,1929,2024-09-29,UPI,Completed
5489,1637,2023-01-06,UPI,Returned
5490,37,2022-11-20,Net Banking,Cancelled
5491,1643,2025-07-07,Cash on Delivery,Shipped
5492,92,2025-11-01,Credit Card,Processing
5493,1844,2025-06-01,Credit Card,Completed
5494,185,2024-04-13,UPI,Shipped
5495,728,2025-01-12,Net Banking,Completed
5496,1052,2023-04-28,Cash on Delivery,Completed
5497,1572,2024-02-24,UPI,Shipped
5498,372,2024-02-23,UPI,Completed
5499,832,2024-05-19,Cash on Delivery,Shipped
5500,1554,2025-05-01,UPI,Completed
5501,345,2024-12-09,Net Banking,Completed
5502,1443,2025-06-22,Net Banking,Cancelled
5503,1220,2023-06-13,Cash on Delivery,Processing
5504,78,2024-10-31,Debit Card,Completed
5505,167,2025-05-12,,Completed
5506,1114,2023-01-19,UPI,Completed
5507,264,2024-12-15,Debit Card,Completed
5508,1496,2024-03-15,UPI,Processing
5509,1232,2025-12-22,Credit Card,Completed
5510,724,2025-12-23,UPI,Completed
5511,1295,2024-02-06,UPI,Completed
5512,1287,2026-01-12,UPI,Completed
5513,1530,2024-07-01,Cash on Delivery,Completed
5514,1809,2025-03-27,UPI,Completed
5515,512,2025-11-23,UPI,Completed
5516,1878,2023-07-28,UPI,Completed
5517,1750,2025-03-08,UPI,Completed
5518,1910,2025-08-12,Cash on Delivery,Completed
5519,576,2024-09-11,Credit Card,Completed
5520,1548,2024-11-13,UPI,Completed
5521,722,2024-07-08,UPI,Completed
5522,1336,2023-11-15,Net Banking,Completed
5523,1198,2023-05-19,Credit Card,Completed
5524,431,2025-02-20,UPI,Shipped
5525,768,2024-03-21,UPI,Completed
5526,463,2026-01-09,UPI,Completed
5527,101,2023-10-05,UPI,Completed
5528,1040,2024-01-09,Cash on Delivery,Returned
5529,1733,2024-01-28,UPI,Processing
5530,1282,2024-08-24,Cash on Delivery,Cancelled
5531,1920,2022-09-26,Credit Card,Processing
5532,244,2025-05-20,UPI,Completed
5533,1372,2025-12-30,Cash on Delivery,Processing
5534,1273,2025-05-31,UPI,Completed
5535,105,2024-07-03,Debit Card,Completed
5536,694,2024-12-07,Cash on Delivery,Completed
5537,1691,2025-05-22,Net Banking,Completed
5538,1311,2025-02-04,UPI,Shipped
5539,1193,2025-03-04,UPI,Completed
5540,1444,2025-04-02,Credit Card,Completed
5541,1071,2023-10-31,UPI,Shipped
5542,1067,2025-03-19,Credit Card,Completed
5543,1345,2024-08-22,UPI,Processing
5544,818,2025-06-10,Credit Card,Returned
5545,221,2024-10-25,UPI,Completed
5546,1537,2025-03-22,Cash on Delivery,Completed
5547,1736,2026-01-25,Debit Card,Completed
5548,1465,2025-05-21,UPI,Processing
5549,144,2023-04-12,Cash on Delivery,Completed
5550,890,2024-05-23,UPI,Completed
5551,1052,2025-04-21,UPI,Completed
5552,1878,2023-12-16,UPI,Completed
5553,1874,2025-04-03,Cash on Delivery,Completed
5554,790,2025-05-09,UPI,Processing
5555,553,2024-03-14,UPI,Shipped
5556,844,2023-12-31,Net Banking,Processing
5557,659,2024-10-15,UPI,Completed
5558,1881,2024-11-23,Net Banking,Completed
5559,1714,2023-12-13,UPI,Completed
5560,1851,2023-07-05,Cash on Delivery,Completed
5561,837,2023-11-30,Debit Card,Completed
5562,1019,2023-08-10,Cash on Delivery,Shipped
5563,1954,2025-10-23,Net Banking,Completed
5564,1191,2024-06-16,Cash on Delivery,Completed
5565,1659,2024-04-24,UPI,Completed
5566,1610,2024-07-09,Cash on Delivery,Completed
5567,751,2025-07-07,Debit Card,Completed
5568,249,2026-01-16,UPI,Completed
5569,775,2025-04-29,Net Banking,Completed
5570,764,2024-05-11,Credit Card,Completed
5571,1381,2025-07-09,UPI,Completed
5572,1135,2025-01-04,UPI,Returned
5573,692,2025-12-11,Credit Card,Completed
5574,1724,2024-09-03,Credit Card,Completed
5575,820,2024-09-13,Credit Card,Completed
5576,719,2025-11-10,UPI,Completed
5577,234,2023-05-04,Credit Card,Completed
5578,24,2025-03-08,Cash on Delivery,Completed
5579,1050,2022-05-15,UPI,Shipped
5580,1405,2025-06-25,Credit Card,Processing
5581,1754,2024-07-04,UPI,Returned
5582,1006,2023-06-13,UPI,Completed
5583,1370,2023-09-26,Credit Card,Returned
5584,1402,2025-10-22,UPI,Shipped
5585,522,2024-06-16,Debit Card,Shipped
5586,17,2023-03-03,Debit Card,Completed
5587,245,2024-06-21,UPI,Cancelled
5588,718,2025-05-16,UPI,Cancelled
5589,770,2024-07-30,Cash on Delivery,Completed
5590,1648,2025-10-09,UPI,Completed
5591,717,2024-08-11,Credit Card,Cancelled
5592,1563,2024-08-23,Net Banking,Completed
5593,1993,2024-05-17,Cash on Delivery,Completed
5594,1607,2024-08-28,Credit Card,Completed
5595,1712,2024-04-21,UPI,Completed
5596,1226,2023-05-09,UPI,Shipped
5597,1272,2023-05-31,UPI,Completed
5598,118,2023-09-09,Debit Card,Shipped
5599,9,2024-08-29,UPI,Cancelled
5600,598,2024-03-02,Cash on Delivery,Completed
5601,23,2024-05-03,Credit Card,Completed
5602,1991,2023-08-06,UPI,Processing
5603,240,2024-05-02,UPI,Cancelled
5604,1609,2024-06-09,Credit Card,Completed
5605,27,2024-05-16,UPI,Shipped
5606,984,2025-08-06,Debit Card,Completed
5607,1885,2023-04-27,Cash on Delivery,Completed
5608,1105,2024-04-09,Net Banking,Processing
5609,1620,2025-12-10,Debit Card,Completed
5610,199,2024-10-21,Cash on Delivery,Shipped
5611,1579,2023-12-18,Credit Card,Completed
5612,775,2024-11-17,Credit Card,Processing
5613,92,2024-04-20,Debit Card,Completed
5614,851,2024-07-25,UPI,Completed
5615,1983,2025-06-21,UPI,Completed
5616,1108,2025-03-23,Debit Card,Completed
5617,300,2023-11-24,Net Banking,Processing
5618,1959,2022-10-08,Credit Card,Completed
5619,296,2024-03-19,Credit Card,Completed
5620,647,2025-09-25,Credit Card,Processing
5621,1478,2025-03-10,Credit Card,Completed
5622,1305,2024-06-09,Credit Card,Completed
5623,1001,2023-07-15,Net Banking,Shipped
5624,1083,2025-08-20,Credit Card,Completed
5625,909,2025-11-21,UPI,Completed
5626,871,2024-01-18,Debit Card,Completed
5627,1366,2024-12-14,UPI,Completed
5628,753,2023-02-23,Debit Card,Shipped
5629,1489,2025-04-04,Credit Card,Completed
5630,1904,2024-11-26,Debit Card,Completed
5631,342,2025-02-13,UPI,Completed
5632,1634,2025-05-19,UPI,Completed
5633,62,2025-01-29,UPI,Completed
5634,776,2023-06-26,Debit Card,Cancelled
5635,625,2024-09-20,UPI,Completed
5636,1453,2023-02-13,UPI,Completed
5637,1682,2024-03-13,Net Banking,Cancelled
5638,1752,2023-11-03,UPI,Completed
5639,256,2026-01-14,Cash on Delivery,Completed
5640,828,2025-02-23,Cash on Delivery,Shipped
5641,1014,2025-01-01,Cash on Delivery,Completed
5642,1852,2023-05-27,Cash on Delivery,Processing
5643,1898,2024-12-26,,Shipped
5644,1794,2025-12-24,Debit Card,Completed
5645,1730,2024-08-11,Credit Card,Completed
5646,1371,2024-01-18,UPI,Returned
5647,1550,2023-06-12,UPI,Completed
5648,1328,2024-02-07,UPI,Completed
5649,615,2025-12-31,UPI,Cancelled
5650,245,2024-05-10,Debit Card,Completed
5651,757,2025-08-10,Net Banking,Completed
5652,824,2024-03-21,Cash on Delivery,Processing
5653,780,2023-01-20,UPI,Completed
5654,1760,2022-01-27,UPI,Shipped
5655,732,2025-11-21,Debit Card,Completed
5656,1847,2022-10-19,UPI,Shipped
5657,1436,2025-10-31,Cash on Delivery,Completed
5658,878,2025-07-01,Debit Card,Completed
5659,1241,2024-07-18,Credit Card,Completed
5660,516,2025-05-17,UPI,Completed
5661,474,2024-07-20,UPI,Shipped
5662,36,2025-04-06,UPI,Completed
5663,1202,2025-10-08,Credit Card,Processing
5664,1411,2025-09-10,Net Banking,Completed
5665,1793,2026-01-13,UPI,Processing
5666,1041,2024-06-01,UPI,Completed
5667,1735,2023-05-13,Credit Card,Completed
5668,830,2023-02-28,UPI,Completed
5669,1072,2024-09-06,Cash on Delivery,Cancelled
5670,1086,2024-10-04,UPI,Completed
5671,1093,2024-08-01,Net Banking,Completed
5672,1683,2024-09-28,Cash on Delivery,Completed
5673,1895,2024-03-04,Cash on Delivery,Completed
5674,366,2025-08-15,UPI,Processing
5675,1186,2024-09-27,UPI,Completed
5676,1763,2025-02-01,Cash on Delivery,Completed
5677,945,2023-05-12,Cash on Delivery,Returned
5678,976,2024-11-14,Debit Card,Returned
5679,1512,2023-05-03,Credit Card,Completed
5680,431,2023-04-10,UPI,Shipped
5681,859,2023-12-11,Net Banking,Completed
5682,1513,2025-11-19,UPI,Shipped
5683,230,2024-01-09,UPI,Completed
5684,370,2023-03-27,UPI,Completed
5685,178,2022-08-26,Debit Card,Returned
5686,1881,2023-09-24,UPI,Completed
5687,1434,2023-04-14,Credit Card,Completed
5688,568,2024-09-06,UPI,Processing
5689,1614,2026-01-17,UPI,Completed
5690,1294,2024-03-26,Debit Card,Completed
5691,1230,2023-04-05,UPI,Completed
5692,793,2026-01-18,UPI,Shipped
5693,1764,2026-01-10,Credit Card,Shipped
5694,900,2025-07-26,UPI,Completed
5695,1775,2024-03-29,UPI,Completed
5696,975,2024-06-26,Net Banking,Completed
5697,99999,2025-01-18,Net Banking,Shipped
5698,82,2024-05-30,UPI,Completed
5699,846,2023-05-23,UPI,Completed
5700,762,2025-05-18,UPI,Completed
5701,1217,2024-04-30,Cash on Delivery,Completed
5702,618,2025-03-03,Credit Card,Completed
5703,1213,2023-07-29,UPI,Completed
5704,1300,2024-08-02,Cash on Delivery,Completed
5705,1098,2023-01-08,Credit Card,Completed
5706,1034,2025-12-04,UPI,Completed
5707,1659,2025-08-14,UPI,Completed
5708,216,2025-03-29,UPI,Completed
5709,290,2024-07-19,Net Banking,Processing
5710,445,2025-03-14,Debit Card,Completed
5711,923,2024-10-16,UPI,Completed
5712,552,2024-09-28,Credit Card,Returned
5713,193,2024-03-11,Credit Card,Completed
5714,1663,2024-10-16,UPI,Completed
5715,289,2024-08-18,UPI,Cancelled
5716,1988,2024-02-24,Credit Card,Completed
5717,583,2025-10-14,UPI,Shipped
5718,1673,2025-12-25,UPI,Completed
5719,1168,2025-01-27,UPI,Completed
5720,1413,2024-02-06,UPI,Completed
5721,1890,2025-11-12,Credit Card,Completed
5722,1916,2026-01-27,UPI,Completed
5723,1431,2024-07-22,Credit Card,Completed
5724,1835,2023-11-23,UPI,Completed
5725,1394,2024-01-21,Debit Card,Completed
5726,857,2025-07-20,UPI,Cancelled
5727,1465,2024-02-08,Credit Card,Shipped
5728,1971,2023-07-13,Credit Card,Shipped
5729,781,2025-06-02,Debit Card,Completed
5730,896,2022-12-23,Debit Card,Completed
5731,920,2024-03-14,UPI,Completed
5732,1675,2023-11-07,Net Banking,Completed
5733,564,2022-11-25,Cash on Delivery,Shipped
5734,1553,2025-01-25,,Cancelled
5735,1701,2025-10-09,Cash on Delivery,Shipped
5736,13,2024-07-20,UPI,Completed
5737,1726,2023-02-12,UPI,Processing
5738,987,2026-01-07,Debit Card,Completed
5739,340,2024-12-01,Net Banking,Completed
5740,865,2024-11-22,UPI,Completed
5741,1898,2024-08-26,Credit Card,Completed
5742,1888,2024-12-16,Cash on Delivery,Shipped
5743,1800,2025-07-25,Cash on Delivery,Completed
5744,312,2024-01-28,UPI,Completed
5745,733,2025-10-02,UPI,Completed
5746,1128,2024-05-09,UPI,Completed
5747,339,2023-12-24,Credit Card,Returned
5748,1222,2024-09-07,Cash on Delivery,Returned
5749,300,2024-09-10,Credit Card,Returned
5750,1468,2025-02-06,Cash on Delivery,Completed
5751,359,2024-05-08,Debit Card,Completed
5752,1392,2025-02-23,,Returned
5753,169,2023-12-10,UPI,Returned
5754,1173,2025-02-05,UPI,Completed
5755,761,2024-09-11,UPI,Shipped
5756,768,2025-07-22,UPI,Completed
5757,982,2023-12-22,UPI,Cancelled
5758,42,2023-07-21,UPI,Completed
5759,202,2025-01-03,UPI,Cancelled
5760,970,2023-01-13,Credit Card,Completed
5761,1268,2024-07-17,UPI,Completed
5762,1693,2024-07-31,Debit Card,Completed
5763,464,2025-04-03,Credit Card,Completed
5764,449,2023-09-30,Debit Card,Completed
5765,913,2023-05-12,Debit Card,Shipped
5766,798,2024-03-07,Debit Card,Completed
5767,794,2025-10-14,Net Banking,Shipped
5768,437,2025-05-05,UPI,Completed
5769,1917,2023-03-15,UPI,Completed
5770,1774,2023-06-17,UPI,Completed
5771,531,2024-02-04,Credit Card,Completed
5772,565,2026-01-09,UPI,Returned
5773,1621,2023-07-17,Credit Card,Shipped
5774,1297,2025-02-27,UPI,Shipped
5775,1454,2025-10-27,Credit Card,Completed
5776,872,2025-10-04,Credit Card,Completed
5777,213,2024-12-07,UPI,Returned
5778,949,2025-06-24,Credit Card,Completed
5779,1897,2025-08-23,Cash on Delivery,Processing
5780,1128,2025-02-16,Debit Card,Completed
5781,192,2024-12-06,UPI,Completed
5782,1965,2023-12-21,Cash on Delivery,Shipped
5783,1713,2025-08-01,UPI,Cancelled
5784,1683,2024-05-30,UPI,Completed
5785,1404,2023-05-24,UPI,Completed
5786,1991,2024-02-14,Net Banking,Shipped
5787,1105,2022-08-24,UPI,Completed
5788,705,2023-10-18,UPI,Completed
5789,549,2023-02-18,Cash on Delivery,Completed
5790,1401,2026-01-15,Credit Card,Completed
5791,1862,2026-01-25,Debit Card,Shipped
5792,154,2024-10-30,UPI,Returned
5793,1666,2025-04-07,UPI,Completed
5794,571,2025-10-07,Net Banking,Completed
5795,1760,2023-01-30,Credit Card,Completed
5796,1785,2024-12-02,Cash on Delivery,Completed
5797,240,2026-01-14,Net Banking,Completed
5798,374,2025-06-25,Debit Card,Completed
5799,1925,2024-12-25,UPI,Completed
5800,805,2024-10-19,UPI,Completed
5801,799,2024-08-14,UPI,Returned
5802,1228,2024-07-25,UPI,Processing
5803,611,2026-01-12,Cash on Delivery,Completed
5804,1374,2025-04-19,Credit Card,Completed
5805,688,2022-09-07,Cash on Delivery,Completed
5806,774,2025-07-25,Cash on Delivery,Processing
5807,1807,2025-07-28,Net Banking,Returned
5808,143,2023-10-28,Net Banking,Processing
5809,1213,2023-06-28,Debit Card,Completed
5810,272,2025-01-13,Cash on Delivery,Completed
5811,1556,2023-05-26,Debit Card,Returned
5812,1869,2025-03-20,Debit Card,Processing
5813,1324,2025-07-15,Debit Card,Processing
5814,426,2023-03-04,Debit Card,Completed
5815,46,2023-07-28,UPI,Completed
5816,95,2024-06-19,UPI,Completed
5817,1954,2025-10-08,UPI,Cancelled
5818,64,2024-09-19,UPI,Cancelled
5819,413,2025-04-27,Credit Card,Completed
5820,1667,2023-08-03,Cash on Delivery,Shipped
5821,1033,2022-03-18,Credit Card,Completed
5822,459,2024-02-21,UPI,Completed
5823,1739,2025-07-31,Cash on Delivery,Completed
5824,1433,2025-10-24,Net Banking,Completed
5825,470,2026-01-02,Cash on Delivery,Completed
5826,810,2025-02-10,Debit Card,Completed
5827,506,2025-02-27,UPI,Shipped
5828,1710,2024-02-20,UPI,Completed
5829,1097,2023-12-03,Credit Card,Processing
5830,84,2025-10-01,UPI,Completed
5831,59,2024-04-09,UPI,Shipped
5832,1045,2025-12-15,Net Banking,Cancelled
5833,1482,2024-03-28,Debit Card,Completed
5834,918,2024-12-26,UPI,Completed
5835,157,2025-11-14,UPI,Completed
5836,1855,2025-11-12,UPI,Completed
5837,1353,2025-09-04,UPI,Completed
5838,1597,2025-02-18,Debit Card,Completed
5839,576,2024-10-10,UPI,Shipped
5840,837,2024-04-23,Cash on Delivery,Completed
5841,680,2024-05-01,Cash on Delivery,Completed
5842,203,2025-07-21,Credit Card,Completed
5843,1665,2024-07-17,Debit Card,Completed
5844,1781,2024-05-17,UPI,Shipped
5845,1130,2025-10-18,Credit Card,Completed
5846,1857,2024-11-26,Debit Card,Cancelled
5847,1146,2025-07-16,Debit Card,Completed
5848,318,2024-02-13,UPI,Completed
5849,1206,2024-10-22,UPI,Completed
5850,1639,2025-11-18,UPI,Completed
5851,1340,2024-01-04,Credit Card,Processing
5852,1838,2025-07-24,Debit Card,Returned
5853,1797,2022-12-20,Credit Card,Completed
5854,1649,2024-11-28,Debit Card,Shipped
5855,406,2024-11-07,UPI,Completed
5856,986,2024-02-26,Cash on Delivery,Completed
5857,949,2024-07-26,Credit Card,Completed
5858,1094,2024-06-14,UPI,Returned
5859,1184,2025-05-09,Credit Card,Completed
5860,1264,2025-06-21,Credit Card,Completed
5861,1547,2024-03-19,UPI,Completed
5862,1162,2024-10-04,Debit Card,Processing
5863,495,2023-10-03,Net Banking,Completed
5864,679,2025-11-30,UPI,Completed
5865,1271,2024-08-07,Credit Card,Returned
5866,1890,2023-08-15,UPI,Returned
5867,1567,2023-06-22,Net Banking,Shipped
5868,1548,2024-07-06,UPI,Shipped
5869,1267,2023-09-09,UPI,Shipped
5870,1644,2025-04-11,Credit Card,Completed
5871,1360,2024-06-13,UPI,Completed
5872,1446,2025-08-27,UPI,Completed
5873,835,2024-01-09,UPI,Returned
5874,194,2024-04-13,UPI,Processing
5875,308,2024-05-12,UPI,Completed
5876,1669,2023-08-24,Cash on Delivery,Completed
5877,1931,2025-05-26,Net Banking,Processing
5878,506,2023-12-21,Credit Card,Completed
5879,281,2024-05-30,Credit Card,Completed
5880,1827,2023-12-14,Debit Card,Completed
5881,675,2025-09-15,UPI,Completed
5882,1814,2025-07-31,UPI,Cancelled
5883,933,2025-02-26,Debit Card,Processing
5884,1463,2023-05-06,UPI,Returned
5885,715,2025-01-06,Credit Card,Completed
5886,608,2023-11-22,Credit Card,Processing
5887,483,2023-10-18,Credit Card,Completed
5888,1247,2022-03-17,Cash on Delivery,Completed
5889,1773,2025-06-23,Debit Card,Completed
5890,117,2024-06-01,Net Banking,Cancelled
5891,968,2024-05-29,Debit Card,Shipped
5892,192,2023-05-09,UPI,Completed
5893,788,2024-06-25,Debit Card,Returned
5894,618,2025-09-21,Debit Card,Completed
5895,516,2025-06-28,Credit Card,Processing
5896,1554,2025-12-14,Credit Card,Shipped
5897,307,2024-03-13,UPI,Shipped
5898,1988,2024-04-09,Net Banking,Shipped
5899,532,2024-03-14,Cash on Delivery,Completed
5900,122,2024-11-03,Credit Card,Returned
5901,649,2025-01-18,UPI,Completed
5902,592,2025-11-23,Cash on Delivery,Completed
5903,1178,2024-04-03,UPI,Completed
5904,870,2024-06-07,UPI,Completed
5905,1561,2024-08-15,Debit Card,Completed
5906,1476,2025-07-06,Debit Card,Processing
5907,1193,2026-01-10,UPI,Completed
5908,59,2025-12-09,Debit Card,Completed
5909,301,2025-08-31,Debit Card,Completed
5910,553,2024-12-10,Credit Card,Shipped
5911,1574,2025-08-19,UPI,Completed
5912,1141,2024-11-09,UPI,Shipped
5913,1811,2025-01-28,UPI,Completed
5914,1806,2025-09-16,UPI,Completed
5915,1151,2024-04-12,UPI,Completed
5916,1429,2025-07-28,UPI,Shipped
5917,399,2024-10-19,UPI,Completed
5918,515,2023-10-08,UPI,Completed
5919,805,2025-06-17,UPI,Completed
5920,1909,2025-07-28,UPI,Completed
5921,498,2024-05-04,Debit Card,Completed
5922,942,2023-04-01,Credit Card,Completed
5923,528,2023-08-09,UPI,Shipped
5924,398,2024-10-15,UPI,Processing
5925,1289,2024-04-22,Debit Card,Completed
5926,1775,2023-06-25,UPI,Completed
5927,1287,2024-01-10,Net Banking,Shipped
5928,99999,2024-02-17,Debit Card,Shipped
5929,1670,2025-04-18,UPI,Shipped
5930,1749,2024-09-19,Credit Card,Shipped
5931,1551,2024-08-28,Debit Card,Completed
5932,436,2024-05-09,UPI,Completed
5933,840,2024-07-19,UPI,Completed
5934,1954,2023-03-30,Credit Card,Completed
5935,360,2024-12-13,Net Banking,Cancelled
5936,1153,2025-06-11,UPI,Cancelled
5937,864,2024-04-05,UPI,Shipped
5938,634,2022-09-21,UPI,Completed
5939,1265,2025-06-02,Credit Card,Completed
5940,1651,2025-12-20,Debit Card,Shipped
5941,1733,2025-04-28,Credit Card,Completed
5942,1246,2025-09-12,Debit Card,Shipped
5943,214,2022-09-25,UPI,Completed
5944,916,2023-09-06,Debit Card,Completed
5945,592,2025-08-20,UPI,Shipped
5946,1799,2023-04-03,Debit Card,Cancelled
5947,135,2024-09-30,Cash on Delivery,Processing
5948,1842,2022-11-17,Debit Card,Shipped
5949,754,2024-10-14,UPI,Completed
5950,386,2025-05-20,Debit Card,Completed
5951,1327,2025-11-13,Credit Card,Completed
5952,1806,2025-08-11,Net Banking,Completed
5953,1311,2025-09-15,UPI,Completed
5954,1586,2024-05-03,Debit Card,Completed
5955,1213,2024-11-21,UPI,Returned
5956,1321,2023-08-25,UPI,Completed
5957,1550,2024-03-09,UPI,Completed
5958,389,2023-08-05,UPI,Completed
5959,1483,2023-03-24,UPI,Completed
5960,744,2024-07-28,UPI,Completed
5961,1285,2025-09-01,UPI,Shipped
5962,704,2025-04-03,Debit Card,Completed
5963,925,2024-09-16,Credit Card,Processing
5964,1739,2025-03-01,Cash on Delivery,Completed
5965,773,2025-09-13,Credit Card,Completed
5966,1137,2024-03-15,Cash on Delivery,Shipped
5967,1910,2023-02-28,Credit Card,Completed
5968,864,2025-11-11,UPI,Completed
5969,1060,2022-10-09,Credit Card,Completed
5970,79,2022-12-26,Debit Card,Completed
5971,1299,2024-09-14,Credit Card,Cancelled
5972,1984,2024-11-15,Cash on Delivery,Completed
5973,1302,2025-03-01,Debit Card,Completed
5974,674,2023-09-28,UPI,Completed
5975,312,2025-10-27,Cash on Delivery,Completed
5976,1553,2025-08-16,Debit Card,Completed
5977,204,2025-10-24,UPI,Completed
5978,985,2025-11-27,Credit Card,Completed
5979,1976,2024-09-01,Debit Card,Completed
5980,17,2022-10-27,Credit Card,Completed
5981,1738,2023-03-02,Net Banking,Completed
5982,476,2025-05-08,UPI,Shipped
5983,1535,2026-01-06,Debit Card,Completed
5984,1017,2024-01-03,Cash on Delivery,Completed
5985,210,2024-04-02,Debit Card,Completed
5986,499,2023-06-27,UPI,Returned
5987,1426,2025-08-22,UPI,Shipped
5988,429,2024-06-25,Credit Card,Processing
5989,1102,2025-10-11,UPI,Completed
5990,1592,2024-11-16,Cash on Delivery,Completed
5991,1104,2024-09-05,UPI,Shipped
5992,1330,2025-07-01,Credit Card,Completed
5993,58,2025-02-25,UPI,Completed
5994,1554,2024-01-18,Credit Card,Completed
5995,1232,2023-09-13,Debit Card,Completed
5996,1535,2024-08-05,UPI,Completed
5997,1159,2023-08-21,Debit Card,Completed
5998,1868,2025-09-02,UPI,Shipped
5999,994,2024-09-15,Credit Card,Completed
6000,522,2025-09-23,Credit Card,Completed
6001,581,2025-01-12,UPI,Shipped
6002,1877,2025-10-31,UPI,Completed
6003,899,2025-04-20,Debit Card,Shipped
6004,1107,2024-10-05,UPI,Shipped
6005,621,2024-04-13,UPI,Completed
6006,1068,2025-07-11,Debit Card,Completed
6007,1507,2023-08-08,UPI,Shipped
6008,966,2022-08-20,Debit Card,Completed
6009,910,2023-12-15,Credit Card,Completed
6010,1668,2024-04-26,UPI,Completed
6011,493,2024-04-19,,Processing
6012,499,2025-06-22,Credit Card,Returned
6013,1042,2023-07-11,UPI,Completed
6014,605,2023-10-24,UPI,Completed
6015,948,2025-07-28,Debit Card,Completed
6016,294,2023-08-22,Credit Card,Completed
6017,2000,2024-02-02,UPI,Completed
6018,1172,2025-11-20,Credit Card,Completed
6019,1496,2023-05-28,Credit Card,Shipped
6020,172,2024-10-20,Credit Card,Completed
6021,1587,2025-03-01,Credit Card,Cancelled
6022,531,2023-11-08,Net Banking,Completed
6023,1144,2023-05-24,UPI,Completed
6024,1860,2023-10-20,UPI,Shipped
6025,1761,2024-12-11,UPI,Completed
6026,66,2024-03-20,UPI,Completed
6027,141,2024-05-11,UPI,Completed
6028,446,2025-01-08,UPI,Cancelled
6029,1530,2023-05-02,Credit Card,Completed
6030,189,2023-05-14,UPI,Completed
6031,158,2025-03-18,Debit Card,Processing
6032,1634,2025-02-06,UPI,Completed
6033,670,2025-02-06,Net Banking,Completed
6034,1971,2023-09-19,Credit Card,Completed
6035,246,2024-02-08,Debit Card,Completed
6036,856,2025-06-16,Cash on Delivery,Completed
6037,944,2023-08-19,Cash on Delivery,Completed
6038,748,2023-02-27,Credit Card,Completed
6039,1057,2025-06-27,UPI,Shipped
6040,1385,2022-11-04,Credit Card,Completed
6041,1777,2025-12-07,UPI,Completed
6042,330,2025-02-04,UPI,Cancelled
6043,512,2025-12-24,UPI,Completed
6044,850,2026-01-17,UPI,Completed
6045,1811,2025-12-20,UPI,Shipped
6046,1095,2025-08-26,UPI,Processing
6047,1337,2025-07-10,UPI,Completed
6048,1939,2025-04-23,UPI,Shipped
6049,1752,2025-01-10,Credit Card,Completed
6050,79,2025-07-05,Debit Card,Shipped
6051,169,2025-10-07,Credit Card,Shipped
6052,810,2024-07-11,Net Banking,Shipped
6053,983,2024-10-22,UPI,Returned
6054,180,2025-08-05,Cash on Delivery,Processing
6055,1652,2023-10-19,UPI,Completed
6056,260,2024-07-02,Net Banking,Cancelled
6057,1510,2024-08-18,UPI,Completed
6058,1796,2023-11-27,Debit Card,Shipped
6059,1029,2023-02-09,UPI,Processing
6060,297,2022-09-21,Credit Card,Completed
6061,620,2023-08-10,UPI,Completed
6062,855,2025-04-03,Debit Card,Cancelled
6063,360,2023-11-02,Credit Card,Completed
6064,117,2024-08-06,Net Banking,Completed
6065,357,2024-03-17,Credit Card,Completed
6066,957,2023-11-08,UPI,Completed
6067,1867,2024-12-06,UPI,Processing
6068,439,2024-10-05,Credit Card,Completed
6069,1355,2025-10-30,UPI,Returned
6070,1549,2025-05-05,Cash on Delivery,Cancelled
6071,1678,2025-02-07,UPI,Completed
6072,1212,2026-01-30,Credit Card,Shipped
6073,1992,2024-05-25,Credit Card,Completed
6074,1305,2024-08-23,UPI,Completed
6075,1535,2024-02-17,Debit Card,Completed
6076,1490,2023-12-09,UPI,Cancelled
6077,1139,2024-06-12,UPI,Completed
6078,1964,2025-12-31,Net Banking,Processing
6079,1260,2024-07-07,UPI,Completed
6080,1362,2025-11-29,Debit Card,Completed
6081,522,2025-03-26,Credit Card,Completed
6082,199,2025-12-25,Debit Card,Completed
6083,1788,2023-11-04,UPI,Cancelled
6084,1074,2025-11-13,Credit Card,Shipped
6085,1964,2025-04-09,UPI,Shipped
6086,1166,2024-11-30,Credit Card,Shipped
6087,1807,2025-09-03,Net Banking,Completed
6088,1552,2022-12-23,UPI,Completed
6089,1538,2025-10-04,Debit Card,Completed
6090,99999,2024-03-01,UPI,Completed
6091,1054,2024-09-22,UPI,Completed
6092,1106,2025-10-31,UPI,Completed
6093,31,2025-02-04,UPI,Processing
6094,1772,2024-02-14,UPI,Completed
6095,1008,2025-03-15,UPI,Completed
6096,333,2025-12-14,Debit Card,Completed
6097,660,2024-05-19,UPI,Completed
6098,177,2025-12-18,UPI,Completed
6099,370,2024-12-31,UPI,Completed
6100,547,2024-07-29,Debit Card,Cancelled
6101,535,2022-10-29,UPI,Completed
6102,1130,2024-09-21,Net Banking,Processing
6103,97,2025-04-29,UPI,Shipped
6104,230,2024-02-28,UPI,Completed
6105,227,2025-03-08,UPI,Cancelled
6106,371,2025-08-31,UPI,Completed
6107,1124,2022-09-24,Debit Card,Completed
6108,1469,2024-03-13,Credit Card,Completed
6109,1492,2024-04-29,UPI,Processing
6110,55,2025-03-30,UPI,Completed
6111,1219,2024-08-05,UPI,Completed
6112,1544,2025-07-24,Net Banking,Completed
6113,424,2025-09-14,Cash on Delivery,Shipped
6114,315,2023-05-01,Credit Card,Completed
6115,1152,2024-12-18,Credit Card,Completed
6116,32,2024-09-16,Cash on Delivery,Completed
6117,93,2025-01-10,Credit Card,Completed
6118,519,2024-12-04,Cash on Delivery,Shipped
6119,1282,2022-12-16,Credit Card,Completed
6120,853,2025-06-08,UPI,Processing
6121,1926,2023-12-22,Debit Card,Shipped
6122,1244,2025-07-18,Credit Card,Completed
6123,752,2024-12-14,Debit Card,Completed
6124,1130,2025-10-31,UPI,Returned
6125,1572,2024-09-14,Credit Card,Completed
6126,416,2024-06-07,UPI,Completed
6127,557,2023-06-09,UPI,Shipped
6128,1834,2025-02-05,Debit Card,Completed
6129,1333,2024-10-10,Credit Card,Shipped
6130,366,2024-11-15,Credit Card,Shipped
6131,1545,2025-03-13,Net Banking,Completed
6132,1483,2023-08-27,Debit Card,Completed
6133,599,2025-10-18,Credit Card,Cancelled
6134,1394,2024-06-25,Credit Card,Completed
6135,331,2025-04-10,UPI,Completed
6136,689,2025-11-23,Cash on Delivery,Shipped
6137,1666,2025-01-16,UPI,Completed
6138,1731,2023-10-12,Debit Card,Cancelled
6139,11,2025-08-01,UPI,Completed
6140,818,2024-07-07,UPI,Completed
6141,1531,2025-04-30,UPI,Completed
6142,419,2023-04-25,Credit Card,Processing
6143,1146,2025-03-15,UPI,Cancelled
6144,911,2025-04-14,UPI,Completed
6145,1259,2024-01-19,Credit Card,Completed
6146,1355,2024-12-28,UPI,Completed
6147,1567,2025-09-13,UPI,Completed
6148,348,2025-11-23,UPI,Completed
6149,958,2024-12-14,Debit Card,Shipped
6150,412,2024-03-17,Credit Card,Returned
6151,1248,2025-05-07,Cash on Delivery,Shipped
6152,153,2023-05-17,UPI,Completed
6153,1236,2025-07-02,UPI,Processing
6154,92,2024-10-20,UPI,Processing
6155,1945,2025-09-03,Net Banking,Completed
6156,331,2025-09-24,Credit Card,Cancelled
6157,1491,2024-03-10,Credit Card,Completed
6158,1884,2025-11-06,Net Banking,Completed
6159,1665,2024-04-10,UPI,Completed
6160,955,2023-09-25,UPI,Completed
6161,1733,2024-11-29,Credit Card,Completed
6162,970,2024-08-29,Debit Card,Cancelled
6163,554,2023-01-22,Debit Card,Shipped
6164,1902,2024-06-25,Debit Card,Shipped
6165,930,2025-08-11,Credit Card,Completed
6166,1252,2024-09-27,Cash on Delivery,Completed
6167,194,2024-02-12,Credit Card,Completed
6168,530,2025-11-24,UPI,Completed
6169,845,2023-05-21,Credit Card,Shipped
6170,1267,2024-10-24,Debit Card,Completed
6171,1413,2023-07-20,Credit Card,Completed
6172,1300,2025-07-31,UPI,Processing
6173,1474,2025-06-16,UPI,Completed
6174,639,2023-09-10,UPI,Completed
6175,1611,2023-08-19,Net Banking,Returned
6176,1598,2023-06-19,UPI,Returned
6177,478,2024-03-07,Credit Card,Completed
6178,480,2023-06-26,Credit Card,Completed
6179,288,2025-09-11,Cash on Delivery,Completed
6180,698,2023-01-29,Debit Card,Completed
6181,1714,2025-10-21,Cash on Delivery,Completed
6182,1702,2022-09-22,Credit Card,Completed
6183,695,2024-09-30,Cash on Delivery,Shipped
6184,540,2023-08-15,UPI,Completed
6185,330,2025-06-05,UPI,Cancelled
6186,470,2023-10-05,Cash on Delivery,Completed
6187,1783,2026-01-12,UPI,Shipped
6188,849,2024-05-02,Cash on Delivery,Completed
6189,534,2023-08-12,UPI,Returned
6190,1963,2023-10-03,UPI,Returned
6191,467,2025-06-02,UPI,Completed
6192,977,2023-07-20,Credit Card,Shipped
6193,420,2025-01-28,UPI,Completed
6194,1632,2024-07-22,UPI,Completed
6195,1146,2025-03-01,Cash on Delivery,Completed
6196,762,2025-03-12,Net Banking,Completed
6197,1006,2025-06-20,UPI,Shipped
6198,891,2023-09-20,Credit Card,Completed
6199,308,2025-02-15,Credit Card,Completed
6200,1956,2023-04-06,UPI,Completed
6201,924,2024-10-19,Credit Card,Completed
6202,334,2023-10-30,Credit Card,Processing
6203,954,2024-12-16,Credit Card,Completed
6204,1444,2026-01-15,Debit Card,Shipped
6205,1350,2025-07-21,Credit Card,Shipped
6206,1022,2024-06-15,UPI,Completed
6207,1673,2024-12-02,Credit Card,Shipped
6208,789,2025-04-08,Credit Card,Completed
6209,832,2023-09-25,Debit Card,Completed
6210,844,2023-03-10,Credit Card,Completed
6211,1597,2024-07-12,Debit Card,Cancelled
6212,99999,2023-11-10,UPI,Cancelled
6213,1119,2023-03-01,Credit Card,Cancelled
6214,1320,2024-12-06,Debit Card,Cancelled
6215,184,2024-05-31,Debit Card,Completed
6216,1284,2024-09-16,UPI,Completed
6217,799,2025-04-26,UPI,Cancelled
6218,1691,2024-05-27,Debit Card,Shipped
6219,186,2025-01-20,UPI,Completed
6220,1433,2023-11-01,UPI,Shipped
6221,1093,2025-11-21,Credit Card,Completed
6222,838,2022-11-13,UPI,Completed
6223,1797,2023-07-10,UPI,Completed
6224,627,2025-05-16,UPI,Completed
6225,859,2025-03-13,Debit Card,Shipped
6226,8,2025-12-11,UPI,Cancelled
6227,1289,2024-04-14,Credit Card,Completed
6228,783,2023-10-24,,Shipped
6229,1508,2024-04-21,Credit Card,Completed
6230,1785,2024-07-19,UPI,Shipped
6231,1641,2023-02-03,Debit Card,Completed
6232,775,2024-12-27,UPI,Cancelled
6233,1760,2025-12-12,UPI,Completed
6234,1864,2025-02-05,UPI,Completed
6235,1007,2023-02-01,UPI,Shipped
6236,1395,2024-04-10,Cash on Delivery,Completed
6237,1807,2024-04-27,Debit Card,Completed
6238,677,2024-01-19,UPI,Completed
6239,1107,2024-11-24,Net Banking,Completed
6240,1831,2024-03-05,UPI,Completed
6241,1670,2024-06-04,Credit Card,Completed
6242,211,2025-07-28,Cash on Delivery,Shipped
6243,1337,2022-11-05,Cash on Delivery,Completed
6244,1628,2025-09-18,UPI,Completed
6245,1361,2024-12-06,Debit Card,Cancelled
6246,490,2025-05-20,UPI,Completed
6247,1427,2024-02-23,UPI,Shipped
6248,639,2025-01-02,Credit Card,Completed
6249,191,2024-03-23,,Completed
6250,671,2025-07-06,UPI,Shipped
6251,843,2024-11-25,UPI,Completed
6252,335,2025-04-02,UPI,Shipped
6253,1546,2024-10-26,UPI,Completed
6254,1643,2024-02-29,UPI,Completed
6255,1111,2025-06-26,Net Banking,Shipped
6256,579,2023-11-21,UPI,Completed
6257,62,2023-05-06,UPI,Shipped
6258,387,2026-01-16,Credit Card,Completed
6259,1170,2024-02-19,Debit Card,Completed
6260,153,2025-02-09,Debit Card,Shipped
6261,619,2023-11-17,Debit Card,Cancelled
6262,1684,2023-05-29,UPI,Completed
6263,698,2023-09-21,Debit Card,Processing
6264,1373,2025-11-14,Credit Card,Completed
6265,1878,2024-01-12,Credit Card,Processing
6266,178,2022-04-04,Net Banking,Completed
6267,1913,2022-10-03,Cash on Delivery,Completed
6268,847,2025-09-11,Cash on Delivery,Completed
6269,487,2025-01-18,UPI,Processing
6270,1802,2023-08-25,Credit Card,Completed
6271,1685,2025-10-06,Net Banking,Completed
6272,1271,2024-07-15,Credit Card,Processing
6273,1278,2022-08-23,UPI,Completed
6274,500,2025-01-23,Debit Card,Completed
6275,541,2025-06-02,UPI,Completed
6276,1376,2025-11-17,Debit Card,Completed
6277,1536,2024-10-13,Cash on Delivery,Completed
6278,1802,2025-08-24,UPI,Shipped
6279,13,2024-08-24,UPI,Completed
6280,1583,2023-12-29,UPI,Completed
6281,151,2024-07-21,Cash on Delivery,Completed
6282,1074,2025-07-24,Credit Card,Completed
6283,1239,2025-02-21,Credit Card,Completed
6284,991,2025-08-15,Debit Card,Completed
6285,644,2024-02-19,UPI,Completed
6286,372,2023-10-15,UPI,Shipped
6287,1137,2022-12-04,Debit Card,Shipped
6288,252,2025-05-23,Net Banking,Shipped
6289,1987,2025-09-18,UPI,Shipped
6290,1365,2025-02-19,UPI,Completed
6291,53,2025-09-24,UPI,Completed
6292,1154,2025-02-27,Credit Card,Returned
6293,1860,2025-08-15,UPI,Processing
6294,193,2025-04-16,Net Banking,Completed
6295,591,2024-05-08,UPI,Completed
6296,1081,2025-10-15,UPI,Shipped
6297,97,2023-11-30,UPI,Completed
6298,198,2025-05-31,Cash on Delivery,Cancelled
6299,1671,2024-04-17,UPI,Completed
6300,147,2024-05-23,Credit Card,Completed
6301,1708,2025-01-29,UPI,Completed
6302,1599,2024-10-07,Debit Card,Completed
6303,1601,2024-12-08,UPI,Completed
6304,1319,2025-10-27,Credit Card,Completed
6305,723,2025-08-27,UPI,Completed
6306,1645,2025-06-19,Net Banking,Completed
6307,1818,2022-08-20,Cash on Delivery,Returned
6308,684,2025-07-09,UPI,Completed
6309,1036,2024-01-18,,Completed
6310,1942,2024-06-22,UPI,Completed
6311,333,2025-03-25,Debit Card,Completed
6312,1244,2023-04-22,UPI,Processing
6313,1422,2025-12-13,UPI,Completed
6314,1366,2025-12-07,UPI,Completed
6315,1822,2025-12-21,Credit Card,Completed
6316,512,2025-02-13,UPI,Completed
6317,172,2025-02-10,Credit Card,Completed
6318,1492,2023-01-29,UPI,Completed
6319,1772,2025-08-12,Debit Card,Completed
6320,1190,2024-12-19,Credit Card,Shipped
6321,1723,2025-03-05,Debit Card,Shipped
6322,1194,2025-07-01,Debit Card,Completed
6323,564,2022-09-26,,Shipped
6324,512,2024-01-29,UPI,Completed
6325,1855,2024-05-21,UPI,Completed
6326,1213,2025-03-05,Cash on Delivery,Completed
6327,1144,2025-01-19,Credit Card,Completed
6328,105,2025-07-21,Debit Card,Completed
6329,674,2025-10-23,Cash on Delivery,Shipped
6330,807,2025-03-06,Cash on Delivery,Completed
6331,1065,2025-08-17,Credit Card,Completed
6332,889,2024-01-14,Credit Card,Returned
6333,876,2024-03-26,Cash on Delivery,Completed
6334,677,2025-05-29,Cash on Delivery,Completed
6335,321,2023-01-22,Debit Card,Completed
6336,1910,2024-08-21,Credit Card,Shipped
6337,335,2024-03-22,Credit Card,Completed
6338,1184,2025-09-20,UPI,Completed
6339,264,2025-10-05,Cash on Delivery,Completed
6340,865,2026-01-22,Credit Card,Completed
6341,1554,2025-06-24,UPI,Completed
6342,1709,2024-02-02,UPI,Returned
6343,1501,2024-06-19,Cash on Delivery,Completed
6344,352,2024-04-09,Credit Card,Cancelled
6345,1569,2022-07-05,UPI,Processing
6346,1797,2023-10-05,UPI,Completed
6347,1234,2024-12-13,Credit Card,Cancelled
6348,1520,2025-04-06,UPI,Completed
6349,1919,2023-08-18,Credit Card,Cancelled
6350,1866,2025-10-29,Debit Card,Completed
6351,1406,2025-12-19,Credit Card,Completed
6352,676,2025-08-08,Net Banking,Completed
6353,1505,2023-06-21,UPI,Completed
6354,919,2025-04-02,UPI,Completed
6355,1960,2023-10-17,UPI,Shipped
6356,5,2025-04-01,UPI,Cancelled
6357,34,2025-03-22,UPI,Completed
6358,1816,2025-08-05,Debit Card,Shipped
6359,1169,2024-11-14,UPI,Completed
6360,351,2025-05-20,Net Banking,Shipped
6361,583,2025-02-25,UPI,Shipped
6362,465,2023-09-22,Credit Card,Completed
6363,348,2024-12-17,Net Banking,Completed
6364,1766,2022-11-05,UPI,Shipped
6365,125,2025-05-14,Credit Card,Completed
6366,1814,2024-04-17,Debit Card,Completed
6367,1295,2025-11-30,Credit Card,Cancelled
6368,357,2024-08-23,,Returned
6369,527,2023-11-23,UPI,Shipped
6370,1778,2024-05-23,Debit Card,Shipped
6371,498,2025-05-26,Credit Card,Completed
6372,1177,2024-10-22,UPI,Completed
6373,53,2025-12-22,Net Banking,Returned
6374,149,2024-06-02,Credit Card,Shipped
6375,503,2024-09-12,Credit Card,Shipped
6376,870,2024-07-02,Cash on Delivery,Completed
6377,1474,2025-07-10,Credit Card,Cancelled
6378,219,2023-12-12,UPI,Completed
6379,1649,2025-05-17,Credit Card,Completed
6380,1824,2024-02-14,Debit Card,Completed
6381,1301,2023-11-03,Debit Card,Shipped
6382,452,2025-09-19,Net Banking,Shipped
6383,1452,2025-07-12,UPI,Completed
6384,83,2024-04-28,UPI,Completed
6385,1986,2025-09-07,Credit Card,Processing
6386,1242,2025-04-29,Credit Card,Returned
6387,738,2024-01-01,UPI,Completed
6388,1806,2024-11-05,Cash on Delivery,Processing
6389,527,2024-12-29,UPI,Returned
6390,404,2024-09-09,UPI,Completed
6391,290,2025-07-01,Net Banking,Completed
6392,420,2024-10-20,UPI,Returned
6393,339,2024-01-11,Net Banking,Completed
6394,777,2023-01-26,UPI,Completed
6395,711,2023-07-15,UPI,Shipped
6396,1694,2025-03-18,Debit Card,Completed
6397,1869,2025-09-12,Cash on Delivery,Shipped
6398,987,2025-01-08,Credit Card,Shipped
6399,959,2025-11-21,UPI,Shipped
6400,1443,2024-03-11,Credit Card,Completed
6401,1933,2024-12-28,UPI,Completed
6402,1231,2025-01-14,Cash on Delivery,Completed
6403,686,2025-09-15,UPI,Shipped
6404,1720,2024-10-27,Cash on Delivery,Cancelled
6405,1289,2024-09-06,UPI,Completed
6406,1782,2023-06-13,Credit Card,Completed
6407,1060,2023-01-12,Debit Card,Cancelled
6408,373,2025-11-18,UPI,Completed
6409,1512,2026-01-03,Cash on Delivery,Completed
6410,1283,2023-08-14,UPI,Processing
6411,994,2026-01-11,UPI,Completed
6412,531,2023-12-13,Credit Card,Completed
6413,924,2024-09-17,Cash on Delivery,Cancelled
6414,23,2023-06-02,UPI,Returned
6415,104,2025-05-29,Credit Card,Completed
6416,241,2025-05-13,Credit Card,Processing
6417,1005,2025-09-13,UPI,Shipped
6418,903,2024-08-14,UPI,Completed
6419,1897,2025-07-05,Credit Card,Cancelled
6420,1740,2023-12-27,UPI,Completed
6421,1277,2023-08-20,Credit Card,Completed
6422,1166,2024-05-27,Debit Card,Completed
6423,814,2025-10-09,Cash on Delivery,Shipped
6424,655,2023-01-23,UPI,Completed
6425,1475,2024-12-31,Credit Card,Cancelled
6426,783,2025-08-17,UPI,Shipped
6427,307,2025-09-16,Credit Card,Completed
6428,1524,2024-02-06,Net Banking,Shipped
6429,1646,2024-08-12,UPI,Completed
6430,8,2025-02-07,Credit Card,Completed
6431,1093,2024-04-22,Debit Card,Completed
6432,1726,2024-07-23,Credit Card,Completed
6433,1715,2025-11-28,UPI,Completed
6434,575,2024-11-12,UPI,Processing
6435,1092,2025-09-19,Credit Card,Completed
6436,1742,2024-10-19,UPI,Completed
6437,912,2026-01-21,Debit Card,Completed
6438,1432,2025-05-07,Credit Card,Completed
6439,518,2025-01-01,Cash on Delivery,Completed
6440,1143,2025-03-31,UPI,Completed
6441,1849,2024-01-12,UPI,Completed
6442,1055,2024-03-01,Credit Card,Completed
6443,1542,2024-10-22,UPI,Completed
6444,483,2022-08-15,Credit Card,Completed
6445,207,2024-05-09,UPI,Completed
6446,669,2025-09-13,UPI,Processing
6447,579,2025-03-15,UPI,Returned
6448,1995,2024-06-26,UPI,Shipped
6449,387,2025-10-03,Net Banking,Completed
6450,412,2024-12-09,UPI,Completed
6451,1866,2025-03-23,Cash on Delivery,Completed
6452,1394,2025-01-23,UPI,Completed
6453,1377,2024-01-29,Credit Card,Completed
6454,1968,2024-09-13,Credit Card,Completed
6455,1360,2025-02-27,Net Banking,Completed
6456,891,2023-06-28,Debit Card,Completed
6457,906,2025-03-13,Net Banking,Completed
6458,1313,2024-08-02,Debit Card,Completed
6459,963,2024-12-07,UPI,Completed
6460,965,2025-03-04,Net Banking,Completed
6461,140,2025-02-06,Net Banking,Completed
6462,1977,2025-05-01,UPI,Completed
6463,300,2024-05-20,Cash on Delivery,Completed
6464,1037,2024-07-04,Debit Card,Completed
6465,664,2025-11-03,Net Banking,Completed
6466,1452,2025-01-23,Cash on Delivery,Completed
6467,825,2023-07-13,Cash on Delivery,Shipped
6468,1888,2023-04-04,Cash on Delivery,Returned
6469,400,2025-07-03,UPI,Cancelled
6470,992,2023-12-09,UPI,Completed
6471,1133,2024-07-23,UPI,Completed
6472,1509,2023-12-07,UPI,Completed
6473,1912,2025-04-24,UPI,Returned
6474,1380,2022-11-26,Debit Card,Shipped
6475,149,2024-02-01,UPI,Processing
6476,1903,2023-08-28,Debit Card,Completed
6477,1740,2025-07-03,Cash on Delivery,Completed
6478,307,2024-02-27,Debit Card,Completed
6479,1557,2022-07-02,Credit Card,Cancelled
6480,1084,2025-02-28,UPI,Completed
6481,435,2025-11-22,UPI,Completed
6482,21,2025-03-17,Credit Card,Completed
6483,875,2024-09-23,Debit Card,Shipped
6484,382,2024-10-13,Credit Card,Completed
6485,245,2024-07-27,Debit Card,Shipped
6486,1926,2023-08-24,UPI,Completed
6487,1097,2024-03-24,UPI,Completed
6488,1473,2024-03-30,Debit Card,Completed
6489,1100,2024-12-30,UPI,Cancelled
6490,698,2024-04-29,Credit Card,Shipped
6491,590,2024-01-02,Cash on Delivery,Completed
6492,390,2026-01-25,UPI,Completed
6493,1601,2024-07-13,Credit Card,Completed
6494,1366,2024-01-05,Debit Card,Completed
6495,1314,2025-04-17,Debit Card,Completed
6496,568,2024-07-27,UPI,Completed
6497,1355,2024-04-17,Cash on Delivery,Completed
6498,259,2024-12-07,UPI,Completed
6499,426,2025-02-19,Credit Card,Shipped
6500,1726,2023-02-18,Credit Card,Cancelled
6501,1030,2022-02-06,UPI,Completed
6502,6,2025-02-13,UPI,Completed
6503,191,2024-11-17,UPI,Cancelled
6504,148,2024-06-21,UPI,Completed
6505,405,2024-09-18,UPI,Completed
6506,258,2025-07-05,Cash on Delivery,Shipped
6507,730,2024-08-09,UPI,Processing
6508,1503,2024-09-05,Cash on Delivery,Shipped
6509,90,2025-03-06,Cash on Delivery,Completed
6510,824,2025-04-21,Credit Card,Completed
6511,1888,2022-03-01,Credit Card,Completed
6512,10,2025-10-14,UPI,Completed
6513,1111,2025-08-11,Net Banking,Completed
6514,1786,2023-12-31,Debit Card,Completed
6515,838,2023-06-28,Net Banking,Completed
6516,1175,2025-05-20,UPI,Completed
6517,988,2025-03-28,Cash on Delivery,Processing
6518,625,2024-10-11,Credit Card,Completed
6519,30,2023-09-03,Cash on Delivery,Completed
6520,128,2023-05-02,UPI,Completed
6521,1102,2024-10-27,Credit Card,Completed
6522,421,2023-08-11,Debit Card,Completed
6523,1079,2025-08-12,Credit Card,Cancelled
6524,1504,2023-08-15,Credit Card,Completed
6525,305,2024-06-13,,Completed
6526,546,2025-08-03,UPI,Completed
6527,1129,2025-04-01,Credit Card,Completed
6528,1196,2023-09-29,Credit Card,Completed
6529,1523,2024-08-01,UPI,Shipped
6530,22,2024-01-27,Debit Card,Processing
6531,1311,2023-01-10,UPI,Shipped
6532,391,2024-12-30,UPI,Completed
6533,617,2024-11-26,Credit Card,Shipped
6534,149,2024-10-14,Cash on Delivery,Completed
6535,1296,2025-12-22,Credit Card,Shipped
6536,1812,2024-02-22,Cash on Delivery,Completed
6537,299,2023-03-24,Credit Card,Shipped
6538,172,2024-10-10,Debit Card,Completed
6539,47,2024-07-14,UPI,Processing
6540,626,2024-01-19,Cash on Delivery,Completed
6541,1811,2025-03-08,UPI,Completed
6542,1840,2025-01-22,Credit Card,Completed
6543,207,2025-06-16,UPI,Completed
6544,453,2024-11-09,Net Banking,Completed
6545,1419,2023-03-14,Debit Card,Completed
6546,1999,2025-02-04,Cash on Delivery,Completed
6547,925,2026-01-25,UPI,Completed
6548,754,2024-10-20,UPI,Completed
6549,1325,2024-07-05,UPI,Completed
6550,708,2025-02-01,Credit Card,Completed
6551,1009,2024-07-29,Cash on Delivery,Completed
6552,676,2025-09-15,UPI,Completed
6553,1200,2024-01-05,UPI,Cancelled
6554,855,2024-10-11,UPI,Cancelled
6555,783,2024-04-02,Debit Card,Processing
6556,1134,2024-12-16,UPI,Completed
6557,684,2022-03-30,Net Banking,Shipped
6558,963,2024-11-11,UPI,Completed
6559,864,2025-06-10,Debit Card,Completed
6560,1226,2024-08-12,Credit Card,Cancelled
6561,168,2023-12-16,UPI,Returned
6562,1638,2025-03-29,Debit Card,Shipped
6563,86,2025-10-28,Credit Card,Completed
6564,1678,2025-05-07,Debit Card,Completed
6565,1983,2022-12-15,Debit Card,Completed
6566,849,2025-07-22,UPI,Completed
6567,1749,2025-07-31,Cash on Delivery,Shipped
6568,1075,2024-02-01,Debit Card,Completed
6569,1136,2024-10-13,Debit Card,Completed
6570,1487,2025-03-30,Credit Card,Completed
6571,442,2025-11-08,UPI,Completed
6572,271,2026-01-19,UPI,Returned
6573,1601,2025-11-18,Cash on Delivery,Completed
6574,344,2025-06-01,Net Banking,Completed
6575,1207,2024-08-01,Credit Card,Completed
6576,503,2024-07-28,UPI,Completed
6577,1868,2025-06-15,Debit Card,Shipped
6578,1034,2025-06-16,Debit Card,Completed
6579,494,2024-08-19,Cash on Delivery,Completed
6580,1258,2022-03-13,UPI,Completed
6581,1322,2025-08-06,UPI,Cancelled
6582,244,2023-05-28,UPI,Completed
6583,1533,2024-01-25,UPI,Shipped
6584,1375,2025-08-21,Cash on Delivery,Completed
6585,267,2023-02-18,Credit Card,Shipped
6586,1654,2024-10-21,Cash on Delivery,Completed
6587,1680,2024-05-11,UPI,Completed
6588,893,2025-03-02,Credit Card,Completed
6589,201,2024-11-20,Credit Card,Completed
6590,239,2024-10-02,UPI,Completed
6591,1358,2024-12-19,Credit Card,Completed
6592,915,2024-03-30,Credit Card,Completed
6593,1439,2023-04-17,Cash on Delivery,Shipped
6594,969,2024-04-22,UPI,Completed
6595,484,2025-04-30,Cash on Delivery,Shipped
6596,1461,2023-04-17,Net Banking,Completed
6597,246,2025-12-10,Debit Card,Processing
6598,1882,2024-03-27,Debit Card,Completed
6599,1032,2025-03-29,UPI,Completed
6600,152,2025-02-06,Credit Card,Completed
6601,1416,2024-10-28,Debit Card,Completed
6602,211,2023-12-18,Credit Card,Completed
6603,367,2023-12-27,UPI,Shipped
6604,944,2022-11-19,Net Banking,Completed
6605,1694,2025-04-23,Credit Card,Cancelled
6606,1594,2023-06-23,Net Banking,Completed
6607,86,2024-02-04,Credit Card,Completed
6608,1079,2025-03-21,Debit Card,Processing
6609,1737,2025-12-09,Debit Card,Processing
6610,1658,2025-08-10,Debit Card,Completed
6611,446,2025-03-01,UPI,Completed
6612,620,2025-08-21,UPI,Completed
6613,304,2024-12-09,Credit Card,Completed
6614,132,2025-12-28,Cash on Delivery,Completed
6615,1445,2024-04-17,Credit Card,Returned
6616,904,2023-03-07,UPI,Completed
6617,1409,2024-12-22,UPI,Completed
6618,988,2024-10-03,Credit Card,Shipped
6619,1222,2024-10-05,Credit Card,Completed
6620,47,2025-04-10,Net Banking,Processing
6621,1764,2025-12-01,Credit Card,Completed
6622,757,2024-08-11,UPI,Completed
6623,1227,2025-02-09,Credit Card,Completed
6624,1285,2025-12-16,Debit Card,Shipped
6625,690,2024-10-18,Credit Card,Completed
6626,1048,2023-11-19,UPI,Cancelled
6627,687,2025-07-12,UPI,Completed
6628,786,2025-03-11,,Processing
6629,340,2023-08-18,UPI,Completed
6630,412,2026-01-03,UPI,Cancelled
6631,1997,2025-03-17,UPI,Completed
6632,1285,2025-08-15,Net Banking,Completed
6633,286,2024-10-01,UPI,Completed
6634,1537,2025-09-29,Debit Card,Completed
6635,1110,2024-11-25,Credit Card,Completed
6636,850,2025-12-22,Credit Card,Shipped
6637,430,2023-06-19,Debit Card,Completed
6638,1605,2023-04-15,UPI,Completed
6639,31,2024-07-02,UPI,Completed
6640,1734,2023-10-06,UPI,Completed
6641,603,2025-04-24,Credit Card,Returned
6642,440,2025-09-28,Net Banking,Completed
6643,985,2025-08-09,Net Banking,Completed
6644,1373,2023-07-22,Debit Card,Completed
6645,1919,2025-10-17,Cash on Delivery,Completed
6646,412,2024-02-18,Net Banking,Completed
6647,528,2024-08-02,Debit Card,Completed
6648,310,2023-12-20,UPI,Shipped
6649,949,2024-05-19,Credit Card,Processing
6650,1420,2023-12-05,Net Banking,Processing
6651,1812,2024-12-15,Debit Card,Cancelled
6652,1362,2025-03-05,Cash on Delivery,Completed
6653,674,2024-08-02,UPI,Completed
6654,437,2024-12-16,UPI,Completed
6655,704,2025-11-18,UPI,Completed
6656,663,2025-11-27,UPI,Completed
6657,365,2026-01-30,Cash on Delivery,Shipped
6658,923,2024-03-27,UPI,Completed
6659,113,2025-06-10,Credit Card,Completed
6660,1809,2024-09-05,UPI,Completed
6661,176,2024-11-15,UPI,Completed
6662,1173,2025-01-01,UPI,Shipped
6663,1202,2024-06-21,Net Banking,Cancelled
6664,936,2025-04-02,Debit Card,Completed
6665,382,2025-01-07,Debit Card,Shipped
6666,1247,2023-11-07,Cash on Delivery,Completed
6667,1283,2024-01-17,Net Banking,Completed
6668,1809,2024-06-04,Credit Card,Completed
6669,1213,2023-06-30,UPI,Completed
6670,306,2024-12-01,UPI,Completed
6671,1402,2025-10-04,UPI,Completed
6672,602,2024-12-12,UPI,Processing
6673,343,2024-04-21,UPI,Returned
6674,1798,2026-01-24,UPI,Completed
6675,156,2025-05-22,Cash on Delivery,Completed
6676,712,2026-01-10,Cash on Delivery,Shipped
6677,1079,2025-01-25,UPI,Shipped
6678,1790,2023-11-11,Cash on Delivery,Completed
6679,1466,2025-12-26,Debit Card,Completed
6680,1709,2025-10-15,UPI,Cancelled
6681,1224,2024-06-22,Debit Card,Completed
6682,403,2024-08-04,UPI,Completed
6683,614,2024-12-28,UPI,Returned
6684,797,2023-04-12,Credit Card,Completed
6685,1687,2024-02-07,UPI,Completed
6686,623,2025-01-29,UPI,Completed
6687,1952,2025-08-17,Credit Card,Completed
6688,1802,2024-01-07,Net Banking,Returned
6689,603,2024-10-05,Debit Card,Completed
6690,177,2024-03-03,Debit Card,Processing
6691,449,2025-05-20,Debit Card,Completed
6692,743,2023-12-26,Debit Card,Completed
6693,1565,2024-12-20,UPI,Completed
6694,1979,2024-09-29,Net Banking,Cancelled
6695,301,2025-09-23,Cash on Delivery,Completed
6696,707,2024-01-24,UPI,Completed
6697,307,2025-07-06,Credit Card,Completed
6698,751,2025-02-16,Credit Card,Processing
6699,869,2025-04-08,UPI,Cancelled
6700,1920,2022-07-31,UPI,Completed
6701,1291,2025-11-11,UPI,Shipped
6702,214,2024-02-29,Cash on Delivery,Completed
6703,1618,2025-12-22,UPI,Completed
6704,1664,2024-08-05,UPI,Completed
6705,483,2024-11-20,UPI,Completed
6706,1286,2025-03-04,Debit Card,Shipped
6707,1091,2025-04-19,Net Banking,Completed
6708,1598,2025-04-14,Credit Card,Completed
6709,133,2023-10-18,UPI,Processing
6710,1673,2023-10-02,Credit Card,Returned
6711,1564,2025-08-12,Debit Card,Completed
6712,512,2023-09-24,Debit Card,Completed
6713,211,2024-06-26,Debit Card,Completed
6714,988,2025-07-10,UPI,Completed
6715,987,2024-04-18,UPI,Completed
6716,717,2025-12-25,UPI,Returned
6717,253,2026-01-19,Net Banking,Shipped
6718,38,2024-07-28,Credit Card,Shipped
6719,1067,2024-05-28,Debit Card,Completed
6720,629,2025-10-10,Cash on Delivery,Completed
6721,1429,2024-05-22,Cash on Delivery,Completed
6722,987,2024-06-17,UPI,Processing
6723,1726,2024-05-15,UPI,Completed
6724,46,2023-12-26,Net Banking,Completed
6725,1478,2025-10-29,Net Banking,Completed
6726,1702,2026-01-16,Credit Card,Completed
6727,305,2024-08-16,Cash on Delivery,Completed
6728,1739,2024-08-02,UPI,Completed
6729,233,2022-11-27,UPI,Completed
6730,245,2025-02-06,Credit Card,Completed
6731,1745,2023-12-25,Cash on Delivery,Completed
6732,760,2024-08-28,Credit Card,Returned
6733,1319,2024-02-15,Credit Card,Completed
6734,839,2024-09-26,UPI,Cancelled
6735,1407,2025-10-13,UPI,Completed
6736,158,2024-02-28,Net Banking,Completed
6737,1429,2024-08-19,UPI,Shipped
6738,1025,2024-01-14,Debit Card,Completed
6739,217,2023-09-25,Debit Card,Completed
6740,928,2023-10-31,Debit Card,Completed
6741,507,2025-03-14,Net Banking,Completed
6742,761,2023-04-18,UPI,Shipped
6743,904,2023-12-19,Debit Card,Shipped
6744,581,2024-09-16,UPI,Completed
6745,1054,2025-07-22,UPI,Completed
6746,627,2025-03-14,Credit Card,Completed
6747,520,2023-03-04,UPI,Completed
6748,1905,2022-04-25,Cash on Delivery,Completed
6749,275,2025-08-11,Debit Card,Completed
6750,492,2023-11-29,UPI,Completed
6751,827,2025-12-21,UPI,Completed
6752,951,2024-04-03,UPI,Completed
6753,926,2025-11-12,Credit Card,Completed
6754,847,2025-06-30,Cash on Delivery,Shipped
6755,1060,2024-02-28,Credit Card,Completed
6756,1335,2025-06-04,UPI,Completed
6757,1068,2024-05-29,UPI,Shipped
6758,1179,2024-09-02,UPI,Returned
6759,1101,2025-11-26,Credit Card,Cancelled
6760,1614,2025-01-23,UPI,Completed
6761,1637,2025-10-04,UPI,Shipped
6762,1462,2024-08-08,UPI,Completed
6763,1456,2023-10-30,Credit Card,Completed
6764,1566,2025-07-13,Credit Card,Completed
6765,39,2025-05-16,Cash on Delivery,Completed
6766,239,2025-12-16,Debit Card,Completed
6767,1037,2025-06-09,Debit Card,Shipped
6768,122,2024-10-11,UPI,Processing
6769,144,2023-03-29,UPI,Completed
6770,684,2024-02-10,Credit Card,Shipped
6771,455,2025-02-18,UPI,Completed
6772,368,2024-06-11,UPI,Completed
6773,759,2022-11-02,UPI,Completed
6774,247,2024-09-27,UPI,Cancelled
6775,923,2024-10-15,UPI,Completed
6776,1069,2025-02-05,Cash on Delivery,Shipped
6777,765,2024-06-19,UPI,Completed
6778,375,2024-07-29,UPI,Shipped
6779,1315,2023-03-26,UPI,Shipped
6780,207,2024-04-05,Debit Card,Shipped
6781,1948,2025-09-27,Debit Card,Returned
6782,519,2024-11-02,UPI,Completed
6783,1982,2024-10-15,Debit Card,Completed
6784,242,2024-09-27,UPI,Completed
6785,1646,2023-02-03,Debit Card,Completed
6786,1138,2025-12-20,Debit Card,Shipped
6787,819,2025-05-22,Debit Card,Completed
6788,302,2024-03-09,Debit Card,Shipped
6789,1300,2025-06-23,UPI,Shipped
6790,1120,2023-03-14,Credit Card,Completed
6791,1318,2023-05-06,UPI,Completed
6792,701,2023-09-05,Net Banking,Completed
6793,1384,2024-02-27,UPI,Shipped
6794,288,2025-02-19,UPI,Completed
6795,154,2024-12-15,UPI,Completed
6796,1594,2022-10-09,UPI,Completed
6797,423,2023-12-10,Credit Card,Completed
6798,1940,2025-06-14,Credit Card,Completed
6799,850,2025-05-04,UPI,Processing
6800,50,2025-07-11,UPI,Completed
6801,1231,2024-11-04,Debit Card,Completed
6802,564,2025-03-14,UPI,Completed
6803,854,2025-12-19,Credit Card,Completed
6804,883,2025-06-26,Credit Card,Completed
6805,662,2024-06-24,UPI,Completed
6806,565,2025-08-03,UPI,Shipped
6807,213,2024-08-08,Debit Card,Completed
6808,1090,2024-07-26,UPI,Shipped
6809,1256,2025-02-09,UPI,Completed
6810,1909,2024-03-19,Credit Card,Completed
6811,811,2024-10-14,UPI,Cancelled
6812,850,2024-03-11,UPI,Completed
6813,1687,2024-10-26,Debit Card,Completed
6814,1741,2024-08-28,Cash on Delivery,Cancelled
6815,1344,2025-11-05,Credit Card,Completed
6816,1791,2025-12-14,UPI,Completed
6817,1161,2024-10-13,UPI,Completed
6818,881,2025-10-07,Credit Card,Completed
6819,1671,2024-01-03,UPI,Completed
6820,1961,2023-12-15,UPI,Processing
6821,1590,2025-04-04,Debit Card,Completed
6822,1089,2023-08-23,UPI,Completed
6823,1538,2025-08-26,UPI,Shipped
6824,1156,2025-10-13,UPI,Processing
6825,334,2023-05-18,Debit Card,Shipped
6826,32,2025-06-28,UPI,Returned
6827,868,2024-08-12,UPI,Completed
6828,898,2026-01-04,UPI,Completed
6829,1896,2025-09-22,Cash on Delivery,Completed
6830,1522,2025-05-18,Credit Card,Processing
6831,1267,2025-08-27,UPI,Completed
6832,1216,2022-09-04,Debit Card,Shipped
6833,1166,2024-11-15,UPI,Completed
6834,1684,2023-08-21,UPI,Cancelled
6835,601,2022-07-09,Credit Card,Shipped
6836,1585,2025-08-03,Credit Card,Shipped
6837,1672,2025-02-22,UPI,Cancelled
6838,988,2024-09-23,Cash on Delivery,Cancelled
6839,1215,2025-10-07,Credit Card,Completed
6840,1966,2024-10-30,Net Banking,Cancelled
6841,1173,2025-03-09,Debit Card,Completed
6842,599,2024-04-23,Net Banking,Shipped
6843,1440,2024-09-28,Credit Card,Completed
6844,520,2023-08-08,UPI,Completed
6845,1759,2024-10-22,Debit Card,Processing
6846,869,2024-10-27,Debit Card,Completed
6847,16,2025-05-14,Cash on Delivery,Completed
6848,1832,2025-04-04,UPI,Completed
6849,1130,2024-07-26,Credit Card,Cancelled
6850,283,2024-12-08,Cash on Delivery,Completed
6851,99999,2024-03-23,Cash on Delivery,Completed
6852,361,2024-11-28,UPI,Completed
6853,1682,2023-10-31,Debit Card,Completed
6854,1059,2024-02-18,Credit Card,Completed
6855,113,2025-06-11,UPI,Completed
6856,308,2026-01-30,Net Banking,Completed
6857,1935,2023-06-26,Credit Card,Returned
6858,959,2025-10-23,Debit Card,Cancelled
6859,1077,2024-09-14,Cash on Delivery,Processing
6860,1883,2024-05-15,UPI,Shipped
6861,1105,2023-02-07,Cash on Delivery,Completed
6862,1640,2026-01-26,Debit Card,Completed
6863,834,2023-12-21,Cash on Delivery,Shipped
6864,1393,2024-03-30,Credit Card,Completed
6865,242,2025-08-19,UPI,Completed
6866,31,2025-04-17,Debit Card,Completed
6867,1853,2025-09-22,UPI,Completed
6868,704,2024-12-29,UPI,Completed
6869,869,2024-04-13,Credit Card,Completed
6870,1385,2025-02-07,Credit Card,Cancelled
6871,233,2025-10-22,Debit Card,Completed
6872,1634,2024-09-09,Debit Card,Completed
6873,1058,2024-10-14,Debit Card,Completed
6874,1267,2023-05-19,Debit Card,Processing
6875,951,2025-12-26,Cash on Delivery,Shipped
6876,59,2025-10-21,UPI,Completed
6877,771,2025-10-19,Cash on Delivery,Completed
6878,1553,2024-08-12,UPI,Completed
6879,1102,2025-05-10,Credit Card,Completed
6880,718,2024-10-03,UPI,Completed
6881,302,2025-10-11,Credit Card,Completed
6882,1702,2025-09-24,UPI,Completed
6883,803,2024-11-23,UPI,Completed
6884,897,2024-10-31,UPI,Completed
6885,112,2024-02-26,Credit Card,Completed
6886,1437,2025-03-31,UPI,Shipped
6887,1924,2023-12-26,UPI,Returned
6888,317,2024-04-30,UPI,Completed
6889,1889,2025-10-12,UPI,Completed
6890,1169,2023-06-24,Cash on Delivery,Returned
6891,668,2024-12-31,Debit Card,Shipped
6892,690,2025-12-19,Net Banking,Cancelled
6893,1882,2025-09-24,Credit Card,Completed
6894,1672,2024-01-05,Cash on Delivery,Completed
6895,1954,2024-07-24,Credit Card,Cancelled
6896,1851,2023-06-01,Credit Card,Completed
6897,18,2024-06-25,Credit Card,Shipped
6898,1375,2024-09-09,UPI,Shipped
6899,1979,2024-03-04,Credit Card,Processing
6900,1179,2024-12-01,Cash on Delivery,Returned
6901,1808,2023-06-05,Debit Card,Completed
6902,1530,2022-10-15,Credit Card,Completed
6903,778,2023-12-16,Net Banking,Completed
6904,360,2025-07-27,Net Banking,Processing
6905,332,2025-12-05,Credit Card,Completed
6906,1942,2024-05-24,Cash on Delivery,Completed
6907,528,2024-02-02,UPI,Processing
6908,12,2024-11-07,UPI,Completed
6909,1099,2023-10-16,UPI,Processing
6910,212,2025-12-16,Debit Card,Completed
6911,1715,2022-12-26,UPI,Completed
6912,641,2023-02-27,UPI,Completed
6913,283,2025-05-30,UPI,Completed
6914,1219,2024-06-10,UPI,Completed
6915,780,2023-12-31,Credit Card,Completed
6916,1054,2024-01-13,UPI,Completed
6917,1033,2023-05-28,Credit Card,Completed
6918,1333,2024-12-28,UPI,Completed
6919,1469,2024-06-12,UPI,Shipped
6920,1334,2024-03-26,Cash on Delivery,Returned
6921,677,2025-09-12,Net Banking,Completed
6922,705,2022-10-03,Credit Card,Completed
6923,426,2023-12-05,UPI,Processing
6924,1841,2024-06-07,Net Banking,Shipped
6925,1796,2025-10-22,Credit Card,Returned
6926,1728,2023-03-06,Debit Card,Completed
6927,591,2024-08-26,UPI,Completed
6928,1715,2023-05-15,UPI,Returned
6929,91,2023-01-06,Credit Card,Completed
6930,456,2026-01-28,Debit Card,Completed
6931,444,2024-04-16,Credit Card,Completed
6932,1751,2025-11-07,UPI,Completed
6933,79,2024-08-18,Cash on Delivery,Shipped
6934,1499,2025-07-09,UPI,Completed
6935,927,2023-07-14,Credit Card,Completed
6936,103,2025-02-25,UPI,Processing
6937,623,2023-08-28,Credit Card,Completed
6938,1480,2024-12-05,UPI,Completed
6939,990,2024-10-31,Credit Card,Completed
6940,1338,2025-09-25,UPI,Processing
6941,1271,2024-08-05,Credit Card,Completed
6942,234,2023-12-31,UPI,Processing
6943,1618,2025-05-15,Net Banking,Completed
6944,644,2022-08-15,Net Banking,Completed
6945,1259,2025-11-06,Debit Card,Shipped
6946,790,2022-10-17,Net Banking,Completed
6947,387,2025-05-19,UPI,Completed
6948,847,2024-10-03,Net Banking,Cancelled
6949,1635,2024-03-18,UPI,Completed
6950,1967,2022-12-08,UPI,Processing
6951,38,2025-02-04,UPI,Shipped
6952,1185,2023-12-07,Net Banking,Completed
6953,1486,2024-06-11,Credit Card,Completed
6954,1968,2025-08-29,Credit Card,Cancelled
6955,1473,2024-10-05,Net Banking,Completed
6956,1141,2024-01-22,Credit Card,Completed
6957,241,2022-06-09,Credit Card,Completed
6958,1050,2025-01-06,UPI,Shipped
6959,1672,2024-06-29,Cash on Delivery,Cancelled
6960,562,2025-11-09,Net Banking,Shipped
6961,2000,2024-08-01,Net Banking,Shipped
6962,806,2023-08-07,UPI,Completed
6963,1930,2025-08-11,UPI,Processing
6964,298,2024-01-21,UPI,Completed
6965,805,2023-02-01,UPI,Shipped
6966,154,2025-03-19,UPI,Completed
6967,732,2025-09-27,Credit Card,Completed
6968,1676,2025-11-02,Cash on Delivery,Shipped
6969,468,2023-11-30,Net Banking,Shipped
6970,49,2025-11-21,UPI,Cancelled
6971,1678,2024-02-14,UPI,Completed
6972,46,2025-12-11,UPI,Completed
6973,1699,2025-12-28,UPI,Returned
6974,1309,2025-12-17,UPI,Completed
6975,780,2024-11-13,UPI,Shipped
6976,1652,2024-10-08,Net Banking,Returned
6977,82,2025-01-31,UPI,Cancelled
6978,1068,2022-07-20,Credit Card,Completed
6979,1730,2024-10-11,Debit Card,Completed
6980,1794,2025-02-07,Debit Card,Completed
6981,955,2025-05-09,Credit Card,Completed
6982,273,2023-11-13,Cash on Delivery,Completed
6983,394,2025-09-22,Credit Card,Shipped
6984,1810,2025-11-14,Cash on Delivery,Completed
6985,790,2024-08-26,UPI,Completed
6986,595,2024-05-14,UPI,Completed
6987,58,2025-07-07,Cash on Delivery,Completed
6988,565,2025-01-05,UPI,Completed
6989,1,2024-09-23,Credit Card,Shipped
6990,216,2025-01-30,Debit Card,Completed
6991,1341,2025-09-06,UPI,Shipped
6992,1252,2024-08-26,Credit Card,Completed
6993,1497,2023-11-04,Cash on Delivery,Completed
6994,1508,2025-02-09,Cash on Delivery,Completed
6995,766,2024-06-02,Debit Card,Completed
6996,671,2025-11-22,Debit Card,Completed
6997,1311,2025-12-08,Cash on Delivery,Shipped
6998,511,2024-06-04,Debit Card,Completed
6999,1602,2026-01-22,UPI,Completed
7000,915,2022-09-28,UPI,Completed
7001,1845,2025-08-12,UPI,Shipped
7002,1996,2024-10-29,UPI,Completed
7003,1482,2025-07-09,UPI,Completed
7004,95,2025-03-18,Net Banking,Shipped
7005,493,2024-02-16,Debit Card,Completed
7006,765,2025-07-22,Cash on Delivery,Completed
7007,1022,2025-01-03,Credit Card,Processing
7008,150,2025-11-21,UPI,Completed
7009,1047,2023-10-08,UPI,Completed
7010,756,2024-01-17,Net Banking,Shipped
7011,1239,2025-08-13,UPI,Completed
7012,399,2025-09-01,Credit Card,Completed
7013,410,2024-12-07,UPI,Cancelled
7014,131,2025-08-31,UPI,Completed
7015,855,2025-06-16,UPI,Completed
7016,148,2023-10-31,Credit Card,Processing
7017,381,2024-12-15,Cash on Delivery,Completed
7018,1133,2025-08-02,Credit Card,Completed
7019,552,2024-07-11,Debit Card,Completed
7020,1145,2024-01-25,Cash on Delivery,Shipped
7021,295,2025-02-06,Debit Card,Completed
7022,1144,2025-03-08,Cash on Delivery,Shipped
7023,456,2025-09-27,UPI,Completed
7024,1554,2024-10-27,Cash on Delivery,Completed
7025,169,2025-09-20,Credit Card,Completed
7026,710,2025-12-28,UPI,Completed
7027,1947,2025-01-27,UPI,Processing
7028,1167,2023-11-19,UPI,Completed
7029,37,2022-09-26,UPI,Completed
7030,1722,2024-12-30,Cash on Delivery,Completed
7031,1285,2025-06-26,Debit Card,Shipped
7032,231,2023-11-08,Net Banking,Completed
7033,254,2025-09-07,Credit Card,Shipped
7034,329,2024-06-17,Debit Card,Shipped
7035,1927,2023-08-27,UPI,Completed
7036,1321,2025-03-05,Debit Card,Completed
7037,980,2025-10-13,Debit Card,Shipped
7038,10,2025-04-30,Cash on Delivery,Completed
7039,446,2024-05-18,Credit Card,Processing
7040,922,2024-04-07,Credit Card,Completed
7041,836,2024-04-28,UPI,Completed
7042,1254,2024-10-20,Debit Card,Completed
7043,1560,2025-04-04,Cash on Delivery,Completed
7044,78,2025-08-13,Credit Card,Completed
7045,1449,2024-07-02,UPI,Completed
7046,193,2023-10-11,UPI,Completed
7047,401,2025-03-21,Credit Card,Completed
7048,109,2026-01-24,Debit Card,Completed
7049,792,2025-09-16,UPI,Completed
7050,1947,2025-04-27,Cash on Delivery,Completed
7051,263,2023-06-24,UPI,Completed
7052,329,2025-01-24,UPI,Shipped
7053,363,2024-07-04,Debit Card,Completed
7054,1891,2025-05-15,Credit Card,Cancelled
7055,1402,2025-03-03,Cash on Delivery,Completed
7056,1804,2023-06-09,UPI,Completed
7057,1365,2024-03-01,UPI,Completed
7058,259,2024-11-22,UPI,Completed
7059,1359,2025-06-25,UPI,Cancelled
7060,85,2024-06-29,Cash on Delivery,Completed
7061,1546,2025-02-11,UPI,Completed
7062,1825,2024-06-03,Net Banking,Completed
7063,1838,2025-05-08,Debit Card,Processing
7064,1595,2025-03-05,Credit Card,Shipped
7065,308,2024-02-13,Net Banking,Completed
7066,262,2025-05-16,UPI,Processing
7067,1922,2025-03-21,UPI,Cancelled
7068,797,2025-10-10,Debit Card,Completed
7069,631,2025-08-09,UPI,Completed
7070,680,2024-10-04,Net Banking,Completed
7071,865,2025-03-21,Net Banking,Completed
7072,1725,2026-01-20,Net Banking,Completed
7073,1476,2026-01-08,Net Banking,Processing
7074,1275,2024-10-04,Credit Card,Completed
7075,324,2025-03-04,Debit Card,Processing
7076,925,2023-01-28,UPI,Completed
7077,1253,2024-02-03,Debit Card,Shipped
7078,1726,2025-02-10,UPI,Completed
7079,1852,2025-08-19,Cash on Delivery,Cancelled
7080,1660,2023-10-10,Net Banking,Shipped
7081,1620,2025-04-20,UPI,Completed
7082,1321,2025-07-11,UPI,Completed
7083,727,2024-01-30,Credit Card,Cancelled
7084,1261,2024-09-27,Debit Card,Completed
7085,978,2025-04-29,Debit Card,Processing
7086,1649,2023-11-05,Debit Card,Completed
7087,217,2025-04-09,Cash on Delivery,Shipped
7088,1857,2025-08-21,UPI,Cancelled
7089,1270,2023-08-31,Credit Card,Completed
7090,448,2023-07-05,Credit Card,Completed
7091,1871,2024-07-13,UPI,Completed
7092,319,2025-11-09,UPI,Completed
7093,994,2024-08-07,Cash on Delivery,Shipped
7094,1456,2023-03-16,Net Banking,Completed
7095,1428,2025-11-09,Debit Card,Completed
7096,1910,2023-04-08,Net Banking,Completed
7097,37,2022-04-21,UPI,Completed
7098,1600,2026-01-11,Net Banking,Shipped
7099,731,2025-08-07,UPI,Completed
7100,1366,2024-11-26,Credit Card,Shipped
7101,1011,2024-09-07,UPI,Completed
7102,1413,2025-09-24,Cash on Delivery,Completed
7103,1058,2023-05-05,UPI,Completed
7104,39,2023-06-08,UPI,Completed
7105,1603,2023-09-30,UPI,Completed
7106,209,2023-01-04,UPI,Completed
7107,830,2023-08-26,UPI,Completed
7108,856,2022-04-04,Credit Card,Completed
7109,1176,2024-12-20,UPI,Completed
7110,899,2024-09-18,UPI,Shipped
7111,1389,2025-03-05,UPI,Shipped
7112,1223,2023-06-26,UPI,Completed
7113,601,2022-09-23,Credit Card,Completed
7114,760,2022-11-10,Debit Card,Completed
7115,1859,2024-05-25,Credit Card,Shipped
7116,1103,2023-11-06,UPI,Completed
7117,1501,2025-12-23,Credit Card,Completed
7118,434,2024-08-31,Credit Card,Completed
7119,1821,2024-02-09,UPI,Returned
7120,842,2023-04-21,UPI,Completed
7121,32,2023-08-31,UPI,Completed
7122,1111,2024-09-30,UPI,Completed
7123,1575,2023-09-30,UPI,Completed
7124,393,2025-11-14,UPI,Completed
7125,1637,2024-08-25,UPI,Completed
7126,1268,2024-08-08,Credit Card,Shipped
7127,1256,2025-12-18,Net Banking,Completed
7128,910,2023-06-01,Credit Card,Cancelled
7129,1604,2025-05-03,Credit Card,Completed
7130,192,2025-07-16,UPI,Completed
7131,1940,2024-07-27,UPI,Completed
7132,1564,2023-06-07,Credit Card,Completed
7133,270,2025-06-12,Credit Card,Cancelled
7134,1964,2024-02-18,Debit Card,Completed
7135,738,2024-11-15,Cash on Delivery,Processing
7136,77,2024-06-17,UPI,Completed
7137,735,2022-10-23,UPI,Shipped
7138,884,2025-10-20,Credit Card,Completed
7139,1191,2025-11-23,Credit Card,Shipped
7140,284,2025-03-21,UPI,Completed
7141,1728,2024-06-15,Credit Card,Returned
7142,1113,2025-10-03,UPI,Shipped
7143,544,2024-02-24,Credit Card,Completed
7144,649,2023-08-03,UPI,Cancelled
7145,1180,2025-08-18,Credit Card,Completed
7146,250,2025-03-27,Debit Card,Returned
7147,95,2025-09-27,Net Banking,Shipped
7148,17,2023-04-06,Cash on Delivery,Completed
7149,117,2024-06-13,Credit Card,Completed
7150,983,2025-11-12,Credit Card,Shipped
7151,333,2025-05-12,UPI,Completed
7152,1847,2023-07-17,UPI,Completed
7153,1546,2025-02-01,UPI,Completed
7154,1104,2023-10-14,UPI,Completed
7155,646,2025-04-10,Debit Card,Cancelled
7156,1456,2025-04-23,UPI,Completed
7157,1227,2024-03-20,UPI,Returned
7158,116,2025-10-04,Debit Card,Completed
7159,963,2025-08-02,Credit Card,Completed
7160,1244,2025-09-02,Debit Card,Completed
7161,1277,2025-06-07,Credit Card,Cancelled
7162,1193,2023-07-24,UPI,Completed
7163,847,2025-05-17,UPI,Completed
7164,316,2024-02-20,Cash on Delivery,Processing
7165,1741,2024-03-25,UPI,Shipped
7166,810,2025-11-18,Credit Card,Processing
7167,372,2024-01-04,Credit Card,Cancelled
7168,760,2022-03-26,Net Banking,Cancelled
7169,877,2025-07-28,Credit Card,Shipped
7170,977,2023-09-13,Credit Card,Completed
7171,1607,2022-12-16,UPI,Completed
7172,156,2022-06-30,Net Banking,Completed
7173,614,2024-08-30,Credit Card,Shipped
7174,1037,2025-11-01,UPI,Completed
7175,508,2025-02-21,Credit Card,Processing
7176,465,2025-08-31,UPI,Completed
7177,783,2024-06-20,UPI,Returned
7178,804,2024-08-31,UPI,Completed
7179,220,2024-02-29,Debit Card,Shipped
7180,15,2025-01-16,Credit Card,Completed
7181,1774,2025-12-23,Credit Card,Cancelled
7182,117,2024-09-16,Credit Card,Completed
7183,331,2022-04-26,Debit Card,Completed
7184,56,2023-06-18,UPI,Completed
7185,1375,2024-12-21,UPI,Completed
7186,1156,2024-01-04,UPI,Completed
7187,1250,2023-12-10,UPI,Returned
7188,308,2024-06-16,Net Banking,Completed
7189,1499,2025-11-12,Cash on Delivery,Completed
7190,1930,2023-02-22,UPI,Completed
7191,222,2025-11-04,UPI,Completed
7192,1197,2022-09-28,Net Banking,Returned
7193,1364,2024-09-07,UPI,Completed
7194,797,2023-06-03,Credit Card,Processing
7195,1530,2022-04-18,UPI,Processing
7196,1845,2025-10-01,Credit Card,Processing
7197,1181,2025-04-18,Net Banking,Completed
7198,151,2023-06-30,Cash on Delivery,Cancelled
7199,1721,2024-12-12,Credit Card,Completed
7200,1202,2025-06-01,Credit Card,Completed
7201,1557,2025-10-15,Credit Card,Completed
7202,112,2025-03-05,UPI,Completed
7203,683,2024-10-03,UPI,Returned
7204,1162,2024-04-13,Net Banking,Completed
7205,1257,2025-02-19,UPI,Processing
7206,332,2024-10-03,UPI,Completed
7207,1566,2025-11-26,Credit Card,Returned
7208,893,2024-06-18,Net Banking,Completed
7209,1331,2025-09-21,Debit Card,Cancelled
7210,161,2025-11-23,Credit Card,Cancelled
7211,1426,2025-07-04,Credit Card,Completed
7212,1614,2024-11-30,Debit Card,Completed
7213,278,2024-08-05,Debit Card,Shipped
7214,1344,2025-03-12,Cash on Delivery,Completed
7215,1557,2024-04-30,Credit Card,Completed
7216,897,2025-06-15,UPI,Processing
7217,497,2025-03-10,Cash on Delivery,Completed
7218,1387,2026-01-21,Debit Card,Completed
7219,1396,2024-11-07,UPI,Completed
7220,1916,2022-10-17,UPI,Completed
7221,655,2023-09-23,Net Banking,Completed
7222,1060,2025-11-25,Credit Card,Shipped
7223,303,2023-09-15,Credit Card,Shipped
7224,438,2025-03-31,UPI,Completed
7225,726,2025-10-31,Credit Card,Completed
7226,1056,2024-06-30,Debit Card,Shipped
7227,186,2024-06-05,Credit Card,Returned
7228,1198,2024-07-11,UPI,Completed
7229,1590,2024-01-23,UPI,Returned
7230,673,2025-03-06,Net Banking,Completed
7231,1274,2025-11-21,Cash on Delivery,Completed
7232,1001,2024-11-22,Debit Card,Completed
7233,1787,2023-06-28,Debit Card,Completed
7234,1959,2022-10-03,Credit Card,Completed
7235,279,2023-11-13,Cash on Delivery,Processing
7236,683,2024-08-26,Debit Card,Returned
7237,1719,2025-03-23,Cash on Delivery,Returned
7238,1026,2024-12-10,UPI,Completed
7239,1218,2025-03-04,UPI,Completed
7240,1190,2025-02-17,Debit Card,Completed
7241,1783,2025-02-06,UPI,Completed
7242,1011,2024-04-28,Credit Card,Completed
7243,925,2023-11-14,Credit Card,Completed
7244,1780,2025-04-27,UPI,Processing
7245,1134,2024-11-11,Debit Card,Completed
7246,380,2024-06-05,UPI,Processing
7247,835,2023-09-18,Debit Card,Returned
7248,999,2024-12-24,UPI,Completed
7249,1607,2022-09-14,Net Banking,Processing
7250,1700,2022-04-19,UPI,Completed
7251,285,2022-09-01,Debit Card,Completed
7252,1911,2023-01-20,Credit Card,Completed
7253,421,2025-04-25,UPI,Completed
7254,113,2025-06-13,Credit Card,Completed
7255,1018,2023-12-07,Cash on Delivery,Completed
7256,228,2025-03-16,UPI,Shipped
7257,1495,2023-05-21,UPI,Processing
7258,1837,2025-05-19,UPI,Shipped
7259,528,2024-03-19,UPI,Completed
7260,496,2023-04-23,Net Banking,Completed
7261,31,2024-06-03,UPI,Completed
7262,162,2024-11-10,Credit Card,Completed
7263,1842,2022-08-21,UPI,Completed
7264,705,2024-10-23,UPI,Completed
7265,722,2024-04-13,UPI,Completed
7266,1402,2024-03-27,UPI,Completed
7267,446,2023-08-07,Credit Card,Completed
7268,744,2024-06-17,UPI,Completed
7269,427,2024-07-26,Cash on Delivery,Shipped
7270,1720,2025-06-17,Credit Card,Shipped
7271,504,2025-09-03,UPI,Completed
7272,1551,2023-11-08,UPI,Completed
7273,1968,2024-03-07,UPI,Completed
7274,1841,2025-08-13,UPI,Completed
7275,721,2025-04-07,Credit Card,Shipped
7276,684,2024-08-27,Cash on Delivery,Completed
7277,1802,2025-08-01,Cash on Delivery,Shipped
7278,1556,2025-07-02,Cash on Delivery,Completed
7279,582,2025-06-16,UPI,Shipped
7280,1544,2023-07-25,UPI,Completed
7281,1965,2024-10-09,Net Banking,Completed
7282,1058,2025-10-04,Debit Card,Completed
7283,736,2025-03-06,UPI,Processing
7284,691,2025-04-14,UPI,Completed
7285,758,2024-10-20,UPI,Completed
7286,1514,2024-05-20,Credit Card,Shipped
7287,1796,2024-10-03,Cash on Delivery,Completed
7288,1644,2024-09-05,UPI,Completed
7289,754,2025-04-19,UPI,Returned
7290,1447,2023-10-31,UPI,Completed
7291,1492,2025-10-27,UPI,Completed
7292,24,2025-06-06,Credit Card,Completed
7293,1240,2023-04-14,Debit Card,Completed
7294,55,2024-04-11,UPI,Completed
7295,1050,2025-06-15,Debit Card,Completed
7296,1305,2025-12-16,UPI,Completed
7297,804,2025-08-14,Credit Card,Completed
7298,327,2024-01-01,Credit Card,Shipped
7299,970,2025-09-11,UPI,Shipped
7300,186,2025-11-27,Credit Card,Shipped
7301,495,2022-09-20,UPI,Completed
7302,1036,2024-10-19,UPI,Shipped
7303,1665,2024-09-24,UPI,Completed
7304,1908,2025-09-05,UPI,Completed
7305,99999,2025-09-14,Debit Card,Completed
7306,1945,2025-12-25,UPI,Processing
7307,208,2025-01-22,Debit Card,Shipped
7308,133,2026-01-03,Cash on Delivery,Completed
7309,1363,2024-07-05,UPI,Processing
7310,1220,2024-05-14,UPI,Shipped
7311,1286,2022-09-19,UPI,Completed
7312,1306,2024-08-15,UPI,Completed
7313,369,2025-09-10,UPI,Completed
7314,1127,2023-05-08,Debit Card,Completed
7315,1656,2025-06-23,UPI,Shipped
7316,1207,2025-01-06,Credit Card,Cancelled
7317,423,2024-08-02,UPI,Completed
7318,1033,2023-02-08,UPI,Completed
7319,1581,2025-12-18,UPI,Completed
7320,244,2024-08-02,UPI,Completed
7321,782,2024-10-23,UPI,Shipped
7322,624,2025-03-29,Credit Card,Completed
7323,567,2025-04-07,Debit Card,Completed
7324,1417,2024-05-30,UPI,Completed
7325,527,2023-12-25,Debit Card,Processing
7326,37,2022-07-24,UPI,Completed
7327,178,2024-09-28,UPI,Completed
7328,639,2025-04-09,Cash on Delivery,Completed
7329,1653,2024-05-01,Cash on Delivery,Completed
7330,852,2025-07-29,Cash on Delivery,Shipped
7331,72,2024-05-19,UPI,Completed
7332,352,2022-10-07,Net Banking,Returned
7333,623,2022-10-01,Debit Card,Completed
7334,1173,2022-06-25,Credit Card,Completed
7335,1721,2024-11-24,Net Banking,Completed
7336,105,2024-01-05,Cash on Delivery,Cancelled
7337,1683,2024-05-09,Debit Card,Shipped
7338,221,2025-12-11,Cash on Delivery,Completed
7339,1850,2024-04-22,UPI,Completed
7340,863,2024-06-03,Debit Card,Completed
7341,1398,2026-01-17,UPI,Shipped
7342,518,2023-05-14,Net Banking,Completed
7343,1284,2024-10-03,Credit Card,Completed
7344,299,2023-06-18,Cash on Delivery,Shipped
7345,861,2025-07-10,UPI,Completed
7346,42,2025-11-21,Debit Card,Returned
7347,771,2024-03-13,UPI,Cancelled
7348,897,2025-02-05,Credit Card,Shipped
7349,492,2023-07-19,Debit Card,Cancelled
7350,1463,2023-11-23,UPI,Completed
7351,1807,2026-01-17,UPI,Completed
7352,1071,2025-09-18,Credit Card,Completed
7353,85,2025-12-31,UPI,Cancelled
7354,1710,2023-04-25,UPI,Completed
7355,1082,2025-03-04,UPI,Completed
7356,991,2025-09-13,UPI,Processing
7357,711,2024-05-18,Cash on Delivery,Shipped
7358,209,2023-12-03,Net Banking,Completed
7359,1272,2025-08-16,Debit Card,Completed
7360,1235,2024-09-23,UPI,Completed
7361,39,2023-05-26,Debit Card,Completed
7362,1276,2024-06-05,Credit Card,Completed
7363,1667,2022-11-01,Debit Card,Completed
7364,926,2024-05-31,UPI,Completed
7365,1827,2024-10-06,UPI,Completed
7366,762,2025-06-03,Debit Card,Completed
7367,1977,2025-08-06,Credit Card,Shipped
7368,1437,2022-07-12,Cash on Delivery,Completed
7369,946,2025-03-01,Debit Card,Completed
7370,1470,2023-12-23,UPI,Completed
7371,52,2022-12-11,Debit Card,Processing
7372,374,2024-05-22,Credit Card,Cancelled
7373,1550,2022-10-11,UPI,Completed
7374,931,2024-10-27,UPI,Cancelled
7375,156,2025-04-25,UPI,Completed
7376,1978,2024-02-18,UPI,Completed
7377,1566,2023-12-16,UPI,Completed
7378,1114,2022-10-21,UPI,Completed
7379,1927,2025-12-16,UPI,Completed
7380,679,2022-12-12,Debit Card,Completed
7381,351,2025-04-04,UPI,Completed
7382,69,2025-11-04,Credit Card,Completed
7383,1187,2024-11-04,UPI,Completed
7384,1266,2025-01-28,UPI,Completed
7385,1519,2024-05-01,Net Banking,Completed
7386,1407,2025-07-18,Credit Card,Shipped
7387,1076,2024-09-10,Cash on Delivery,Processing
7388,654,2024-10-01,Credit Card,Completed
7389,63,2023-12-01,Debit Card,Completed
7390,509,2023-10-01,Net Banking,Completed
7391,292,2024-10-14,UPI,Returned
7392,1115,2023-08-22,Credit Card,Completed
7393,1688,2023-06-04,Credit Card,Completed
7394,1448,2024-10-20,Net Banking,Completed
7395,1693,2023-01-10,UPI,Completed
7396,821,2025-01-17,Debit Card,Returned
7397,1389,2024-09-15,UPI,Completed
7398,150,2024-05-01,Net Banking,Returned
7399,1864,2025-03-25,Credit Card,Shipped
7400,1295,2024-04-08,Cash on Delivery,Shipped
7401,881,2025-03-26,Cash on Delivery,Processing
7402,1605,2023-10-09,Credit Card,Completed
7403,1140,2023-08-30,Debit Card,Completed
7404,704,2025-03-02,Debit Card,Completed
7405,516,2022-05-21,Credit Card,Completed
7406,1611,2024-01-13,UPI,Completed
7407,1938,2023-06-11,UPI,Completed
7408,1834,2025-02-17,UPI,Completed
7409,1265,2025-01-19,Net Banking,Completed
7410,30,2024-10-15,UPI,Completed
7411,1167,2023-01-07,Debit Card,Processing
7412,326,2022-12-31,UPI,Shipped
7413,1719,2024-11-04,Credit Card,Shipped
7414,949,2023-04-25,UPI,Completed
7415,16,2025-02-11,Credit Card,Completed
7416,111,2024-05-29,UPI,Completed
7417,872,2025-08-22,Credit Card,Completed
7418,713,2023-06-24,Credit Card,Completed
7419,107,2022-07-03,Debit Card,Processing
7420,379,2025-01-16,Credit Card,Shipped
7421,162,2023-10-09,Net Banking,Completed
7422,283,2024-08-03,Debit Card,Returned
7423,269,2025-12-19,UPI,Shipped
7424,484,2024-06-20,UPI,Shipped
7425,667,2025-03-02,UPI,Completed
7426,1097,2024-08-26,UPI,Cancelled
7427,1221,2024-09-16,Credit Card,Completed
7428,1267,2025-04-30,Net Banking,Completed
7429,598,2025-10-20,Credit Card,Shipped
7430,799,2023-07-01,Debit Card,Completed
7431,1283,2023-04-06,UPI,Cancelled
7432,798,2025-08-25,UPI,Processing
7433,1173,2025-02-07,Cash on Delivery,Completed
7434,1891,2025-12-01,UPI,Completed
7435,390,2025-12-31,Cash on Delivery,Completed
7436,416,2024-11-22,UPI,Completed
7437,426,2023-09-04,Cash on Delivery,Completed
7438,997,2024-10-06,Debit Card,Completed
7439,1726,2023-06-20,Credit Card,Completed
7440,1241,2025-01-22,Cash on Delivery,Shipped
7441,1952,2023-07-01,UPI,Completed
7442,867,2024-03-05,UPI,Processing
7443,86,2024-05-18,UPI,Completed
7444,1240,2024-09-09,UPI,Completed
7445,423,2025-07-24,Credit Card,Shipped
7446,1344,2024-12-27,Cash on Delivery,Completed
7447,118,2025-06-19,UPI,Shipped
7448,1950,2026-01-03,Cash on Delivery,Shipped
7449,959,2024-04-03,Net Banking,Completed
7450,882,2024-04-28,Debit Card,Completed
7451,992,2024-02-16,Cash on Delivery,Shipped
7452,99999,2023-09-04,Debit Card,Completed
7453,599,2024-06-04,Credit Card,Completed
7454,40,2026-01-23,Credit Card,Processing
7455,1185,2024-10-21,Credit Card,Completed
7456,703,2025-01-01,UPI,Completed
7457,537,2023-09-24,UPI,Completed
7458,420,2025-04-27,Credit Card,Completed
7459,664,2023-10-15,UPI,Completed
7460,95,2025-08-09,Net Banking,Completed
7461,1466,2022-05-09,Credit Card,Completed
7462,1959,2024-10-31,UPI,Completed
7463,1582,2025-11-06,UPI,Cancelled
7464,973,2025-02-12,UPI,Completed
7465,650,2025-05-21,UPI,Processing
7466,1490,2022-02-08,UPI,Completed
7467,288,2024-05-23,Net Banking,Shipped
7468,1889,2025-07-01,UPI,Completed
7469,1700,2023-06-01,Debit Card,Completed
7470,412,2025-03-17,UPI,Returned
7471,400,2023-10-31,Cash on Delivery,Shipped
7472,528,2023-05-02,Credit Card,Processing
7473,1042,2024-05-30,Credit Card,Completed
7474,136,2022-05-12,Debit Card,Shipped
7475,1488,2024-08-27,Credit Card,Completed
7476,759,2025-02-04,UPI,Completed
7477,1272,2025-03-25,UPI,Completed
7478,843,2024-10-11,UPI,Completed
7479,710,2025-08-16,Credit Card,Completed
7480,1025,2024-07-17,UPI,Completed
7481,1726,2024-01-28,Cash on Delivery,Processing
7482,381,2022-11-29,UPI,Completed
7483,509,2025-07-26,UPI,Returned
7484,1484,2024-11-24,Net Banking,Processing
7485,1529,2024-12-17,Net Banking,Completed
7486,806,2024-10-12,Net Banking,Completed
7487,476,2025-06-26,Credit Card,Completed
7488,1581,2024-09-22,UPI,Completed
7489,954,2024-11-03,Cash on Delivery,Cancelled
7490,849,2024-10-28,UPI,Completed
7491,897,2025-02-11,UPI,Completed
7492,32,2024-12-02,UPI,Completed
7493,1928,2025-12-19,Credit Card,Completed
7494,118,2025-11-21,UPI,Completed
7495,1832,2025-03-21,Debit Card,Completed
7496,1208,2025-08-16,UPI,Returned
7497,191,2025-06-10,UPI,Completed
7498,1771,2026-01-14,UPI,Completed
7499,1774,2023-10-20,UPI,Cancelled
7500,1752,2023-04-05,Net Banking,Completed
7501,74,2024-11-17,Net Banking,Completed
7502,623,2023-01-08,UPI,Completed
7503,1127,2025-01-05,Net Banking,Completed
7504,871,2024-06-20,Debit Card,Completed
7505,586,2025-12-30,UPI,Completed
7506,420,2024-12-31,Debit Card,Completed
7507,473,2024-02-17,Cash on Delivery,Shipped
7508,1788,2025-11-18,UPI,Completed
7509,114,2025-10-13,UPI,Completed
7510,1403,2024-04-04,UPI,Returned
7511,1337,2025-08-17,UPI,Processing
7512,330,2022-10-06,UPI,Shipped
7513,339,2024-10-19,Credit Card,Completed
7514,238,2024-06-18,Cash on Delivery,Completed
7515,1197,2022-05-16,UPI,Completed
7516,79,2024-06-20,UPI,Shipped
7517,464,2024-07-15,Debit Card,Completed
7518,1922,2022-10-24,UPI,Shipped
7519,605,2025-03-02,Cash on Delivery,Returned
7520,1988,2024-04-08,Net Banking,Completed
7521,1525,2022-11-12,Net Banking,Completed
7522,562,2025-05-31,Debit Card,Completed
7523,285,2024-03-24,UPI,Completed
7524,223,2025-04-18,UPI,Completed
7525,593,2025-08-13,Debit Card,Completed
7526,1290,2024-10-03,Net Banking,Completed
7527,1691,2024-05-13,UPI,Completed
7528,373,2023-01-06,UPI,Processing
7529,1257,2025-09-27,Cash on Delivery,Returned
7530,911,2023-01-10,UPI,Processing
7531,828,2025-03-05,UPI,Completed
7532,236,2023-10-30,Cash on Delivery,Completed
7533,671,2022-10-14,UPI,Completed
7534,1941,2024-11-16,UPI,Completed
7535,828,2025-05-28,Credit Card,Shipped
7536,763,2025-07-10,Debit Card,Completed
7537,1338,2025-12-12,UPI,Completed
7538,1961,2023-01-30,UPI,Completed
7539,1966,2025-01-11,Credit Card,Completed
7540,1837,2023-04-27,Credit Card,Shipped
7541,380,2024-07-13,UPI,Cancelled
7542,794,2024-07-07,UPI,Returned
7543,614,2025-08-09,Credit Card,Completed
7544,563,2024-02-05,Debit Card,Processing
7545,420,2024-10-13,Debit Card,Completed
7546,52,2023-01-18,Debit Card,Shipped
7547,1745,2025-07-28,Debit Card,Processing
7548,819,2025-07-21,UPI,Completed
7549,1667,2023-03-05,Cash on Delivery,Cancelled
7550,1533,2024-11-29,Cash on Delivery,Completed
7551,1806,2026-01-17,Credit Card,Completed
7552,1969,2022-08-28,UPI,Completed
7553,205,2022-09-01,Credit Card,Shipped
7554,1001,2024-01-20,Credit Card,Shipped
7555,731,2024-04-22,UPI,Shipped
7556,257,2025-01-03,Credit Card,Completed
7557,185,2024-11-23,Debit Card,Completed
7558,145,2023-11-30,Cash on Delivery,Shipped
7559,1714,2023-09-29,UPI,Completed
7560,1038,2024-10-29,UPI,Completed
7561,246,2025-04-21,Debit Card,Completed
7562,187,2024-05-04,Cash on Delivery,Completed
7563,1361,2024-07-14,Credit Card,Completed
7564,1283,2023-04-13,Debit Card,Completed
7565,866,2023-08-13,UPI,Cancelled
7566,40,2025-10-31,Credit Card,Shipped
7567,601,2022-06-28,Net Banking,Shipped
7568,1661,2025-01-11,Debit Card,Completed
7569,962,2025-04-08,Net Banking,Completed
7570,1442,2025-12-21,Credit Card,Completed
7571,986,2024-05-30,Cash on Delivery,Completed
7572,1375,2024-10-07,UPI,Completed
7573,9,2024-04-10,UPI,Shipped
7574,350,2025-02-20,UPI,Completed
7575,84,2025-01-09,Credit Card,Completed
7576,533,2023-09-26,UPI,Completed
7577,989,2023-10-13,Debit Card,Shipped
7578,1817,2024-08-31,Cash on Delivery,Shipped
7579,358,2025-08-29,Credit Card,Processing
7580,378,2024-09-07,UPI,Completed
7581,172,2025-07-25,Net Banking,Returned
7582,1049,2024-11-13,Credit Card,Shipped
7583,393,2023-02-23,Debit Card,Completed
7584,1127,2024-09-14,Cash on Delivery,Processing
7585,702,2025-09-24,Net Banking,Completed
7586,1260,2025-05-19,Credit Card,Completed
7587,1434,2024-10-20,Cash on Delivery,Completed
7588,1849,2024-11-13,Credit Card,Completed
7589,549,2025-04-03,Credit Card,Completed
7590,784,2025-06-21,Credit Card,Cancelled
7591,1829,2024-10-14,Credit Card,Completed
7592,99999,2025-03-23,UPI,Completed
7593,1688,2025-12-08,Debit Card,Completed
7594,794,2025-11-18,UPI,Completed
7595,1556,2024-02-17,Credit Card,Cancelled
7596,649,2023-07-08,Debit Card,Completed
7597,983,2025-11-30,Cash on Delivery,Completed
7598,1895,2022-10-27,UPI,Shipped
7599,1053,2023-07-30,Cash on Delivery,Completed
7600,543,2023-09-19,Net Banking,Cancelled
7601,1043,2025-06-11,Credit Card,Completed
7602,1172,2023-09-23,Debit Card,Shipped
7603,1495,2025-12-25,UPI,Processing
7604,491,2024-11-08,Net Banking,Completed
7605,283,2025-09-03,Debit Card,Completed
7606,862,2025-08-16,UPI,Shipped
7607,1877,2023-12-16,UPI,Completed
7608,1836,2023-10-04,Credit Card,Completed
7609,1699,2023-09-29,UPI,Returned
7610,113,2023-04-19,Debit Card,Completed
7611,1479,2022-04-24,UPI,Completed
7612,1686,2025-06-25,Credit Card,Completed
7613,1354,2025-01-03,Debit Card,Completed
7614,1279,2023-01-01,Cash on Delivery,Shipped
7615,1623,2024-08-07,Debit Card,Completed
7616,1423,2025-04-03,Debit Card,Completed
7617,862,2024-05-28,Cash on Delivery,Cancelled
7618,610,2024-07-23,Credit Card,Shipped
7619,1933,2023-05-21,Cash on Delivery,Completed
7620,508,2025-06-19,UPI,Completed
7621,1668,2025-09-26,Cash on Delivery,Processing
7622,466,2024-05-27,UPI,Completed
7623,824,2025-01-31,Net Banking,Completed
7624,1431,2025-02-05,UPI,Completed
7625,609,2024-05-22,UPI,Completed
7626,1122,2025-12-02,UPI,Cancelled
7627,290,2024-05-11,UPI,Processing
7628,868,2023-11-10,Credit Card,Completed
7629,1763,2024-06-09,Credit Card,Processing
7630,1681,2024-09-05,Cash on Delivery,Completed
7631,1180,2023-03-27,UPI,Completed
7632,782,2025-01-25,UPI,Shipped
7633,162,2024-05-06,Debit Card,Completed
7634,624,2025-03-29,UPI,Processing
7635,1867,2025-05-17,Cash on Delivery,Completed
7636,1721,2025-08-15,UPI,Completed
7637,717,2025-07-08,Credit Card,Cancelled
7638,1121,2024-12-16,UPI,Completed
7639,1401,2025-06-29,UPI,Completed
7640,567,2025-07-13,Debit Card,Shipped
7641,1474,2024-12-12,UPI,Processing
7642,994,2025-10-19,Net Banking,Completed
7643,1141,2023-11-15,Credit Card,Cancelled
7644,1629,2024-02-25,Cash on Delivery,Completed
7645,1829,2025-10-15,Net Banking,Completed
7646,1988,2025-06-08,UPI,Returned
7647,1740,2025-01-22,Cash on Delivery,Shipped
7648,1818,2025-11-27,UPI,Completed
7649,1530,2022-10-04,Debit Card,Processing
7650,1213,2025-11-16,Debit Card,Shipped
7651,1500,2025-12-29,Credit Card,Completed
7652,1347,2024-12-19,UPI,Shipped
7653,596,2025-08-16,Credit Card,Shipped
7654,1994,2025-07-19,Cash on Delivery,Completed
7655,1204,2025-02-21,Net Banking,Completed
7656,1810,2023-05-12,Debit Card,Cancelled
7657,1205,2025-09-02,UPI,Completed
7658,959,2024-02-03,Cash on Delivery,Completed
7659,1717,2024-06-14,Cash on Delivery,Completed
7660,1013,2025-07-06,UPI,Completed
7661,1819,2024-08-13,UPI,Shipped
7662,1311,2024-10-13,Cash on Delivery,Completed
7663,475,2025-03-28,Cash on Delivery,Completed
7664,618,2025-06-02,UPI,Cancelled
7665,641,2022-02-03,Net Banking,Shipped
7666,262,2024-01-16,Credit Card,Completed
7667,1547,2024-04-17,Net Banking,Completed
7668,162,2025-09-03,Credit Card,Processing
7669,1511,2025-02-18,Credit Card,Returned
7670,1983,2025-09-02,UPI,Completed
7671,181,2022-12-26,Cash on Delivery,Completed
7672,725,2025-05-04,Credit Card,Completed
7673,469,2022-08-25,Cash on Delivery,Completed
7674,1810,2024-05-15,UPI,Completed
7675,21,2023-07-05,Debit Card,Processing
7676,1299,2025-04-13,Credit Card,Completed
7677,260,2025-02-10,UPI,Completed
7678,1357,2025-05-14,UPI,Completed
7679,466,2026-01-28,UPI,Completed
7680,1140,2025-09-28,Debit Card,Completed
7681,1437,2024-03-17,Credit Card,Completed
7682,537,2025-09-01,UPI,Completed
7683,952,2025-09-21,UPI,Returned
7684,1869,2022-12-01,Credit Card,Shipped
7685,766,2024-04-16,UPI,Shipped
7686,959,2024-11-20,UPI,Shipped
7687,1947,2025-02-07,Debit Card,Completed
7688,1980,2022-11-26,Credit Card,Processing
7689,1747,2024-09-07,Credit Card,Returned
7690,1841,2025-05-06,UPI,Completed
7691,1857,2024-08-22,UPI,Returned
7692,934,2025-04-05,Cash on Delivery,Completed
7693,851,2025-07-03,Cash on Delivery,Completed
7694,1972,2023-07-17,Credit Card,Completed
7695,1281,2023-01-27,UPI,Returned
7696,1192,2025-03-17,Credit Card,Completed
7697,1873,2026-01-25,Cash on Delivery,Shipped
7698,533,2025-11-12,Debit Card,Completed
7699,1622,2024-11-30,Cash on Delivery,Completed
7700,15,2024-03-28,UPI,Cancelled
7701,50,2024-04-01,Debit Card,Completed
7702,999,2025-06-06,Credit Card,Completed
7703,304,2024-06-02,Credit Card,Completed
7704,1511,2025-12-30,Credit Card,Completed
7705,416,2024-06-04,Credit Card,Completed
7706,305,2025-10-06,Cash on Delivery,Shipped
7707,196,2023-06-09,Cash on Delivery,Completed
7708,1900,2024-12-27,UPI,Completed
7709,813,2025-11-14,Credit Card,Completed
7710,800,2024-12-05,Cash on Delivery,Completed
7711,388,2023-04-22,UPI,Shipped
7712,757,2025-03-30,UPI,Completed
7713,1985,2026-01-26,UPI,Completed
7714,1889,2025-10-10,UPI,Completed
7715,455,2025-04-23,Cash on Delivery,Completed
7716,713,2025-06-11,Credit Card,Shipped
7717,705,2024-12-22,Debit Card,Completed
7718,848,2024-05-06,UPI,Completed
7719,1682,2024-03-17,UPI,Completed
7720,1334,2024-05-01,Cash on Delivery,Shipped
7721,1151,2025-04-25,Credit Card,Processing
7722,175,2022-05-02,UPI,Completed
7723,1158,2023-07-18,Net Banking,Cancelled
7724,1090,2024-09-28,Credit Card,Shipped
7725,1417,2025-09-07,Credit Card,Completed
7726,1988,2024-01-13,Credit Card,Shipped
7727,1389,2024-03-16,UPI,Completed
7728,279,2025-02-16,Credit Card,Cancelled
7729,758,2024-03-14,Credit Card,Completed
7730,363,2024-09-07,UPI,Completed
7731,99999,2024-07-15,Debit Card,Returned
7732,171,2025-10-16,UPI,Completed
7733,1075,2025-04-09,Debit Card,Completed
7734,1352,2025-06-24,UPI,Shipped
7735,1895,2024-12-18,Cash on Delivery,Shipped
7736,665,2024-12-05,Cash on Delivery,Processing
7737,592,2026-01-08,UPI,Completed
7738,931,2024-07-28,Net Banking,Completed
7739,1169,2022-07-12,Credit Card,Completed
7740,274,2024-04-17,Debit Card,Completed
7741,1179,2025-04-19,Cash on Delivery,Completed
7742,1935,2023-09-09,UPI,Completed
7743,508,2025-03-18,UPI,Completed
7744,1873,2024-05-09,UPI,Completed
7745,363,2024-03-03,Credit Card,Completed
7746,1349,2024-09-15,UPI,Shipped
7747,848,2024-06-03,Credit Card,Completed
7748,655,2025-04-05,UPI,Completed
7749,298,2025-11-03,Debit Card,Completed
7750,494,2026-01-07,UPI,Completed
7751,546,2025-04-30,UPI,Completed
7752,304,2024-08-03,UPI,Completed
7753,1491,2025-10-28,Debit Card,Shipped
7754,904,2022-06-04,Cash on Delivery,Completed
7755,239,2024-12-27,UPI,Completed
7756,650,2024-06-18,Debit Card,Completed
7757,1790,2025-01-27,Cash on Delivery,Completed
7758,1541,2025-02-10,Net Banking,Completed
7759,884,2023-11-01,Credit Card,Shipped
7760,1200,2023-07-26,UPI,Completed
7761,1909,2023-04-22,UPI,Shipped
7762,410,2025-09-15,UPI,Completed
7763,726,2024-01-26,Credit Card,Shipped
7764,1388,2025-03-27,Credit Card,Completed
7765,1047,2024-01-29,Credit Card,Completed
7766,318,2023-11-27,UPI,Completed
7767,525,2024-11-27,UPI,Completed
7768,99999,2023-12-09,Net Banking,Shipped
7769,1777,2024-05-17,Net Banking,Completed
7770,1300,2024-11-09,Debit Card,Completed
7771,1024,2024-02-15,UPI,Completed
7772,1628,2025-04-15,Net Banking,Completed
7773,620,2023-08-18,UPI,Cancelled
7774,953,2024-10-19,Debit Card,Completed
7775,1253,2023-03-30,UPI,Completed
7776,1688,2022-10-05,Credit Card,Completed
7777,99999,2023-06-02,Debit Card,Completed
7778,801,2023-10-16,Cash on Delivery,Completed
7779,916,2023-01-29,Debit Card,Processing
7780,1980,2023-08-24,Net Banking,Completed
7781,1200,2023-09-27,Credit Card,Completed
7782,320,2023-09-24,Debit Card,Processing
7783,1310,2023-05-22,UPI,Cancelled
7784,876,2025-09-11,UPI,Returned
7785,329,2024-04-14,Debit Card,Shipped
7786,1901,2024-06-24,Cash on Delivery,Completed
7787,753,2022-04-02,UPI,Processing
7788,657,2024-09-05,UPI,Cancelled
7789,1380,2025-10-12,UPI,Completed
7790,1038,2023-07-08,Cash on Delivery,Completed
7791,1299,2025-12-31,UPI,Completed
7792,71,2025-11-03,UPI,Completed
7793,827,2024-09-01,UPI,Completed
7794,1219,2024-12-03,UPI,Shipped
7795,865,2025-10-08,Debit Card,Shipped
7796,1836,2023-10-09,Net Banking,Shipped
7797,928,2024-02-18,UPI,Completed
7798,1903,2025-12-07,UPI,Completed
7799,1547,2024-10-22,Cash on Delivery,Cancelled
7800,106,2025-02-19,Cash on Delivery,Completed
7801,770,2025-07-02,UPI,Shipped
7802,893,2024-01-12,UPI,Shipped
7803,196,2023-07-18,Net Banking,Completed
7804,145,2024-08-17,Debit Card,Cancelled
7805,1756,2024-04-19,Net Banking,Completed
7806,1374,2023-05-10,UPI,Completed
7807,1448,2025-03-29,Credit Card,Completed
7808,471,2026-01-24,Debit Card,Shipped
7809,1710,2025-12-11,Cash on Delivery,Processing
7810,216,2025-08-31,Net Banking,Completed
7811,1117,2025-08-15,UPI,Completed
7812,260,2025-10-26,Credit Card,Completed
7813,934,2024-09-16,UPI,Returned
7814,575,2023-09-23,Cash on Delivery,Completed
7815,1565,2025-04-24,Debit Card,Completed
7816,1811,2025-05-11,Cash on Delivery,Completed
7817,1883,2025-12-29,UPI,Cancelled
7818,285,2025-07-13,UPI,Completed
7819,484,2023-09-11,UPI,Completed
7820,1955,2023-09-04,UPI,Completed
7821,372,2023-03-30,UPI,Shipped
7822,70,2024-03-09,Net Banking,Completed
7823,379,2025-10-16,Credit Card,Completed
7824,1303,2025-06-09,Credit Card,Completed
7825,1767,2024-07-16,Cash on Delivery,Completed
7826,302,2022-08-17,Cash on Delivery,Processing
7827,255,2024-06-24,Credit Card,Completed
7828,1708,2024-04-10,UPI,Completed
7829,944,2024-08-30,UPI,Shipped
7830,692,2023-06-20,Credit Card,Shipped
7831,1288,2024-04-26,Debit Card,Completed
7832,1719,2023-12-06,Debit Card,Completed
7833,834,2024-07-05,Credit Card,Shipped
7834,717,2023-09-24,Cash on Delivery,Completed
7835,424,2024-12-25,Cash on Delivery,Returned
7836,1785,2023-05-26,Net Banking,Completed
7837,213,2025-05-20,Cash on Delivery,Processing
7838,1695,2025-05-07,UPI,Shipped
7839,1968,2025-04-13,UPI,Completed
7840,100,2025-06-22,UPI,Completed
7841,1853,2025-12-17,Credit Card,Completed
7842,1136,2025-12-09,Credit Card,Shipped
7843,308,2023-07-31,UPI,Completed
7844,678,2022-05-23,Cash on Delivery,Completed
7845,475,2025-11-20,UPI,Completed
7846,1572,2024-04-27,Cash on Delivery,Completed
7847,112,2024-09-25,Credit Card,Completed
7848,1111,2024-12-10,UPI,Completed
7849,183,2024-09-26,UPI,Completed
7850,597,2024-11-17,UPI,Processing
7851,1805,2025-02-25,UPI,Completed
7852,165,2024-12-29,Debit Card,Completed
7853,815,2023-11-10,UPI,Shipped
7854,90,2025-06-15,Cash on Delivery,Cancelled
7855,455,2025-04-16,UPI,Completed
7856,238,2022-12-30,UPI,Completed
7857,534,2024-05-13,Cash on Delivery,Completed
7858,1703,2024-09-26,Credit Card,Completed
7859,727,2023-06-29,Credit Card,Completed
7860,58,2025-11-10,UPI,Completed
7861,542,2025-07-27,UPI,Shipped
7862,1938,2024-06-18,UPI,Completed
7863,1022,2025-03-10,Credit Card,Completed
7864,618,2024-05-24,UPI,Completed
7865,402,2023-05-14,Credit Card,Processing
7866,1006,2024-12-27,Cash on Delivery,Shipped
7867,842,2024-03-12,UPI,Shipped
7868,1703,2024-10-14,Net Banking,Completed
7869,1886,2025-07-15,UPI,Completed
7870,1690,2025-10-03,Cash on Delivery,Completed
7871,839,2024-04-29,Cash on Delivery,Completed
7872,519,2025-04-17,UPI,Completed
7873,197,2023-11-14,Net Banking,Returned
7874,1857,2024-04-25,UPI,Processing
7875,46,2024-04-15,UPI,Completed
7876,530,2023-07-11,Credit Card,Completed
7877,1421,2023-07-15,Net Banking,Completed
7878,1689,2026-01-29,Cash on Delivery,Completed
7879,1000,2025-04-23,UPI,Completed
7880,776,2025-05-05,Credit Card,Completed
7881,74,2022-12-26,UPI,Cancelled
7882,1440,2025-09-12,Credit Card,Shipped
7883,1681,2024-12-25,Credit Card,Completed
7884,1638,2025-12-20,UPI,Completed
7885,335,2024-04-08,Credit Card,Completed
7886,1871,2025-11-07,Cash on Delivery,Completed
7887,633,2022-08-12,Credit Card,Returned
7888,688,2023-05-19,Cash on Delivery,Shipped
7889,575,2024-08-07,UPI,Completed
7890,296,2023-11-16,Net Banking,Completed
7891,1108,2025-01-07,UPI,Completed
7892,1039,2023-11-05,Credit Card,Completed
7893,1891,2024-08-10,Debit Card,Completed
7894,1158,2024-12-05,Cash on Delivery,Completed
7895,478,2024-10-09,UPI,Completed
7896,633,2025-10-19,UPI,Completed
7897,319,2025-07-03,Credit Card,Completed
7898,1416,2025-07-10,UPI,Completed
7899,479,2025-06-11,Credit Card,Completed
7900,1664,2024-01-30,UPI,Completed
7901,368,2024-05-05,UPI,Completed
7902,367,2024-06-11,UPI,Completed
7903,1312,2025-09-14,UPI,Processing
7904,1837,2024-11-01,Cash on Delivery,Completed
7905,378,2025-01-21,Credit Card,Completed
7906,1716,2025-02-02,Credit Card,Completed
7907,463,2024-05-17,UPI,Completed
7908,1618,2024-03-11,UPI,Completed
7909,13,2024-12-12,Credit Card,Processing
7910,536,2024-05-07,UPI,Completed
7911,1192,2025-09-03,Cash on Delivery,Cancelled
7912,270,2025-12-07,Net Banking,Processing
7913,1995,2024-08-11,Cash on Delivery,Processing
7914,1094,2025-04-02,Credit Card,Completed
7915,1342,2025-10-30,Credit Card,Completed
7916,376,2025-09-17,Net Banking,Completed
7917,1113,2024-04-10,Credit Card,Completed
7918,1725,2023-02-18,Credit Card,Completed
7919,257,2024-10-20,Credit Card,Processing
7920,217,2023-03-26,Debit Card,Cancelled
7921,450,2023-10-18,Credit Card,Completed
7922,894,2026-01-09,Debit Card,Completed
7923,1568,2025-04-08,Debit Card,Completed
7924,1165,2025-10-30,Cash on Delivery,Completed
7925,1185,2025-07-02,UPI,Completed
7926,32,2024-08-17,Debit Card,Shipped
7927,1848,2022-12-25,UPI,Shipped
7928,1176,2023-03-28,Cash on Delivery,Cancelled
7929,1883,2022-10-01,UPI,Completed
7930,1284,2024-12-05,UPI,Completed
7931,1752,2025-07-01,Cash on Delivery,Shipped
7932,1303,2025-04-14,Credit Card,Cancelled
7933,1309,2024-04-16,UPI,Processing
7934,610,2025-07-29,UPI,Completed
7935,917,2024-10-05,Net Banking,Cancelled
7936,542,2023-09-16,UPI,Completed
7937,1626,2023-06-04,UPI,Cancelled
7938,148,2025-07-14,Debit Card,Shipped
7939,656,2025-07-21,Credit Card,Completed
7940,67,2023-05-09,Debit Card,Cancelled
7941,1969,2023-10-06,Debit Card,Completed
7942,1893,2024-08-01,Cash on Delivery,Cancelled
7943,570,2024-04-24,Net Banking,Completed
7944,1964,2025-05-14,Debit Card,Shipped
7945,1817,2025-02-02,UPI,Completed
7946,1303,2024-12-30,Credit Card,Completed
7947,748,2025-08-21,Credit Card,Returned
7948,443,2024-06-11,Credit Card,Completed
7949,897,2025-05-15,UPI,Processing
7950,1889,2025-01-10,Credit Card,Shipped
7951,399,2024-01-23,Cash on Delivery,Completed
7952,1152,2024-12-04,UPI,Shipped
7953,1361,2024-02-10,Debit Card,Completed
7954,482,2022-10-12,Credit Card,Completed
7955,1745,2024-07-04,UPI,Completed
7956,948,2024-09-25,Credit Card,Processing
7957,186,2024-07-19,UPI,Shipped
7958,169,2025-08-31,Credit Card,Completed
7959,1708,2024-04-25,Debit Card,Returned
7960,1284,2025-12-17,Debit Card,Completed
7961,1741,2024-05-04,UPI,Completed
7962,1988,2024-09-09,UPI,Shipped
7963,1671,2025-11-08,Debit Card,Completed
7964,1582,2025-10-17,UPI,Shipped
7965,507,2023-05-12,UPI,Completed
7966,521,2023-08-01,Credit Card,Completed
7967,1495,2023-07-28,Debit Card,Completed
7968,161,2022-07-26,Cash on Delivery,Completed
7969,1313,2024-07-19,Net Banking,Completed
7970,340,2024-10-16,UPI,Completed
7971,1924,2024-03-26,UPI,Completed
7972,1857,2025-07-16,Credit Card,Shipped
7973,1526,2025-05-13,Cash on Delivery,Completed
7974,1130,2025-07-26,UPI,Shipped
7975,1826,2024-12-05,UPI,Completed
7976,1499,2024-03-19,UPI,Completed
7977,1877,2023-06-27,Debit Card,Completed
7978,1624,2024-06-21,UPI,Processing
7979,1487,2025-12-31,Net Banking,Completed
7980,1507,2025-10-26,Credit Card,Completed
7981,704,2025-07-21,UPI,Completed
7982,1177,2025-05-10,UPI,Completed
7983,823,2023-04-09,UPI,Cancelled
7984,1673,2025-07-31,Debit Card,Shipped
7985,785,2024-11-29,Debit Card,Completed
7986,1173,2023-05-28,UPI,Completed
7987,1212,2023-08-29,Credit Card,Completed
7988,1677,2024-04-20,Debit Card,Shipped
7989,131,2024-04-27,UPI,Completed
7990,1476,2024-10-23,UPI,Shipped
7991,516,2024-02-20,UPI,Shipped
7992,1515,2025-04-07,UPI,Completed
7993,1500,2023-07-08,Credit Card,Completed
7994,1287,2025-09-05,UPI,Completed
7995,1562,2025-09-12,Credit Card,Completed
7996,1483,2024-01-31,Net Banking,Completed
7997,536,2024-10-14,UPI,Completed
7998,1802,2025-07-07,UPI,Processing
7999,741,2024-02-29,Debit Card,Shipped
8000,781,2025-10-24,UPI,Returned
8001,1661,2023-09-13,UPI,Completed
8002,1708,2024-10-14,Credit Card,Completed
8003,1770,2023-08-25,Net Banking,Completed
8004,1319,2024-10-14,UPI,Processing
8005,1939,2024-03-07,Net Banking,Completed
8006,1459,2024-07-07,Debit Card,Completed
8007,1299,2025-09-21,Debit Card,Completed
8008,588,2024-04-04,Debit Card,Completed
8009,1332,2024-09-27,UPI,Completed
8010,726,2024-01-15,UPI,Completed
8011,943,2024-08-23,UPI,Completed
8012,997,2023-03-19,UPI,Completed
8013,376,2023-05-18,Net Banking,Completed
8014,1182,2024-04-03,Credit Card,Completed
8015,1838,2025-07-20,Credit Card,Completed
8016,204,2022-04-27,Debit Card,Completed
8017,989,2024-09-28,Net Banking,Shipped
8018,661,2024-08-18,Net Banking,Completed
8019,75,2024-08-17,Debit Card,Processing
8020,1404,2025-01-01,UPI,Completed
8021,741,2023-12-18,UPI,Completed
8022,304,2025-06-12,UPI,Completed
8023,1086,2023-06-26,UPI,Shipped
8024,570,2024-05-23,UPI,Completed
8025,786,2024-01-26,Net Banking,Completed
8026,1132,2024-11-03,Net Banking,Completed
8027,1211,2025-02-03,Debit Card,Completed
8028,987,2025-05-21,,Completed
8029,229,2024-12-28,Credit Card,Completed
8030,1072,2023-04-28,UPI,Shipped
8031,1855,2024-03-03,Cash on Delivery,Completed
8032,268,2024-07-25,UPI,Shipped
8033,727,2025-08-18,Debit Card,Completed
8034,802,2024-08-29,UPI,Completed
8035,254,2025-04-03,Cash on Delivery,Returned
8036,957,2024-02-14,Credit Card,Shipped
8037,870,2025-12-14,Credit Card,Completed
8038,87,2024-06-05,UPI,Completed
8039,1205,2024-04-21,UPI,Cancelled
8040,1049,2025-10-06,Credit Card,Cancelled
8041,1982,2023-06-02,UPI,Shipped
8042,1412,2024-10-08,Cash on Delivery,Shipped
8043,222,2023-10-24,Cash on Delivery,Completed
8044,990,2025-10-19,Credit Card,Returned
8045,397,2023-07-10,UPI,Completed
8046,938,2025-06-08,Cash on Delivery,Completed
8047,511,2024-06-25,UPI,Returned
8048,561,2025-07-23,UPI,Completed
8049,846,2024-08-16,UPI,Completed
8050,440,2024-03-10,UPI,Completed
8051,1199,2024-09-03,Credit Card,Processing
8052,1928,2024-03-09,UPI,Completed
8053,311,2024-10-17,Debit Card,Completed
8054,1298,2023-09-11,Credit Card,Completed
8055,35,2024-11-27,Credit Card,Completed
8056,217,2023-08-31,UPI,Processing
8057,721,2025-02-03,Cash on Delivery,Completed
8058,1696,2025-01-26,Debit Card,Completed
8059,1016,2024-03-10,UPI,Completed
8060,1432,2024-10-20,Credit Card,Completed
8061,519,2023-08-31,UPI,Completed
8062,269,2023-12-11,UPI,Completed
8063,638,2024-12-30,Net Banking,Completed
8064,475,2024-06-11,,Completed
8065,1904,2024-06-17,Debit Card,Cancelled
8066,1349,2025-09-04,UPI,Completed
8067,1380,2022-09-26,Net Banking,Completed
8068,90,2024-12-03,UPI,Completed
8069,1066,2025-07-03,UPI,Completed
8070,1389,2025-09-21,Credit Card,Cancelled
8071,1695,2025-09-15,Credit Card,Completed
8072,1226,2023-06-23,Credit Card,Completed
8073,1390,2025-06-24,Credit Card,Returned
8074,1818,2023-11-29,UPI,Completed
8075,982,2024-03-17,UPI,Completed
8076,1868,2025-08-28,Credit Card,Completed
8077,288,2024-09-14,Debit Card,Completed
8078,1627,2026-01-21,UPI,Completed
8079,481,2024-11-05,Debit Card,Cancelled
8080,637,2022-03-30,Net Banking,Completed
8081,501,2023-12-25,Debit Card,Shipped
8082,1662,2024-10-15,UPI,Returned
8083,52,2023-05-27,Credit Card,Completed
8084,1940,2023-05-24,UPI,Shipped
8085,103,2026-01-07,UPI,Cancelled
8086,1385,2022-10-11,Credit Card,Completed
8087,1448,2024-03-30,UPI,Completed
8088,699,2025-08-27,UPI,Cancelled
8089,1229,2025-07-19,UPI,Completed
8090,1038,2024-12-29,UPI,Completed
8091,1964,2025-05-16,UPI,Completed
8092,1640,2026-01-06,UPI,Shipped
8093,1653,2025-09-18,UPI,Cancelled
8094,470,2023-05-01,UPI,Completed
8095,1490,2023-04-15,Cash on Delivery,Completed
8096,1328,2022-11-22,Debit Card,Completed
8097,1629,2025-07-20,Credit Card,Shipped
8098,427,2024-03-22,Cash on Delivery,Completed
8099,1680,2023-05-07,UPI,Completed
8100,110,2023-02-17,Credit Card,Completed
8101,1699,2025-07-13,UPI,Shipped
8102,1589,2024-10-15,Cash on Delivery,Completed
8103,1954,2023-04-06,UPI,Completed
8104,515,2025-03-26,UPI,Shipped
8105,68,2025-08-25,UPI,Completed
8106,1270,2024-01-30,Cash on Delivery,Completed
8107,389,2023-08-18,UPI,Completed
8108,1674,2025-03-30,UPI,Completed
8109,308,2023-12-24,UPI,Completed
8110,1949,2026-01-18,Cash on Delivery,Completed
8111,1376,2025-01-07,UPI,Completed
8112,1823,2025-10-24,Credit Card,Completed
8113,1090,2024-09-08,UPI,Completed
8114,460,2024-09-11,Credit Card,Completed
8115,347,2024-12-11,UPI,Completed
8116,325,2024-12-12,UPI,Shipped
8117,1957,2025-11-23,Cash on Delivery,Completed
8118,667,2024-11-06,Debit Card,Completed
8119,1623,2025-03-07,Net Banking,Completed
8120,1057,2023-10-18,Debit Card,Cancelled
8121,68,2025-11-16,Credit Card,Completed
8122,187,2025-04-19,Debit Card,Completed
8123,192,2024-11-05,Debit Card,Completed
8124,1237,2024-04-21,UPI,Completed
8125,1624,2024-10-30,UPI,Completed
8126,428,2022-09-26,UPI,Returned
8127,1375,2024-06-20,UPI,Cancelled
8128,1132,2024-04-17,UPI,Completed
8129,1264,2025-06-09,Net Banking,Completed
8130,216,2024-08-03,Cash on Delivery,Shipped
8131,177,2024-10-17,Credit Card,Completed
8132,1589,2025-05-19,UPI,Returned
8133,1354,2025-01-12,UPI,Shipped
8134,561,2023-04-30,Credit Card,Completed
8135,881,2024-02-01,Credit Card,Completed
8136,626,2025-09-13,Debit Card,Shipped
8137,1474,2025-09-04,Net Banking,Processing
8138,607,2025-10-19,UPI,Processing
8139,1471,2024-04-13,UPI,Returned
8140,1561,2025-08-18,UPI,Completed
8141,1668,2025-12-01,UPI,Completed
8142,179,2024-07-04,UPI,Shipped
8143,395,2024-03-20,Cash on Delivery,Completed
8144,1169,2022-04-27,Net Banking,Returned
8145,876,2025-04-13,Net Banking,Shipped
8146,962,2024-05-15,Cash on Delivery,Returned
8147,198,2025-09-24,Net Banking,Completed
8148,969,2024-08-27,Cash on Delivery,Completed
8149,1861,2025-01-11,Debit Card,Completed
8150,1108,2024-07-23,UPI,Completed
8151,669,2025-04-18,UPI,Shipped
8152,1109,2025-03-06,UPI,Completed
8153,457,2023-02-04,UPI,Shipped
8154,1500,2023-11-03,Cash on Delivery,Completed
8155,1277,2025-08-17,Credit Card,Processing
8156,1911,2025-09-22,UPI,Shipped
8157,72,2024-08-16,UPI,Returned
8158,223,2024-04-03,UPI,Completed
8159,276,2024-02-04,UPI,Completed
8160,1819,2024-11-25,UPI,Processing
8161,1800,2026-01-24,UPI,Completed
8162,1270,2025-02-03,UPI,Completed
8163,1365,2025-01-19,Credit Card,Cancelled
8164,573,2022-05-06,UPI,Completed
8165,924,2024-05-07,Debit Card,Completed
8166,471,2024-10-25,UPI,Completed
8167,454,2023-11-27,UPI,Completed
8168,99999,2024-08-25,Credit Card,Shipped
8169,1989,2025-01-26,UPI,Completed
8170,969,2023-04-22,UPI,Shipped
8171,7,2025-04-13,Net Banking,Completed
8172,188,2024-12-18,Credit Card,Processing
8173,4,2024-06-14,Credit Card,Completed
8174,1767,2025-12-03,Cash on Delivery,Shipped
8175,1669,2025-09-02,Net Banking,Cancelled
8176,907,2025-02-02,UPI,Shipped
8177,1149,2025-10-22,Cash on Delivery,Completed
8178,1039,2023-11-26,Cash on Delivery,Completed
8179,960,2024-06-19,UPI,Completed
8180,525,2025-11-09,Debit Card,Completed
8181,630,2024-09-17,UPI,Completed
8182,1264,2025-06-23,Credit Card,Processing
8183,775,2025-07-24,Debit Card,Returned
8184,360,2025-11-09,UPI,Completed
8185,518,2024-10-06,Cash on Delivery,Completed
8186,1976,2024-09-21,Cash on Delivery,Cancelled
8187,1344,2024-02-07,Net Banking,Completed
8188,1255,2024-10-20,UPI,Completed
8189,1970,2024-09-23,UPI,Shipped
8190,1054,2025-07-05,Cash on Delivery,Completed
8191,1558,2023-06-11,UPI,Returned
8192,921,2025-06-14,Credit Card,Shipped
8193,1180,2024-11-24,Cash on Delivery,Completed
8194,1654,2025-01-02,UPI,Completed
8195,852,2026-01-12,UPI,Cancelled
8196,935,2024-12-06,UPI,Shipped
8197,1987,2023-05-31,UPI,Completed
8198,901,2025-04-21,Credit Card,Completed
8199,1729,2025-06-03,UPI,Completed
8200,399,2024-08-08,UPI,Returned
8201,1370,2023-05-15,Cash on Delivery,Completed
8202,1219,2025-04-06,UPI,Completed
8203,168,2025-04-27,Credit Card,Returned
8204,377,2025-11-05,UPI,Completed
8205,1513,2025-06-01,Credit Card,Completed
8206,1775,2023-05-29,Net Banking,Returned
8207,1386,2024-11-10,Credit Card,Completed
8208,1506,2024-03-30,Credit Card,Returned
8209,1268,2023-07-30,UPI,Completed
8210,1605,2025-08-03,UPI,Completed
8211,607,2025-12-22,Cash on Delivery,Completed
8212,1011,2024-05-23,Cash on Delivery,Returned
8213,589,2025-05-04,Credit Card,Completed
8214,1195,2024-07-30,Cash on Delivery,Completed
8215,1537,2025-01-17,UPI,Completed
8216,1430,2024-02-28,Credit Card,Completed
8217,1598,2025-11-04,UPI,Shipped
8218,1231,2023-06-24,Credit Card,Completed
8219,1178,2024-04-13,UPI,Processing
8220,1810,2023-05-18,Net Banking,Processing
8221,48,2024-08-03,Debit Card,Completed
8222,1673,2024-02-01,UPI,Completed
8223,1025,2025-12-07,Credit Card,Completed
8224,1771,2022-09-19,Debit Card,Returned
8225,1929,2025-04-06,UPI,Completed
8226,1792,2025-04-22,UPI,Completed
8227,1431,2025-12-01,UPI,Shipped
8228,1131,2024-10-24,UPI,Cancelled
8229,173,2023-05-19,Credit Card,Completed
8230,506,2023-05-07,UPI,Cancelled
8231,1154,2025-05-27,Credit Card,Completed
8232,398,2022-12-06,Credit Card,Completed
8233,294,2025-03-28,Net Banking,Completed
8234,552,2025-11-26,Debit Card,Shipped
8235,1471,2025-06-17,Credit Card,Completed
8236,850,2024-10-30,UPI,Completed
8237,1040,2025-09-27,UPI,Completed
8238,1663,2024-09-25,UPI,Completed
8239,885,2024-11-01,Debit Card,Completed
8240,1373,2024-06-18,UPI,Completed
8241,1004,2023-11-12,UPI,Completed
8242,1227,2025-03-30,Cash on Delivery,Completed
8243,134,2024-03-25,Credit Card,Completed
8244,771,2025-10-01,Cash on Delivery,Completed
8245,1550,2023-10-01,Cash on Delivery,Completed
8246,508,2024-08-14,UPI,Completed
8247,1090,2024-07-10,Net Banking,Completed
8248,480,2023-03-17,UPI,Processing
8249,863,2024-10-17,Net Banking,Completed
8250,459,2024-06-12,Credit Card,Completed
8251,1366,2024-12-20,Debit Card,Shipped
8252,1731,2024-10-20,Debit Card,Completed
8253,626,2024-08-09,Credit Card,Shipped
8254,159,2024-06-22,Credit Card,Completed
8255,161,2022-12-10,Net Banking,Completed
8256,1278,2024-02-08,Net Banking,Completed
8257,1921,2023-11-28,Credit Card,Returned
8258,940,2024-10-01,Credit Card,Completed
8259,1551,2024-04-02,UPI,Cancelled
8260,1573,2025-04-01,Cash on Delivery,Completed
8261,155,2025-12-31,Credit Card,Returned
8262,486,2025-02-22,Cash on Delivery,Completed
8263,432,2025-02-01,Credit Card,Shipped
8264,1051,2023-10-09,UPI,Shipped
8265,1004,2025-08-07,UPI,Processing
8266,1036,2024-12-31,UPI,Completed
8267,67,2024-02-19,Credit Card,Shipped
8268,542,2025-11-19,UPI,Completed
8269,96,2024-02-06,Credit Card,Completed
8270,215,2024-05-17,UPI,Processing
8271,194,2025-12-14,UPI,Completed
8272,1671,2025-06-07,UPI,Completed
8273,1314,2024-10-13,UPI,Shipped
8274,1568,2025-09-10,UPI,Completed
8275,885,2025-06-08,Debit Card,Completed
8276,39,2024-11-12,UPI,Completed
8277,1888,2025-03-18,UPI,Shipped
8278,939,2023-05-10,Net Banking,Completed
8279,939,2024-01-23,UPI,Completed
8280,206,2024-09-21,Cash on Delivery,Processing
8281,1923,2023-05-31,Net Banking,Completed
8282,942,2025-04-17,Credit Card,Completed
8283,1952,2024-02-22,Credit Card,Completed
8284,555,2023-11-15,UPI,Processing
8285,484,2025-09-14,UPI,Shipped
8286,1361,2025-01-01,Credit Card,Completed
8287,1520,2025-08-14,UPI,Completed
8288,771,2025-11-03,UPI,Shipped
8289,249,2025-12-09,Cash on Delivery,Completed
8290,1098,2025-09-23,UPI,Cancelled
8291,373,2023-08-12,Debit Card,Completed
8292,1855,2025-12-29,Credit Card,Completed
8293,879,2022-08-07,UPI,Completed
8294,1832,2025-11-28,UPI,Completed
8295,1810,2024-04-03,UPI,Completed
8296,835,2023-10-31,Debit Card,Returned
8297,871,2024-02-25,UPI,Completed
8298,702,2025-06-02,Debit Card,Shipped
8299,138,2023-03-14,Debit Card,Completed
8300,948,2025-03-19,Cash on Delivery,Completed
8301,457,2025-11-01,UPI,Cancelled
8302,814,2024-05-27,Credit Card,Completed
8303,823,2024-01-23,UPI,Completed
8304,942,2023-05-19,UPI,Completed
8305,1867,2024-07-08,UPI,Cancelled
8306,444,2023-11-02,Debit Card,Returned
8307,353,2023-11-24,Net Banking,Completed
8308,996,2022-05-10,UPI,Shipped
8309,794,2024-05-30,Credit Card,Completed
8310,411,2025-02-09,UPI,Shipped
8311,678,2024-06-17,Debit Card,Returned
8312,1814,2023-12-21,UPI,Completed
8313,1562,2024-04-12,Credit Card,Shipped
8314,453,2024-03-20,Credit Card,Completed
8315,419,2025-02-24,Debit Card,Shipped
8316,450,2024-05-05,UPI,Completed
8317,995,2025-05-05,Credit Card,Shipped
8318,1609,2024-03-29,UPI,Completed
8319,1139,2023-11-21,UPI,Completed
8320,51,2025-11-07,UPI,Shipped
8321,1393,2024-04-04,Cash on Delivery,Completed
8322,1938,2025-11-11,Cash on Delivery,Completed
8323,1707,2025-11-15,UPI,Completed
8324,1804,2024-12-14,Debit Card,Completed
8325,1539,2024-06-05,Credit Card,Shipped
8326,210,2023-04-29,Net Banking,Processing
8327,888,2025-12-25,Cash on Delivery,Completed
8328,998,2024-10-13,Credit Card,Shipped
8329,1927,2025-11-27,UPI,Completed
8330,99999,2025-06-16,Credit Card,Completed
8331,1926,2024-07-04,Debit Card,Completed
8332,850,2024-05-26,Net Banking,Returned
8333,1837,2024-05-15,UPI,Completed
8334,1919,2025-01-09,Debit Card,Completed
8335,1878,2025-07-03,Debit Card,Shipped
8336,627,2024-09-28,UPI,Completed
8337,679,2025-10-26,Credit Card,Processing
8338,1459,2025-03-28,UPI,Returned
8339,99999,2025-02-25,Debit Card,Completed
8340,1251,2023-10-13,Credit Card,Shipped
8341,663,2025-07-18,Net Banking,Returned
8342,268,2024-09-21,,Completed
8343,116,2023-03-10,UPI,Shipped
8344,1624,2023-06-30,UPI,Completed
8345,1854,2025-09-18,Debit Card,Completed
8346,754,2023-06-29,Debit Card,Shipped
8347,1384,2023-10-23,Cash on Delivery,Returned
8348,1353,2024-02-18,UPI,Completed
8349,1869,2025-05-04,Cash on Delivery,Completed
8350,1064,2025-06-27,Credit Card,Cancelled
8351,182,2025-04-24,UPI,Completed
8352,1514,2025-11-25,UPI,Shipped
8353,1233,2025-08-23,Cash on Delivery,Completed
8354,903,2024-05-10,Credit Card,Completed
8355,1297,2024-06-14,Net Banking,Completed
8356,1143,2024-07-07,Debit Card,Completed
8357,1406,2024-10-27,UPI,Completed
8358,946,2024-09-11,Credit Card,Completed
8359,1560,2025-05-10,UPI,Completed
8360,258,2024-01-02,Credit Card,Completed
8361,1507,2023-10-25,UPI,Completed
8362,509,2022-07-01,Credit Card,Returned
8363,92,2025-04-22,Credit Card,Completed
8364,1185,2025-05-09,UPI,Completed
8365,149,2024-09-28,UPI,Completed
8366,117,2024-11-12,UPI,Completed
8367,458,2022-11-16,Net Banking,Shipped
8368,565,2025-01-11,UPI,Completed
8369,814,2025-12-23,Debit Card,Shipped
8370,45,2023-03-22,UPI,Completed
8371,1801,2025-09-28,UPI,Completed
8372,774,2024-01-16,Credit Card,Completed
8373,1843,2025-05-17,Debit Card,Shipped
8374,234,2023-03-14,Credit Card,Completed
8375,1399,2024-03-18,Credit Card,Shipped
8376,1571,2025-04-20,Debit Card,Completed
8377,1874,2025-03-20,UPI,Completed
8378,1973,2024-01-26,UPI,Processing
8379,1939,2024-05-05,UPI,Completed
8380,197,2025-06-29,UPI,Shipped
8381,25,2025-08-30,Net Banking,Completed
8382,395,2024-10-07,Credit Card,Cancelled
8383,714,2025-08-08,Credit Card,Returned
8384,1809,2024-07-20,Cash on Delivery,Completed
8385,1060,2024-01-15,Cash on Delivery,Completed
8386,1498,2024-10-22,UPI,Processing
8387,223,2025-04-21,Cash on Delivery,Completed
8388,864,2025-01-22,UPI,Processing
8389,1813,2025-09-01,Cash on Delivery,Completed
8390,530,2024-05-19,UPI,Completed
8391,1212,2024-04-29,Credit Card,Cancelled
8392,1426,2024-11-29,UPI,Shipped
8393,257,2024-05-05,Net Banking,Completed
8394,654,2024-09-16,UPI,Cancelled
8395,1160,2025-01-27,Credit Card,Cancelled
8396,1986,2025-04-06,Credit Card,Completed
8397,1843,2024-12-28,Credit Card,Completed
8398,591,2024-09-12,Debit Card,Completed
8399,444,2023-04-14,Debit Card,Shipped
8400,418,2023-09-28,Debit Card,Completed
8401,1316,2024-10-01,UPI,Completed
8402,574,2023-01-19,UPI,Completed
8403,129,2023-05-07,UPI,Completed
8404,1011,2023-10-14,Net Banking,Completed
8405,341,2023-04-27,UPI,Completed
8406,810,2024-10-31,UPI,Shipped
8407,1281,2022-10-22,Credit Card,Completed
8408,992,2023-09-18,UPI,Completed
8409,1748,2024-10-10,UPI,Completed
8410,1590,2025-08-09,Debit Card,Completed
8411,1711,2023-08-23,UPI,Completed
8412,100,2025-07-17,Credit Card,Completed
8413,39,2022-07-29,UPI,Completed
8414,1950,2025-09-28,UPI,Shipped
8415,263,2025-12-31,Net Banking,Completed
8416,150,2024-09-01,UPI,Completed
8417,1657,2024-08-05,UPI,Shipped
8418,690,2025-05-24,Cash on Delivery,Completed
8419,813,2024-06-19,UPI,Returned
8420,1354,2025-06-13,UPI,Processing
8421,1144,2023-10-03,UPI,Completed
8422,1608,2022-05-19,Credit Card,Shipped
8423,219,2023-11-10,UPI,Completed
8424,906,2025-12-14,Credit Card,Completed
8425,1934,2024-12-13,UPI,Cancelled
8426,1838,2025-08-31,UPI,Completed
8427,1147,2025-08-07,Credit Card,Completed
8428,244,2022-08-07,UPI,Returned
8429,886,2024-02-28,UPI,Completed
8430,587,2023-07-12,Credit Card,Completed
8431,518,2022-12-24,Net Banking,Completed
8432,1045,2023-10-29,UPI,Completed
8433,190,2023-11-21,Credit Card,Completed
8434,1249,2025-03-12,UPI,Shipped
8435,915,2022-08-26,Cash on Delivery,Returned
8436,615,2025-04-14,Cash on Delivery,Completed
8437,856,2025-06-01,Cash on Delivery,Completed
8438,466,2024-05-25,UPI,Processing
8439,99,2023-08-19,UPI,Completed
8440,830,2025-02-08,Credit Card,Completed
8441,1387,2024-11-08,UPI,Completed
8442,997,2024-12-25,Debit Card,Completed
8443,1107,2022-11-08,UPI,Completed
8444,99999,2025-12-08,Credit Card,Completed
8445,1688,2025-10-10,Net Banking,Completed
8446,56,2025-06-06,UPI,Completed
8447,1726,2024-02-03,Debit Card,Completed
8448,1954,2024-06-08,UPI,Completed
8449,1046,2025-08-11,UPI,Completed
8450,580,2025-01-13,UPI,Completed
8451,185,2025-05-30,UPI,Processing
8452,522,2025-08-24,UPI,Shipped
8453,1602,2022-12-31,Credit Card,Shipped
8454,264,2025-12-21,Debit Card,Completed
8455,1249,2025-04-20,UPI,Completed
8456,1659,2025-06-16,Cash on Delivery,Completed
8457,1062,2024-11-18,Cash on Delivery,Completed
8458,1003,2025-03-05,Debit Card,Cancelled
8459,123,2025-06-10,UPI,Completed
8460,1854,2024-09-29,UPI,Shipped
8461,1180,2025-08-09,Debit Card,Completed
8462,1930,2023-08-11,Cash on Delivery,Processing
8463,301,2023-02-16,UPI,Completed
8464,833,2024-11-16,Debit Card,Processing
8465,1091,2024-09-15,UPI,Completed
8466,1929,2025-11-27,Debit Card,Completed
8467,645,2023-10-15,UPI,Returned
8468,874,2025-05-08,Credit Card,Completed
8469,394,2026-01-13,Credit Card,Shipped
8470,1676,2025-04-10,UPI,Completed
8471,1618,2025-11-08,UPI,Completed
8472,1594,2023-11-03,Net Banking,Completed
8473,661,2024-09-15,Credit Card,Completed
8474,1429,2024-04-30,Credit Card,Completed
8475,1473,2024-04-14,Credit Card,Completed
8476,1155,2024-08-19,Cash on Delivery,Shipped
8477,69,2025-09-08,UPI,Completed
8478,1369,2026-01-27,Cash on Delivery,Returned
8479,762,2024-12-04,UPI,Completed
8480,320,2024-03-28,UPI,Completed
8481,177,2023-06-21,Credit Card,Completed
8482,584,2025-01-01,Net Banking,Cancelled
8483,1553,2025-09-05,UPI,Completed
8484,1865,2025-04-06,UPI,Completed
8485,1184,2024-11-08,Credit Card,Completed
8486,582,2024-05-04,UPI,Cancelled
8487,1649,2023-11-29,Net Banking,Completed
8488,1768,2022-12-16,Credit Card,Completed
8489,1557,2025-11-24,Cash on Delivery,Completed
8490,1159,2023-07-08,UPI,Completed
8491,1799,2023-11-05,UPI,Completed
8492,111,2024-01-13,Credit Card,Completed
8493,999,2025-09-14,UPI,Completed
8494,758,2025-07-13,Debit Card,Shipped
8495,283,2024-11-13,UPI,Returned
8496,1544,2023-07-30,Credit Card,Completed
8497,1993,2024-07-12,Cash on Delivery,Completed
8498,1820,2024-12-31,Debit Card,Completed
8499,1743,2023-01-24,UPI,Processing
8500,194,2024-07-15,Cash on Delivery,Completed
8501,967,2024-03-08,Credit Card,Cancelled
8502,1071,2023-07-11,Debit Card,Completed
8503,978,2024-11-07,UPI,Completed
8504,342,2025-09-07,Credit Card,Completed
8505,1266,2024-11-30,Cash on Delivery,Returned
8506,522,2025-12-29,UPI,Returned
8507,1394,2025-02-28,,Returned
8508,801,2025-02-02,UPI,Shipped
8509,903,2025-02-15,UPI,Completed
8510,131,2024-04-30,Debit Card,Completed
8511,1294,2025-02-23,UPI,Completed
8512,1964,2024-11-14,UPI,Shipped
8513,814,2023-12-27,Cash on Delivery,Completed
8514,61,2025-10-07,Credit Card,Completed
8515,164,2023-02-24,UPI,Completed
8516,1549,2025-09-29,Credit Card,Shipped
8517,272,2024-05-07,UPI,Returned
8518,1744,2024-05-27,UPI,Shipped
8519,1782,2024-02-25,Credit Card,Processing
8520,133,2024-08-18,Debit Card,Completed
8521,1268,2024-04-09,Cash on Delivery,Completed
8522,1830,2024-04-02,Debit Card,Returned
8523,998,2026-01-21,Net Banking,Completed
8524,1458,2023-08-18,Net Banking,Completed
8525,38,2024-01-24,Debit Card,Completed
8526,1895,2022-09-26,Cash on Delivery,Completed
8527,1592,2025-03-12,Debit Card,Completed
8528,1343,2024-05-01,UPI,Completed
8529,1534,2023-12-21,UPI,Returned
8530,1400,2024-09-21,UPI,Cancelled
8531,1584,2024-03-24,Net Banking,Completed
8532,617,2025-08-02,Debit Card,Shipped
8533,474,2024-06-12,Debit Card,Processing
8534,59,2025-04-05,UPI,Completed
8535,589,2025-02-10,Credit Card,Completed
8536,1964,2025-10-07,UPI,Completed
8537,499,2023-06-23,Cash on Delivery,Processing
8538,1242,2023-08-01,Cash on Delivery,Completed
8539,1919,2026-01-21,Debit Card,Shipped
8540,567,2024-11-13,UPI,Shipped
8541,567,2025-02-11,UPI,Completed
8542,1153,2025-04-08,UPI,Completed
8543,904,2024-02-03,UPI,Completed
8544,383,2026-01-11,Cash on Delivery,Completed
8545,1412,2025-08-30,,Completed
8546,85,2024-08-24,Credit Card,Completed
8547,1534,2024-06-19,Credit Card,Shipped
8548,1750,2024-02-12,UPI,Completed
8549,627,2025-03-15,UPI,Completed
8550,1461,2023-03-19,Net Banking,Completed
8551,826,2024-08-16,UPI,Completed
8552,293,2024-03-15,Debit Card,Shipped
8553,1073,2024-11-06,UPI,Completed
8554,1091,2024-03-18,Cash on Delivery,Completed
8555,787,2024-04-03,UPI,Shipped
8556,129,2023-10-05,Debit Card,Completed
8557,29,2024-07-15,Credit Card,Completed
8558,1367,2024-06-23,UPI,Shipped
8559,1569,2024-10-10,UPI,Completed
8560,1143,2025-11-11,Net Banking,Completed
8561,692,2023-02-26,UPI,Completed
8562,1961,2023-01-11,Debit Card,Completed
8563,1687,2025-03-09,Credit Card,Shipped
8564,133,2022-12-02,UPI,Shipped
8565,1351,2024-07-17,UPI,Cancelled
8566,1209,2024-08-29,UPI,Completed
8567,1530,2023-05-20,Credit Card,Cancelled
8568,646,2022-09-19,Credit Card,Completed
8569,689,2024-12-01,Cash on Delivery,Completed
8570,534,2023-09-30,Credit Card,Cancelled
8571,1265,2023-01-19,Cash on Delivery,Completed
8572,1613,2024-07-06,UPI,Completed
8573,1740,2025-05-30,Debit Card,Completed
8574,516,2023-12-21,UPI,Shipped
8575,1864,2025-04-23,UPI,Completed
8576,960,2024-08-17,Debit Card,Completed
8577,165,2024-06-25,Debit Card,Returned
8578,927,2023-10-20,UPI,Completed
8579,933,2023-12-17,Debit Card,Completed
8580,1664,2025-11-30,Credit Card,Cancelled
8581,557,2024-09-11,Cash on Delivery,Completed
8582,1242,2025-05-15,UPI,Completed
8583,1771,2023-07-22,UPI,Completed
8584,1672,2023-05-03,Debit Card,Completed
8585,680,2024-12-25,Credit Card,Returned
8586,993,2024-05-05,Credit Card,Completed
8587,1773,2025-05-06,Credit Card,Shipped
8588,1629,2023-10-16,Net Banking,Completed
8589,1029,2024-01-04,Credit Card,Completed
8590,1692,2024-11-09,Credit Card,Completed
8591,757,2025-02-21,Debit Card,Completed
8592,1896,2022-11-19,Cash on Delivery,Completed
8593,1105,2024-11-13,UPI,Completed
8594,1271,2024-07-05,Credit Card,Processing
8595,855,2025-12-19,Credit Card,Completed
8596,493,2025-12-23,UPI,Completed
8597,649,2023-08-15,Credit Card,Completed
8598,1410,2024-06-14,UPI,Completed
8599,1599,2024-01-01,UPI,Completed
8600,992,2023-12-02,Cash on Delivery,Completed
8601,1331,2025-03-05,UPI,Completed
8602,628,2025-06-01,Credit Card,Shipped
8603,625,2025-08-29,UPI,Shipped
8604,543,2024-01-12,Credit Card,Completed
8605,7,2024-09-26,UPI,Completed
8606,1950,2025-05-13,Credit Card,Completed
8607,954,2024-09-01,Cash on Delivery,Cancelled
8608,515,2023-06-27,UPI,Completed
8609,1843,2023-05-01,UPI,Shipped
8610,755,2025-05-28,Credit Card,Completed
8611,1592,2024-10-31,UPI,Completed
8612,73,2023-10-12,UPI,Cancelled
8613,10,2024-05-18,UPI,Returned
8614,1597,2024-04-01,Credit Card,Completed
8615,562,2024-08-04,Cash on Delivery,Shipped
8616,122,2025-10-30,Credit Card,Completed
8617,687,2024-05-06,Credit Card,Completed
8618,513,2022-08-28,UPI,Shipped
8619,990,2024-10-07,Cash on Delivery,Returned
8620,441,2023-03-22,UPI,Completed
8621,1062,2025-07-11,Net Banking,Cancelled
8622,702,2024-08-26,UPI,Completed
8623,591,2024-04-30,Net Banking,Completed
8624,1369,2025-02-03,Credit Card,Completed
8625,1990,2023-04-23,UPI,Completed
8626,1362,2025-03-23,Net Banking,Completed
8627,1985,2025-08-05,UPI,Completed
8628,1726,2026-01-08,Debit Card,Shipped
8629,1208,2025-01-27,Cash on Delivery,Processing
8630,67,2022-06-17,UPI,Completed
8631,17,2024-08-29,UPI,Completed
8632,1407,2023-12-29,Credit Card,Completed
8633,368,2024-08-18,Debit Card,Completed
8634,904,2024-08-14,Cash on Delivery,Completed
8635,1340,2023-04-05,Debit Card,Completed
8636,1521,2024-08-08,UPI,Cancelled
8637,1832,2024-07-22,Cash on Delivery,Completed
8638,721,2024-08-27,Net Banking,Cancelled
8639,1369,2025-11-02,UPI,Processing
8640,958,2024-06-20,UPI,Completed
8641,1577,2025-04-18,UPI,Shipped
8642,908,2025-06-19,Cash on Delivery,Completed
8643,989,2025-03-06,UPI,Cancelled
8644,473,2024-11-03,Cash on Delivery,Completed
8645,115,2023-06-02,Net Banking,Completed
8646,100,2024-12-15,UPI,Completed
8647,1909,2023-07-09,Credit Card,Completed
8648,438,2025-01-13,UPI,Completed
8649,1369,2024-05-22,UPI,Completed
8650,349,2026-01-19,Credit Card,Completed
8651,99999,2025-01-11,Debit Card,Completed
8652,828,2023-12-07,Credit Card,Completed
8653,324,2025-01-17,Net Banking,Completed
8654,846,2024-12-10,UPI,Completed
8655,1326,2024-11-21,Credit Card,Completed
8656,294,2025-04-17,Cash on Delivery,Shipped
8657,1981,2024-09-20,UPI,Completed
8658,1553,2025-10-19,Credit Card,Completed
8659,1858,2023-03-06,Debit Card,Completed
8660,968,2025-10-29,Cash on Delivery,Cancelled
8661,1316,2024-11-27,UPI,Processing
8662,74,2025-07-22,Credit Card,Completed
8663,1799,2024-05-26,Net Banking,Completed
8664,484,2025-09-14,UPI,Completed
8665,16,2025-08-01,Credit Card,Completed
8666,1550,2025-05-07,Credit Card,Completed
8667,1360,2024-06-19,UPI,Processing
8668,793,2024-08-16,Credit Card,Completed
8669,1897,2024-07-27,UPI,Completed
8670,516,2024-07-28,Cash on Delivery,Cancelled
8671,925,2025-03-29,Cash on Delivery,Completed
8672,1151,2025-09-28,UPI,Cancelled
8673,824,2026-01-27,UPI,Cancelled
8674,518,2022-10-06,Debit Card,Completed
8675,129,2024-11-20,UPI,Completed
8676,511,2024-11-20,Credit Card,Shipped
8677,423,2024-10-31,,Cancelled
8678,385,2023-12-03,UPI,Shipped
8679,1907,2024-08-22,UPI,Completed
8680,232,2025-01-18,UPI,Processing
8681,959,2024-11-20,Credit Card,Returned
8682,825,2023-04-04,Debit Card,Completed
8683,1219,2025-07-25,Credit Card,Shipped
8684,65,2025-05-18,Credit Card,Completed
8685,833,2025-11-20,Credit Card,Completed
8686,615,2024-07-20,UPI,Completed
8687,1301,2023-09-13,UPI,Completed
8688,1694,2025-02-20,UPI,Shipped
8689,1248,2024-12-04,Debit Card,Completed
8690,801,2022-12-29,Debit Card,Completed
8691,1968,2025-06-04,Credit Card,Completed
8692,278,2022-08-07,Credit Card,Completed
8693,1718,2024-05-03,UPI,Shipped
8694,366,2025-12-08,Cash on Delivery,Completed
8695,516,2025-03-18,Cash on Delivery,Completed
8696,1239,2024-06-26,UPI,Cancelled
8697,439,2025-12-05,Credit Card,Completed
8698,428,2023-12-26,Credit Card,Completed
8699,729,2025-11-25,Credit Card,Completed
8700,396,2023-08-15,Cash on Delivery,Completed
8701,1233,2025-11-02,Debit Card,Completed
8702,1525,2025-02-16,Debit Card,Completed
8703,1487,2025-08-22,Credit Card,Completed
8704,586,2024-09-11,UPI,Completed
8705,1251,2023-05-17,UPI,Shipped
8706,375,2025-03-17,UPI,Completed
8707,1524,2023-09-12,UPI,Completed
8708,948,2025-02-17,Net Banking,Processing
8709,93,2023-08-20,UPI,Completed
8710,1484,2024-05-26,Cash on Delivery,Cancelled
8711,1601,2024-12-09,Cash on Delivery,Processing
8712,321,2023-10-31,Cash on Delivery,Completed
8713,1034,2024-09-11,UPI,Returned
8714,914,2025-05-26,Credit Card,Processing
8715,1327,2025-05-16,UPI,Returned
8716,1346,2024-05-23,Net Banking,Shipped
8717,1841,2025-04-09,Cash on Delivery,Cancelled
8718,1480,2024-10-04,UPI,Shipped
8719,1302,2025-02-19,UPI,Processing
8720,1622,2025-04-10,Credit Card,Completed
8721,1562,2025-06-17,UPI,Cancelled
8722,1754,2025-05-28,Cash on Delivery,Completed
8723,1417,2024-05-21,Cash on Delivery,Shipped
8724,917,2023-11-20,Debit Card,Cancelled
8725,95,2024-05-26,Debit Card,Completed
8726,1780,2025-08-18,Credit Card,Completed
8727,959,2024-02-28,UPI,Completed
8728,1131,2024-08-23,Cash on Delivery,Returned
8729,1414,2026-01-03,Cash on Delivery,Processing
8730,1784,2025-06-28,UPI,Completed
8731,99999,2026-01-19,UPI,Returned
8732,1697,2025-11-24,UPI,Completed
8733,71,2024-09-23,Cash on Delivery,Completed
8734,664,2025-09-14,UPI,Completed
8735,969,2023-03-22,Debit Card,Completed
8736,587,2025-02-19,UPI,Completed
8737,1400,2022-11-12,Cash on Delivery,Shipped
8738,727,2024-06-07,Credit Card,Completed
8739,368,2025-04-30,UPI,Shipped
8740,51,2025-03-07,UPI,Completed
8741,1922,2023-05-03,UPI,Returned
8742,1167,2025-05-25,Debit Card,Shipped
8743,1443,2024-02-05,Debit Card,Completed
8744,1572,2024-11-29,UPI,Completed
8745,1524,2025-09-12,Credit Card,Returned
8746,1910,2024-11-11,UPI,Completed
8747,988,2024-07-15,Cash on Delivery,Completed
8748,1191,2023-05-04,UPI,Completed
8749,1772,2024-01-05,Cash on Delivery,Returned
8750,260,2023-12-19,Credit Card,Processing
8751,1216,2023-02-12,Credit Card,Returned
8752,1226,2025-11-26,UPI,Shipped
8753,1798,2025-06-22,UPI,Completed
8754,1209,2025-09-05,Credit Card,Cancelled
8755,158,2025-04-08,Credit Card,Completed
8756,1782,2024-10-30,UPI,Completed
8757,1646,2023-07-29,Cash on Delivery,Completed
8758,99,2025-06-21,UPI,Completed
8759,241,2023-07-09,UPI,Shipped
8760,1515,2025-11-15,Debit Card,Completed
8761,202,2024-02-09,Cash on Delivery,Completed
8762,634,2026-01-17,UPI,Shipped
8763,1533,2023-10-11,Debit Card,Completed
8764,1653,2025-11-24,Credit Card,Completed
8765,1120,2023-10-25,Net Banking,Cancelled
8766,746,2024-09-17,UPI,Completed
8767,490,2025-10-27,Net Banking,Shipped
8768,579,2024-09-22,UPI,Completed
8769,1912,2025-03-30,UPI,Completed
8770,1242,2024-12-02,UPI,Shipped
8771,527,2025-02-12,UPI,Completed
8772,273,2025-12-01,Debit Card,Completed
8773,1243,2023-03-31,Credit Card,Completed
8774,786,2025-10-14,UPI,Completed
8775,1907,2024-08-11,UPI,Completed
8776,1683,2025-05-12,UPI,Completed
8777,1356,2024-02-09,UPI,Completed
8778,1880,2025-05-23,UPI,Cancelled
8779,453,2025-04-06,UPI,Completed
8780,1176,2025-10-08,UPI,Completed
8781,347,2024-03-12,Credit Card,Shipped
8782,816,2024-09-24,Cash on Delivery,Cancelled
8783,414,2024-10-30,UPI,Completed
8784,1551,2025-02-22,UPI,Completed
8785,431,2023-07-24,Credit Card,Completed
8786,379,2025-11-16,UPI,Completed
8787,998,2025-12-13,Credit Card,Completed
8788,895,2026-01-05,Net Banking,Completed
8789,428,2025-08-11,Debit Card,Completed
8790,1890,2024-04-10,Debit Card,Completed
8791,1947,2025-08-03,UPI,Completed
8792,1108,2025-05-04,UPI,Completed
8793,192,2023-06-07,Credit Card,Completed
8794,41,2023-08-31,Cash on Delivery,Completed
8795,1888,2022-03-10,Cash on Delivery,Completed
8796,1860,2025-11-11,Credit Card,Completed
8797,1797,2025-07-14,UPI,Processing
8798,1333,2025-10-23,UPI,Returned
8799,1402,2023-12-18,UPI,Completed
8800,136,2025-09-10,Cash on Delivery,Completed
8801,1814,2024-02-25,UPI,Shipped
8802,106,2025-01-25,UPI,Completed
8803,519,2024-01-10,Cash on Delivery,Cancelled
8804,1942,2024-10-02,UPI,Completed
8805,814,2026-01-23,Credit Card,Shipped
8806,1566,2025-01-24,UPI,Completed
8807,126,2024-02-14,Credit Card,Completed
8808,1381,2024-01-25,UPI,Completed
8809,400,2025-12-17,Credit Card,Completed
8810,79,2024-09-22,Debit Card,Shipped
8811,389,2024-08-23,Debit Card,Returned
8812,1603,2024-05-19,Credit Card,Completed
8813,1559,2025-06-28,Cash on Delivery,Completed
8814,1725,2025-10-07,UPI,Completed
8815,74,2025-06-23,Cash on Delivery,Completed
8816,1029,2024-06-07,UPI,Completed
8817,1943,2026-01-17,UPI,Completed
8818,1487,2026-01-14,UPI,Processing
8819,82,2025-03-30,UPI,Processing
8820,1561,2024-06-23,Net Banking,Completed
8821,776,2024-01-05,UPI,Completed
8822,991,2024-01-18,UPI,Processing
8823,1429,2023-11-04,Credit Card,Returned
8824,1538,2025-05-30,UPI,Completed
8825,278,2025-05-21,Cash on Delivery,Cancelled
8826,840,2025-03-12,Cash on Delivery,Returned
8827,1879,2023-12-24,UPI,Completed
8828,224,2023-12-19,UPI,Shipped
8829,1608,2025-12-09,UPI,Completed
8830,1092,2023-10-31,Credit Card,Shipped
8831,1344,2025-07-22,UPI,Completed
8832,606,2025-10-21,Credit Card,Completed
8833,19,2025-02-07,Debit Card,Completed
8834,640,2024-05-27,UPI,Completed
8835,1367,2024-08-05,UPI,Cancelled
8836,1618,2024-04-04,UPI,Completed
8837,1790,2025-03-24,Debit Card,Completed
8838,1973,2025-09-03,UPI,Cancelled
8839,1757,2025-04-04,UPI,Completed
8840,1367,2024-11-07,UPI,Cancelled
8841,97,2023-11-10,Credit Card,Shipped
8842,1076,2024-04-14,UPI,Completed
8843,175,2022-07-07,Net Banking,Completed
8844,1362,2025-01-08,Debit Card,Completed
8845,1718,2023-12-23,Debit Card,Completed
8846,1964,2025-10-26,Cash on Delivery,Completed
8847,1377,2023-12-16,Debit Card,Completed
8848,1415,2023-01-16,Debit Card,Completed
8849,99999,2023-05-17,UPI,Shipped
8850,348,2025-05-29,Credit Card,Returned
8851,1,2024-05-17,UPI,Completed
8852,63,2023-01-20,UPI,Completed
8853,1784,2023-03-29,UPI,Processing
8854,1767,2025-05-15,Credit Card,Completed
8855,226,2023-06-27,Credit Card,Shipped
8856,423,2025-11-26,Credit Card,Completed
8857,1043,2023-01-08,Debit Card,Completed
8858,31,2025-06-03,UPI,Returned
8859,845,2025-04-30,UPI,Returned
8860,633,2025-02-02,UPI,Completed
8861,24,2025-07-01,UPI,Completed
8862,837,2026-01-05,Credit Card,Cancelled
8863,983,2026-01-06,Debit Card,Cancelled
8864,1235,2024-06-23,UPI,Completed
8865,1985,2025-04-29,Cash on Delivery,Completed
8866,161,2023-03-04,Cash on Delivery,Shipped
8867,1279,2024-05-15,UPI,Completed
8868,1595,2025-02-28,Debit Card,Cancelled
8869,114,2026-01-09,UPI,Completed
8870,504,2024-01-09,Debit Card,Completed
8871,1953,2025-10-11,UPI,Completed
8872,1696,2024-08-15,Debit Card,Completed
8873,955,2024-04-21,UPI,Shipped
8874,1244,2023-08-25,Net Banking,Completed
8875,357,2025-05-04,Credit Card,Processing
8876,169,2024-09-17,UPI,Shipped
8877,1548,2025-12-13,Credit Card,Completed
8878,969,2024-05-16,Debit Card,Completed
8879,242,2023-04-18,Credit Card,Completed
8880,1399,2024-03-03,Net Banking,Completed
8881,139,2024-09-13,Cash on Delivery,Completed
8882,97,2024-03-03,Credit Card,Completed
8883,147,2024-10-05,UPI,Completed
8884,1206,2025-05-21,UPI,Completed
8885,1081,2024-11-22,Net Banking,Returned
8886,1066,2025-03-07,Net Banking,Shipped
8887,866,2024-11-11,UPI,Completed
8888,1735,2024-08-11,Credit Card,Shipped
8889,543,2025-06-27,Debit Card,Shipped
8890,692,2024-10-07,Credit Card,Completed
8891,1026,2025-05-31,Cash on Delivery,Completed
8892,1958,2024-09-12,UPI,Shipped
8893,1312,2025-12-29,Cash on Delivery,Completed
8894,1162,2024-05-29,UPI,Processing
8895,1641,2024-10-21,Credit Card,Completed
8896,1536,2023-08-19,Credit Card,Completed
8897,904,2023-03-04,Credit Card,Shipped
8898,730,2024-07-16,Credit Card,Completed
8899,1246,2025-05-08,Debit Card,Completed
8900,331,2022-11-20,Credit Card,Completed
8901,617,2025-12-24,Debit Card,Processing
8902,404,2025-04-15,UPI,Shipped
8903,508,2024-04-03,Net Banking,Cancelled
8904,1940,2023-11-25,UPI,Completed
8905,1151,2024-07-22,Credit Card,Completed
8906,1289,2025-08-21,UPI,Shipped
8907,1736,2025-04-16,Credit Card,Completed
8908,1788,2025-09-19,UPI,Completed
8909,1039,2024-05-22,Net Banking,Completed
8910,226,2025-12-14,UPI,Returned
8911,984,2024-12-31,UPI,Completed
8912,865,2025-04-06,Debit Card,Completed
8913,1129,2023-01-22,UPI,Processing
8914,745,2025-03-27,Cash on Delivery,Completed
8915,493,2024-01-05,Cash on Delivery,Completed
8916,319,2024-03-29,Debit Card,Shipped
8917,1243,2025-07-09,UPI,Completed
8918,1301,2024-05-12,UPI,Completed
8919,773,2025-07-27,UPI,Completed
8920,1917,2023-03-19,UPI,Completed
8921,1955,2025-12-21,UPI,Shipped
8922,1365,2024-02-01,Cash on Delivery,Completed
8923,452,2025-09-07,Credit Card,Completed
8924,1393,2024-10-10,UPI,Completed
8925,944,2024-01-04,UPI,Returned
8926,848,2025-08-28,Credit Card,Cancelled
8927,1017,2024-05-27,UPI,Processing
8928,1498,2024-11-29,Cash on Delivery,Completed
8929,1214,2024-09-26,UPI,Completed
8930,884,2025-10-14,Cash on Delivery,Shipped
8931,419,2025-07-01,Debit Card,Completed
8932,1734,2025-08-24,Net Banking,Shipped
8933,865,2024-08-15,UPI,Completed
8934,789,2025-04-27,UPI,Completed
8935,1872,2024-07-02,Credit Card,Completed
8936,495,2024-07-27,Cash on Delivery,Completed
8937,1063,2024-12-29,Debit Card,Shipped
8938,162,2025-06-05,Credit Card,Shipped
8939,121,2024-06-09,UPI,Completed
8940,1916,2024-05-27,UPI,Cancelled
8941,399,2023-08-31,UPI,Completed
8942,1286,2024-10-11,Credit Card,Cancelled
8943,1986,2025-09-21,UPI,Completed
8944,728,2023-05-29,UPI,Shipped
8945,1848,2024-07-04,Credit Card,Returned
8946,561,2023-03-06,Net Banking,Processing
8947,604,2023-02-15,Debit Card,Completed
8948,1153,2024-12-04,Debit Card,Completed
8949,1857,2024-11-25,Net Banking,Completed
8950,540,2024-11-17,UPI,Completed
8951,356,2025-12-07,UPI,Shipped
8952,660,2024-05-16,Debit Card,Shipped
8953,432,2024-07-26,UPI,Completed
8954,1864,2024-06-14,,Completed
8955,1089,2024-09-16,UPI,Shipped
8956,1242,2023-11-24,Credit Card,Completed
8957,563,2023-04-04,Credit Card,Shipped
8958,1451,2024-06-12,UPI,Completed
8959,817,2023-12-21,Credit Card,Completed
8960,1945,2024-07-14,UPI,Cancelled
8961,1098,2024-03-02,Net Banking,Completed
8962,1484,2024-06-20,Net Banking,Shipped
8963,1449,2025-12-21,Cash on Delivery,Completed
8964,711,2024-06-07,Net Banking,Completed
8965,1216,2023-07-30,UPI,Cancelled
8966,1213,2023-04-14,Cash on Delivery,Shipped
8967,12,2024-08-18,UPI,Cancelled
8968,239,2023-10-26,Debit Card,Returned
8969,1896,2023-02-24,UPI,Completed
8970,1617,2025-05-19,Cash on Delivery,Returned
8971,453,2025-05-19,UPI,Completed
8972,99999,2024-09-22,UPI,Completed
8973,782,2024-09-11,Cash on Delivery,Shipped
8974,1826,2026-01-27,Debit Card,Completed
8975,48,2025-09-15,Credit Card,Cancelled
8976,317,2024-11-10,Debit Card,Completed
8977,209,2022-11-21,UPI,Completed
8978,1571,2025-04-10,Debit Card,Completed
8979,1143,2024-01-01,UPI,Completed
8980,577,2024-08-04,Cash on Delivery,Completed
8981,315,2024-12-23,Credit Card,Completed
8982,754,2022-11-26,Net Banking,Shipped
8983,1060,2024-08-11,Credit Card,Returned
8984,1487,2023-09-10,UPI,Completed
8985,1788,2024-07-15,Credit Card,Completed
8986,915,2024-03-10,UPI,Completed
8987,755,2025-12-07,UPI,Completed
8988,554,2024-01-22,Cash on Delivery,Completed
8989,1605,2025-09-17,UPI,Completed
8990,403,2024-06-28,Credit Card,Completed
8991,1131,2024-04-04,UPI,Completed
8992,39,2023-02-26,UPI,Completed
8993,581,2025-09-23,Credit Card,Cancelled
8994,180,2023-10-14,Cash on Delivery,Shipped
8995,12,2025-10-14,Credit Card,Completed
8996,1363,2022-06-19,UPI,Completed
8997,943,2024-10-16,UPI,Completed
8998,1740,2023-12-25,Cash on Delivery,Shipped
8999,548,2024-05-22,Debit Card,Processing
9000,1150,2026-01-17,Net Banking,Completed
9001,63,2024-06-21,UPI,Shipped
9002,844,2024-02-17,Cash on Delivery,Shipped
9003,1106,2024-09-16,Cash on Delivery,Shipped
9004,1009,2025-12-18,Cash on Delivery,Cancelled
9005,1843,2026-01-14,UPI,Completed
9006,1323,2023-06-28,Debit Card,Shipped
9007,34,2023-03-10,Credit Card,Cancelled
9008,752,2025-01-14,Credit Card,Completed
9009,1633,2023-09-01,Credit Card,Completed
9010,49,2024-08-15,Debit Card,Processing
9011,658,2024-03-10,Net Banking,Processing
9012,1661,2023-05-19,Debit Card,Completed
9013,701,2023-06-04,Debit Card,Completed
9014,1081,2025-11-13,Credit Card,Returned
9015,1885,2022-11-23,Debit Card,Completed
9016,109,2024-07-07,UPI,Completed
9017,1541,2024-02-20,UPI,Cancelled
9018,985,2025-08-01,Debit Card,Completed
9019,24,2025-11-26,UPI,Processing
9020,221,2025-03-05,Debit Card,Shipped
9021,1984,2025-04-29,Cash on Delivery,Returned
9022,315,2024-11-22,Credit Card,Completed
9023,294,2024-11-16,Cash on Delivery,Cancelled
9024,1953,2024-11-26,Credit Card,Completed
9025,1034,2025-08-24,UPI,Completed
9026,1701,2025-01-30,UPI,Completed
9027,1020,2024-01-22,Cash on Delivery,Completed
9028,1505,2026-01-12,Net Banking,Completed
9029,99999,2025-10-28,UPI,Cancelled
9030,1018,2025-12-14,UPI,Shipped
9031,638,2025-07-08,UPI,Processing
9032,267,2025-04-27,Credit Card,Shipped
9033,1816,2024-10-13,Credit Card,Completed
9034,88,2023-12-02,Credit Card,Completed
9035,455,2024-01-21,Cash on Delivery,Completed
9036,1650,2025-01-08,Debit Card,Completed
9037,1557,2025-12-28,UPI,Completed
9038,1172,2025-03-06,UPI,Shipped
9039,757,2023-12-06,Cash on Delivery,Completed
9040,1802,2023-10-23,Credit Card,Shipped
9041,1753,2023-03-27,UPI,Completed
9042,431,2024-03-05,UPI,Completed
9043,1776,2023-12-04,Debit Card,Completed
9044,1967,2026-01-20,UPI,Completed
9045,911,2025-12-30,Debit Card,Completed
9046,1964,2025-09-01,Credit Card,Completed
9047,1768,2023-09-21,UPI,Completed
9048,1768,2024-03-03,Debit Card,Shipped
9049,242,2025-11-26,UPI,Completed
9050,702,2025-12-19,UPI,Completed
9051,902,2025-07-23,UPI,Completed
9052,741,2025-12-15,Debit Card,Completed
9053,66,2026-01-10,Debit Card,Completed
9054,972,2025-08-06,UPI,Returned
9055,378,2024-10-14,Cash on Delivery,Completed
9056,388,2024-12-29,UPI,Completed
9057,1815,2025-04-06,Credit Card,Completed
9058,781,2024-09-28,Credit Card,Shipped
9059,209,2023-09-24,Credit Card,Cancelled
9060,1439,2024-06-12,UPI,Completed
9061,16,2024-12-18,UPI,Shipped
9062,1321,2024-11-24,Credit Card,Completed
9063,986,2022-06-25,UPI,Processing
9064,1244,2025-02-08,Cash on Delivery,Completed
9065,1793,2025-07-10,UPI,Completed
9066,367,2024-09-18,UPI,Shipped
9067,780,2023-07-16,UPI,Shipped
9068,1253,2024-07-22,Credit Card,Cancelled
9069,1655,2025-03-29,Debit Card,Completed
9070,440,2024-10-07,Credit Card,Completed
9071,690,2025-06-18,UPI,Completed
9072,1556,2023-04-18,Debit Card,Shipped
9073,1474,2024-07-31,UPI,Completed
9074,1060,2023-09-15,Credit Card,Shipped
9075,847,2025-01-05,Cash on Delivery,Completed
9076,422,2025-04-06,UPI,Completed
9077,1942,2025-10-28,Credit Card,Shipped
9078,1644,2024-11-02,UPI,Completed
9079,1213,2025-05-15,Cash on Delivery,Completed
9080,1202,2025-06-18,Debit Card,Completed
9081,608,2025-09-05,UPI,Completed
9082,1339,2025-03-05,UPI,Processing
9083,20,2022-05-02,Debit Card,Completed
9084,676,2025-03-25,UPI,Shipped
9085,382,2025-03-21,UPI,Completed
9086,609,2025-04-27,Credit Card,Completed
9087,143,2024-08-12,Debit Card,Processing
9088,62,2025-12-09,UPI,Completed
9089,1266,2023-05-05,UPI,Completed
9090,238,2025-06-06,Cash on Delivery,Completed
9091,1155,2024-08-17,UPI,Returned
9092,1629,2023-07-04,Credit Card,Completed
9093,1627,2022-12-27,Debit Card,Completed
9094,1669,2025-05-13,UPI,Completed
9095,1147,2023-11-23,Credit Card,Cancelled
9096,1464,2025-11-14,Credit Card,Completed
9097,927,2025-09-04,Credit Card,Completed
9098,342,2025-07-31,Credit Card,Completed
9099,1443,2025-10-30,Cash on Delivery,Processing
9100,1654,2025-08-01,Credit Card,Completed
9101,455,2025-01-09,UPI,Completed
9102,1222,2023-01-03,UPI,Completed
9103,282,2025-04-26,UPI,Completed
9104,886,2025-12-28,Cash on Delivery,Cancelled
9105,1025,2025-02-15,Net Banking,Shipped
9106,723,2024-04-06,UPI,Completed
9107,1799,2024-05-19,Credit Card,Completed
9108,1956,2023-04-16,UPI,Shipped
9109,1356,2025-11-02,Net Banking,Completed
9110,1236,2025-11-23,UPI,Completed
9111,87,2023-12-11,Credit Card,Completed
9112,665,2023-12-28,UPI,Completed
9113,862,2025-06-26,UPI,Completed
9114,1723,2025-10-07,UPI,Completed
9115,61,2025-01-18,Credit Card,Returned
9116,797,2024-09-19,UPI,Shipped
9117,95,2024-06-02,UPI,Completed
9118,786,2024-10-29,UPI,Shipped
9119,1577,2024-05-12,Credit Card,Processing
9120,1171,2024-05-23,Cash on Delivery,Completed
9121,1270,2024-08-02,Debit Card,Completed
9122,1668,2023-12-12,Debit Card,Completed
9123,961,2025-03-13,UPI,Completed
9124,297,2025-10-06,Debit Card,Completed
9125,1147,2024-06-05,Credit Card,Completed
9126,1679,2023-04-25,UPI,Completed
9127,694,2024-10-16,UPI,Completed
9128,1728,2023-05-18,UPI,Completed
9129,1480,2024-06-29,UPI,Processing
9130,399,2024-10-20,UPI,Completed
9131,1743,2022-07-18,UPI,Completed
9132,946,2024-06-01,UPI,Shipped
9133,1255,2025-10-12,Debit Card,Shipped
9134,534,2023-02-11,Credit Card,Cancelled
9135,402,2022-05-09,Cash on Delivery,Completed
9136,1616,2025-08-15,UPI,Completed
9137,130,2024-08-22,UPI,Shipped
9138,292,2025-01-03,Net Banking,Completed
9139,276,2025-12-05,Credit Card,Shipped
9140,912,2025-09-04,Debit Card,Completed
9141,1859,2025-08-06,Credit Card,Completed
9142,1400,2023-01-25,Credit Card,Completed
9143,926,2025-02-17,UPI,Processing
9144,55,2025-06-12,Cash on Delivery,Returned
9145,1602,2024-01-05,UPI,Completed
9146,739,2025-12-18,UPI,Completed
9147,1050,2025-08-20,Debit Card,Returned
9148,1465,2024-11-09,Credit Card,Completed
9149,765,2024-01-11,Cash on Delivery,Shipped
9150,1221,2025-04-28,UPI,Completed
9151,642,2023-10-27,Credit Card,Completed
9152,1267,2024-01-07,Credit Card,Completed
9153,1848,2023-12-31,UPI,Returned
9154,724,2024-04-13,Debit Card,Shipped
9155,1214,2024-12-15,UPI,Cancelled
9156,802,2025-05-08,Credit Card,Completed
9157,738,2024-04-15,Net Banking,Shipped
9158,758,2024-12-29,Credit Card,Shipped
9159,1592,2023-08-24,Cash on Delivery,Completed
9160,567,2025-01-17,Debit Card,Processing
9161,1300,2025-12-10,Debit Card,Completed
9162,1842,2022-08-18,Cash on Delivery,Completed
9163,1433,2024-12-19,UPI,Completed
9164,340,2025-06-28,Cash on Delivery,Completed
9165,153,2025-09-06,UPI,Completed
9166,1589,2025-05-02,Cash on Delivery,Completed
9167,1422,2025-06-22,Credit Card,Completed
9168,1468,2022-07-15,Cash on Delivery,Shipped
9169,1647,2022-10-10,Cash on Delivery,Completed
9170,1004,2024-05-01,Credit Card,Completed
9171,427,2023-08-08,Credit Card,Completed
9172,1003,2024-01-27,Debit Card,Completed
9173,1982,2025-07-09,UPI,Completed
9174,1511,2024-10-07,UPI,Completed
9175,204,2023-03-23,UPI,Shipped
9176,1136,2025-09-03,Credit Card,Completed
9177,325,2024-07-22,UPI,Completed
9178,1983,2025-09-25,UPI,Completed
9179,1282,2024-08-14,UPI,Completed
9180,950,2024-10-14,UPI,Processing
9181,1552,2023-09-18,UPI,Completed
9182,951,2025-05-17,UPI,Processing
9183,1374,2026-01-22,UPI,Completed
9184,939,2023-01-30,Credit Card,Processing
9185,957,2023-04-27,UPI,Cancelled
9186,1702,2023-09-12,Net Banking,Completed
9187,1837,2023-06-04,Credit Card,Completed
9188,894,2025-07-28,UPI,Completed
9189,435,2025-05-08,UPI,Completed
9190,1450,2024-02-12,Debit Card,Completed
9191,1304,2025-12-05,UPI,Shipped
9192,371,2025-08-27,Net Banking,Returned
9193,1694,2025-04-21,Credit Card,Completed
9194,933,2025-01-15,Credit Card,Shipped
9195,249,2025-10-20,Net Banking,Completed
9196,891,2022-07-21,Credit Card,Completed
9197,181,2023-06-11,Net Banking,Shipped
9198,703,2025-03-15,Cash on Delivery,Completed
9199,999,2024-03-27,Net Banking,Shipped
9200,1675,2024-12-13,Cash on Delivery,Completed
9201,78,2024-11-22,UPI,Completed
9202,919,2023-07-31,UPI,Shipped
9203,885,2023-04-06,UPI,Completed
9204,336,2025-04-02,Net Banking,Shipped
9205,50,2025-12-25,UPI,Completed
9206,99999,2025-11-13,UPI,Completed
9207,1719,2025-04-09,Debit Card,Completed
9208,695,2024-10-23,UPI,Completed
9209,4,2025-02-13,Credit Card,Completed
9210,993,2023-04-14,Net Banking,Cancelled
9211,1974,2023-06-04,Credit Card,Completed
9212,317,2024-06-02,Credit Card,Completed
9213,1135,2024-04-10,Credit Card,Shipped
9214,1358,2025-05-24,Credit Card,Completed
9215,1875,2025-01-17,UPI,Completed
9216,763,2026-01-17,Credit Card,Completed
9217,1157,2025-02-12,UPI,Completed
9218,612,2024-03-26,Credit Card,Completed
9219,1005,2024-02-16,Credit Card,Shipped
9220,914,2022-05-06,UPI,Completed
9221,1708,2024-07-15,Credit Card,Returned
9222,799,2025-07-25,Credit Card,Completed
9223,119,2023-01-04,UPI,Shipped
9224,350,2025-09-03,UPI,Shipped
9225,917,2026-01-01,Debit Card,Completed
9226,687,2024-02-19,Debit Card,Completed
9227,542,2024-12-25,Credit Card,Processing
9228,1079,2025-08-14,Debit Card,Shipped
9229,361,2024-04-08,Credit Card,Completed
9230,708,2025-09-17,Cash on Delivery,Completed
9231,1477,2024-08-10,UPI,Cancelled
9232,1577,2025-12-04,Net Banking,Completed
9233,685,2025-01-05,Credit Card,Completed
9234,330,2024-03-04,Credit Card,Cancelled
9235,219,2025-06-03,Debit Card,Completed
9236,208,2025-02-03,UPI,Completed
9237,1694,2023-08-14,Debit Card,Shipped
9238,845,2026-01-28,UPI,Processing
9239,1764,2025-09-13,UPI,Completed
9240,85,2026-01-16,Debit Card,Cancelled
9241,685,2025-06-09,UPI,Cancelled
9242,245,2023-07-10,UPI,Completed
9243,872,2024-03-28,Cash on Delivery,Completed
9244,1023,2024-10-02,Net Banking,Processing
9245,1709,2025-10-16,Credit Card,Completed
9246,1359,2025-05-17,Cash on Delivery,Completed
9247,1236,2024-05-10,Net Banking,Completed
9248,596,2025-12-20,Credit Card,Shipped
9249,685,2025-12-15,Cash on Delivery,Shipped
9250,1207,2025-08-02,UPI,Completed
9251,1979,2025-05-26,Debit Card,Completed
9252,1157,2025-10-27,UPI,Completed
9253,1014,2024-09-28,Debit Card,Completed
9254,1014,2025-05-21,Cash on Delivery,Completed
9255,1916,2026-01-25,UPI,Completed
9256,1824,2024-01-09,Credit Card,Completed
9257,1798,2024-07-17,Cash on Delivery,Completed
9258,350,2025-09-25,Cash on Delivery,Completed
9259,282,2024-05-16,UPI,Shipped
9260,293,2025-09-07,Cash on Delivery,Completed
9261,1293,2022-12-08,UPI,Completed
9262,1885,2024-03-12,Debit Card,Completed
9263,1221,2025-07-10,UPI,Cancelled
9264,1561,2024-08-03,UPI,Shipped
9265,1677,2023-04-12,UPI,Completed
9266,984,2025-09-05,UPI,Cancelled
9267,1759,2024-01-19,Debit Card,Completed
9268,20,2022-04-24,UPI,Shipped
9269,759,2025-10-09,Cash on Delivery,Completed
9270,1864,2025-04-22,Net Banking,Completed
9271,1980,2026-01-01,Debit Card,Completed
9272,1737,2024-07-30,Credit Card,Shipped
9273,405,2025-05-06,Credit Card,Completed
9274,1139,2023-05-26,UPI,Completed
9275,1919,2023-01-05,UPI,Shipped
9276,701,2024-09-11,Cash on Delivery,Completed
9277,980,2024-07-28,UPI,Processing
9278,1999,2024-10-15,Cash on Delivery,Completed
9279,26,2023-01-18,UPI,Completed
9280,566,2024-05-23,UPI,Shipped
9281,1706,2025-01-10,UPI,Cancelled
9282,395,2024-06-01,Debit Card,Shipped
9283,1957,2024-12-05,Credit Card,Completed
9284,1001,2025-01-23,UPI,Returned
9285,1405,2024-12-08,Debit Card,Completed
9286,523,2024-03-23,Net Banking,Completed
9287,1563,2025-08-05,Credit Card,Processing
9288,862,2025-08-06,UPI,Completed
9289,1107,2025-08-08,UPI,Completed
9290,802,2025-11-07,Debit Card,Returned
9291,550,2022-06-21,Credit Card,Completed
9292,1469,2023-03-04,Net Banking,Completed
9293,87,2024-04-26,Credit Card,Completed
9294,1973,2024-03-20,UPI,Cancelled
9295,833,2024-09-08,UPI,Completed
9296,387,2024-08-14,Credit Card,Completed
9297,963,2022-12-28,UPI,Completed
9298,668,2024-05-23,Net Banking,Completed
9299,1422,2025-08-20,UPI,Shipped
9300,1844,2025-07-07,Credit Card,Completed
9301,286,2025-09-11,UPI,Completed
9302,698,2024-06-04,UPI,Shipped
9303,1718,2025-03-25,Credit Card,Completed
9304,965,2023-01-29,Credit Card,Shipped
9305,369,2025-09-30,UPI,Completed
9306,655,2023-01-27,UPI,Shipped
9307,1446,2025-10-25,Credit Card,Completed
9308,1742,2023-09-30,Cash on Delivery,Shipped
9309,654,2025-05-01,UPI,Cancelled
9310,697,2022-10-04,Credit Card,Shipped
9311,1467,2024-05-09,UPI,Shipped
9312,1777,2025-08-06,Debit Card,Shipped
9313,1544,2025-12-12,Debit Card,Completed
9314,1024,2024-02-14,UPI,Completed
9315,1608,2023-06-16,Debit Card,Processing
9316,915,2026-01-06,UPI,Completed
9317,288,2024-09-19,UPI,Completed
9318,95,2024-12-26,Credit Card,Completed
9319,669,2023-01-29,Credit Card,Completed
9320,41,2024-10-16,Debit Card,Completed
9321,331,2024-11-30,UPI,Processing
9322,1837,2024-08-26,Debit Card,Shipped
9323,1805,2025-09-26,UPI,Completed
9324,1179,2025-09-08,UPI,Completed
9325,504,2022-12-04,Credit Card,Completed
9326,275,2023-10-31,Credit Card,Completed
9327,1690,2024-01-31,Net Banking,Completed
9328,1589,2025-10-05,Credit Card,Processing
9329,179,2024-09-13,UPI,Completed
9330,1957,2024-12-29,Cash on Delivery,Completed
9331,1776,2024-03-11,UPI,Completed
9332,137,2026-01-12,UPI,Processing
9333,767,2024-04-03,Credit Card,Shipped
9334,988,2025-07-30,Cash on Delivery,Completed
9335,1760,2024-03-04,Debit Card,Completed
9336,1204,2024-07-19,Debit Card,Returned
9337,1206,2023-12-01,Debit Card,Completed
9338,1283,2026-01-23,Credit Card,Shipped
9339,243,2024-05-30,Debit Card,Completed
9340,1120,2022-12-07,UPI,Shipped
9341,197,2024-08-17,UPI,Completed
9342,1928,2023-09-17,UPI,Cancelled
9343,526,2023-11-28,Cash on Delivery,Shipped
9344,632,2024-02-21,Debit Card,Completed
9345,1411,2025-03-08,Credit Card,Completed
9346,408,2023-06-25,UPI,Completed
9347,1293,2023-12-10,UPI,Cancelled
9348,1195,2023-04-04,Cash on Delivery,Completed
9349,1949,2025-05-28,UPI,Completed
9350,1608,2025-08-27,Debit Card,Completed
9351,691,2025-05-31,UPI,Completed
9352,170,2024-06-15,Credit Card,Completed
9353,159,2025-09-17,Credit Card,Completed
9354,1533,2024-05-28,Debit Card,Cancelled
9355,447,2024-11-29,UPI,Completed
9356,1690,2025-08-03,Credit Card,Completed
9357,1938,2026-01-01,Credit Card,Completed
9358,1018,2023-10-10,Net Banking,Completed
9359,1106,2023-10-04,Credit Card,Completed
9360,1081,2023-07-05,UPI,Completed
9361,1543,2024-06-27,Debit Card,Completed
9362,112,2024-05-03,Credit Card,Completed
9363,48,2025-07-14,Cash on Delivery,Completed
9364,1616,2024-06-10,UPI,Shipped
9365,1911,2025-03-14,UPI,Completed
9366,376,2025-07-04,Net Banking,Processing
9367,828,2024-11-22,Net Banking,Completed
9368,33,2025-05-11,Credit Card,Completed
9369,504,2025-10-06,UPI,Completed
9370,627,2024-09-29,UPI,Completed
9371,1920,2024-08-01,UPI,Completed
9372,1027,2024-12-16,UPI,Completed
9373,1510,2025-09-02,UPI,Completed
9374,1540,2025-04-18,Cash on Delivery,Completed
9375,1892,2025-07-07,UPI,Processing
9376,1796,2025-05-07,Credit Card,Completed
9377,42,2023-06-11,Debit Card,Shipped
9378,9,2025-07-06,Debit Card,Shipped
9379,1000,2023-12-17,Credit Card,Completed
9380,819,2025-01-23,Credit Card,Cancelled
9381,657,2026-01-27,Cash on Delivery,Completed
9382,1937,2025-12-09,Debit Card,Completed
9383,1633,2025-10-25,UPI,Completed
9384,1812,2024-11-24,UPI,Completed
9385,1166,2025-03-16,Cash on Delivery,Cancelled
9386,790,2025-10-02,Credit Card,Completed
9387,1460,2024-09-09,Net Banking,Processing
9388,1051,2024-03-01,UPI,Cancelled
9389,1067,2025-01-21,UPI,Completed
9390,1155,2025-03-13,Credit Card,Completed
9391,1240,2024-11-21,UPI,Completed
9392,1630,2025-10-22,Credit Card,Completed
9393,1544,2023-10-26,Cash on Delivery,Completed
9394,598,2025-09-27,Credit Card,Completed
9395,1369,2025-10-12,UPI,Cancelled
9396,1532,2023-12-29,Debit Card,Shipped
9397,99999,2023-05-20,Credit Card,Completed
9398,1905,2025-12-11,Credit Card,Processing
9399,1437,2024-07-24,Debit Card,Shipped
9400,936,2024-10-02,Credit Card,Completed
9401,1270,2024-09-12,Credit Card,Completed
9402,1473,2025-08-29,Credit Card,Completed
9403,1012,2025-05-22,Debit Card,Completed
9404,21,2024-11-02,UPI,Completed
9405,999,2025-11-09,Credit Card,Completed
9406,1432,2025-08-11,Credit Card,Shipped
9407,457,2024-02-29,UPI,Completed
9408,1468,2025-10-21,Cash on Delivery,Shipped
9409,1014,2025-05-26,UPI,Shipped
9410,1946,2025-07-29,UPI,Cancelled
9411,265,2025-11-30,Credit Card,Completed
9412,1684,2025-07-31,UPI,Completed
9413,184,2025-08-05,Debit Card,Shipped
9414,227,2024-11-24,Credit Card,Completed
9415,1828,2025-03-22,UPI,Shipped
9416,1572,2025-04-22,Net Banking,Returned
9417,1270,2023-09-18,UPI,Completed
9418,1097,2025-01-14,Credit Card,Completed
9419,1174,2025-07-01,Cash on Delivery,Completed
9420,1537,2024-04-20,Credit Card,Processing
9421,1093,2025-07-01,Net Banking,Completed
9422,969,2024-12-24,Cash on Delivery,Completed
9423,805,2025-06-19,Net Banking,Completed
9424,1254,2025-12-26,UPI,Shipped
9425,723,2025-09-16,Credit Card,Completed
9426,1096,2024-08-16,Cash on Delivery,Completed
9427,1002,2025-08-20,Cash on Delivery,Completed
9428,875,2024-11-19,Net Banking,Completed
9429,1632,2025-12-26,Cash on Delivery,Shipped
9430,1421,2024-07-27,Debit Card,Completed
9431,84,2025-12-23,UPI,Completed
9432,740,2022-11-22,UPI,Completed
9433,1323,2024-07-10,UPI,Cancelled
9434,1772,2024-11-20,UPI,Completed
9435,1317,2025-02-05,UPI,Completed
9436,1758,2025-12-30,UPI,Completed
9437,1994,2024-09-21,UPI,Completed
9438,223,2025-12-20,Net Banking,Shipped
9439,793,2022-06-07,UPI,Completed
9440,733,2024-08-08,UPI,Processing
9441,1240,2023-04-11,,Completed
9442,1255,2024-10-23,Cash on Delivery,Completed
9443,405,2023-10-31,UPI,Shipped
9444,1193,2025-07-20,UPI,Completed
9445,329,2025-12-14,UPI,Completed
9446,426,2023-07-20,UPI,Returned
9447,1578,2024-07-17,UPI,Shipped
9448,770,2025-11-15,Debit Card,Processing
9449,1220,2023-11-28,Cash on Delivery,Completed
9450,1928,2025-05-24,Debit Card,Completed
9451,608,2025-10-16,UPI,Returned
9452,1853,2024-05-21,UPI,Completed
9453,526,2023-05-10,UPI,Processing
9454,625,2025-11-21,UPI,Cancelled
9455,77,2025-01-15,Debit Card,Processing
9456,1301,2024-06-05,Net Banking,Completed
9457,920,2024-05-31,UPI,Processing
9458,946,2024-10-16,Net Banking,Shipped
9459,466,2025-03-01,Cash on Delivery,Shipped
9460,1965,2025-05-27,UPI,Shipped
9461,1472,2023-11-28,UPI,Completed
9462,1344,2024-03-27,UPI,Completed
9463,1946,2025-10-01,Credit Card,Completed
9464,1184,2022-11-10,UPI,Completed
9465,492,2024-04-10,UPI,Shipped
9466,313,2023-08-05,Cash on Delivery,Completed
9467,1655,2025-05-10,UPI,Completed
9468,1973,2025-05-04,UPI,Completed
9469,1185,2024-08-18,Debit Card,Completed
9470,308,2025-01-22,Cash on Delivery,Completed
9471,1887,2024-05-26,UPI,Shipped
9472,1170,2025-03-27,UPI,Completed
9473,1699,2024-02-09,Debit Card,Shipped
9474,1420,2023-10-08,Debit Card,Completed
9475,691,2025-12-24,Net Banking,Processing
9476,89,2023-07-16,UPI,Completed
9477,735,2022-05-06,Debit Card,Completed
9478,778,2025-02-07,UPI,Completed
9479,751,2025-10-16,Cash on Delivery,Completed
9480,1332,2025-03-08,UPI,Cancelled
9481,1570,2024-06-12,Credit Card,Returned
9482,371,2024-09-04,UPI,Processing
9483,451,2023-11-22,UPI,Completed
9484,167,2024-08-30,UPI,Completed
9485,392,2023-02-04,UPI,Shipped
9486,1661,2023-12-26,UPI,Completed
9487,736,2024-04-08,UPI,Cancelled
9488,491,2024-05-15,Cash on Delivery,Completed
9489,925,2024-07-11,UPI,Completed
9490,1174,2025-09-23,Debit Card,Returned
9491,1492,2022-09-30,Debit Card,Returned
9492,1990,2023-04-02,UPI,Cancelled
9493,1725,2024-12-06,UPI,Completed
9494,1067,2025-08-12,Cash on Delivery,Processing
9495,945,2025-08-19,UPI,Completed
9496,29,2024-02-25,UPI,Completed
9497,1898,2025-05-31,UPI,Completed
9498,1656,2023-10-23,UPI,Processing
9499,1873,2025-01-14,UPI,Completed
9500,1055,2025-05-23,Net Banking,Completed
9501,693,2025-11-01,Cash on Delivery,Completed
9502,1698,2024-06-08,Cash on Delivery,Completed
9503,128,2023-12-26,UPI,Completed
9504,767,2025-10-17,Net Banking,Completed
9505,1318,2025-07-09,Debit Card,Cancelled
9506,441,2024-03-14,Cash on Delivery,Completed
9507,869,2025-08-09,Credit Card,Shipped
9508,1412,2024-03-13,UPI,Completed
9509,1790,2025-10-15,Cash on Delivery,Completed
9510,1666,2026-01-09,Credit Card,Completed
9511,524,2024-06-29,Net Banking,Completed
9512,1571,2024-08-02,UPI,Completed
9513,1734,2023-10-25,Net Banking,Completed
9514,760,2023-04-10,UPI,Completed
9515,110,2025-07-04,UPI,Processing
9516,1352,2024-09-10,Credit Card,Processing
9517,1429,2025-12-13,Debit Card,Cancelled
9518,1269,2024-10-13,Debit Card,Shipped
9519,1786,2023-02-20,Credit Card,Completed
9520,1902,2025-12-18,UPI,Completed
9521,1853,2024-04-01,Credit Card,Completed
9522,163,2023-07-08,UPI,Shipped
9523,560,2024-06-25,Credit Card,Completed
9524,399,2025-01-27,UPI,Completed
9525,583,2025-04-14,UPI,Completed
9526,399,2024-04-19,Net Banking,Returned
9527,1517,2026-01-13,UPI,Shipped
9528,1670,2025-12-01,Credit Card,Completed
9529,239,2025-11-29,UPI,Completed
9530,1489,2024-11-12,UPI,Completed
9531,1604,2023-01-08,Credit Card,Completed
9532,1814,2025-02-01,Credit Card,Completed
9533,1056,2024-07-24,Credit Card,Completed
9534,1147,2024-11-13,Cash on Delivery,Completed
9535,1558,2023-04-01,Cash on Delivery,Completed
9536,1691,2023-09-23,Cash on Delivery,Returned
9537,110,2023-02-09,Credit Card,Completed
9538,1295,2024-03-12,Credit Card,Cancelled
9539,1404,2025-12-29,Credit Card,Shipped
9540,300,2024-01-21,Debit Card,Cancelled
9541,1651,2025-05-17,Credit Card,Shipped
9542,1756,2025-04-30,UPI,Completed
9543,1002,2025-04-29,UPI,Completed
9544,1766,2025-10-23,UPI,Completed
9545,764,2025-02-01,UPI,Completed
9546,249,2024-08-06,UPI,Completed
9547,521,2024-04-13,Credit Card,Completed
9548,34,2025-12-14,UPI,Completed
9549,228,2025-04-23,Credit Card,Completed
9550,585,2023-07-03,Debit Card,Processing
9551,1423,2025-11-14,UPI,Processing
9552,958,2025-12-05,UPI,Completed
9553,813,2025-08-19,UPI,Completed
9554,724,2025-07-11,Credit Card,Completed
9555,584,2024-03-02,Credit Card,Completed
9556,570,2025-11-28,Credit Card,Completed
9557,220,2025-02-03,UPI,Returned
9558,1395,2025-01-28,Credit Card,Completed
9559,787,2025-07-18,Debit Card,Completed
9560,1785,2025-01-25,UPI,Shipped
9561,528,2023-11-25,Debit Card,Completed
9562,75,2024-03-23,Debit Card,Returned
9563,1642,2025-04-01,UPI,Completed
9564,136,2024-01-06,Credit Card,Cancelled
9565,1953,2025-10-02,UPI,Completed
9566,74,2024-03-23,UPI,Completed
9567,254,2025-04-30,UPI,Completed
9568,1042,2023-11-19,UPI,Completed
9569,1955,2024-07-28,UPI,Completed
9570,1022,2025-05-07,Debit Card,Cancelled
9571,1067,2024-09-28,Net Banking,Shipped
9572,50,2024-08-10,Debit Card,Completed
9573,515,2025-04-19,UPI,Completed
9574,744,2022-04-10,Net Banking,Completed
9575,731,2024-07-10,UPI,Completed
9576,571,2025-12-05,UPI,Completed
9577,1820,2025-04-19,Credit Card,Completed
9578,1838,2023-12-24,Credit Card,Completed
9579,576,2025-02-24,UPI,Completed
9580,1606,2024-09-13,Debit Card,Completed
9581,1327,2025-03-03,UPI,Returned
9582,1166,2024-07-21,Credit Card,Completed
9583,903,2023-12-08,Credit Card,Completed
9584,202,2025-07-08,Cash on Delivery,Shipped
9585,207,2025-01-01,Net Banking,Shipped
9586,415,2023-06-28,Debit Card,Returned
9587,221,2025-10-29,UPI,Completed
9588,1386,2025-07-10,Debit Card,Completed
9589,758,2024-02-27,UPI,Cancelled
9590,1105,2023-03-10,Net Banking,Returned
9591,763,2024-10-21,Cash on Delivery,Cancelled
9592,563,2025-11-08,UPI,Processing
9593,1309,2024-05-15,Debit Card,Completed
9594,369,2024-06-27,UPI,Processing
9595,1516,2024-05-26,UPI,Returned
9596,1935,2024-03-12,Debit Card,Completed
9597,896,2022-09-10,UPI,Shipped
9598,1370,2023-07-10,Net Banking,Shipped
9599,204,2023-04-02,UPI,Completed
9600,1049,2025-12-18,Cash on Delivery,Completed
9601,957,2023-10-26,Debit Card,Cancelled
9602,1577,2024-04-10,Cash on Delivery,Completed
9603,69,2025-11-04,UPI,Completed
9604,516,2024-09-10,Credit Card,Completed
9605,1516,2024-07-30,Cash on Delivery,Completed
9606,240,2025-05-24,Credit Card,Completed
9607,361,2025-06-27,UPI,Completed
9608,1465,2024-10-05,Credit Card,Completed
9609,1055,2022-12-05,Net Banking,Cancelled
9610,1923,2024-08-07,Debit Card,Returned
9611,1653,2026-01-30,Credit Card,Completed
9612,707,2024-12-16,Cash on Delivery,Completed
9613,1626,2025-02-21,Credit Card,Completed
9614,690,2024-04-09,Net Banking,Completed
9615,657,2025-11-19,Credit Card,Completed
9616,1980,2025-03-07,UPI,Completed
9617,1738,2022-12-24,UPI,Completed
9618,1346,2024-07-15,UPI,Completed
9619,344,2025-08-11,Credit Card,Completed
9620,1739,2024-07-16,Debit Card,Shipped
9621,536,2025-10-25,Cash on Delivery,Completed
9622,355,2024-08-02,Net Banking,Completed
9623,1495,2023-05-28,UPI,Completed
9624,928,2023-12-09,Credit Card,Completed
9625,983,2026-01-15,Debit Card,Completed
9626,105,2025-12-30,UPI,Completed
9627,1811,2023-04-03,Credit Card,Processing
9628,1346,2025-07-02,UPI,Completed
9629,1596,2023-07-13,UPI,Shipped
9630,1907,2025-06-15,UPI,Completed
9631,962,2025-03-04,Debit Card,Cancelled
9632,527,2025-05-02,Credit Card,Completed
9633,504,2022-08-09,Debit Card,Completed
9634,1109,2025-09-03,Debit Card,Cancelled
9635,931,2023-09-03,UPI,Completed
9636,709,2023-07-26,UPI,Returned
9637,235,2026-01-09,UPI,Completed
9638,1947,2025-02-05,UPI,Completed
9639,1880,2025-07-02,Net Banking,Processing
9640,1287,2023-06-13,Debit Card,Completed
9641,1030,2022-08-16,UPI,Completed
9642,494,2025-09-01,UPI,Completed
9643,1917,2024-07-26,Debit Card,Shipped
9644,1313,2024-03-23,Credit Card,Completed
9645,1594,2023-07-29,Debit Card,Completed
9646,1969,2023-03-10,UPI,Shipped
9647,1681,2025-06-02,Credit Card,Completed
9648,878,2024-06-08,UPI,Completed
9649,1578,2023-06-01,Cash on Delivery,Returned
9650,1374,2026-01-14,UPI,Returned
9651,1224,2024-10-28,UPI,Completed
9652,1960,2025-08-17,Credit Card,Shipped
9653,1710,2024-01-30,UPI,Processing
9654,967,2023-02-06,Debit Card,Cancelled
9655,966,2024-01-17,UPI,Completed
9656,964,2023-05-16,UPI,Completed
9657,897,2025-12-11,Cash on Delivery,Completed
9658,1359,2025-12-30,UPI,Completed
9659,1631,2024-12-12,UPI,Completed
9660,217,2023-04-26,UPI,Shipped
9661,623,2023-04-07,Cash on Delivery,Completed
9662,353,2025-03-20,Credit Card,Processing
9663,692,2025-04-30,Net Banking,Completed
9664,675,2024-02-02,Cash on Delivery,Completed
9665,631,2024-09-06,Debit Card,Completed
9666,325,2023-08-17,Credit Card,Completed
9667,901,2025-02-09,Cash on Delivery,Completed
9668,1252,2025-03-31,UPI,Completed
9669,1169,2023-07-25,Cash on Delivery,Completed
9670,1973,2025-02-18,Debit Card,Completed
9671,308,2024-05-09,Debit Card,Completed
9672,654,2025-07-10,UPI,Completed
9673,1658,2025-12-02,Credit Card,Completed
9674,285,2023-04-30,Credit Card,Completed
9675,392,2025-09-29,Credit Card,Shipped
9676,1762,2024-05-30,Net Banking,Completed
9677,360,2024-09-05,Credit Card,Completed
9678,769,2024-06-08,UPI,Completed
9679,797,2023-05-17,Credit Card,Completed
9680,932,2024-03-21,Debit Card,Completed
9681,1971,2024-11-25,Cash on Delivery,Shipped
9682,165,2025-08-20,Credit Card,Cancelled
9683,733,2025-09-27,UPI,Completed
9684,581,2025-11-15,UPI,Shipped
9685,821,2024-12-09,UPI,Completed
9686,1248,2025-04-03,UPI,Completed
9687,124,2025-07-08,Debit Card,Completed
9688,1972,2024-11-11,UPI,Completed
9689,344,2024-09-15,UPI,Completed
9690,1875,2024-04-24,Debit Card,Completed
9691,524,2024-05-15,UPI,Completed
9692,1076,2025-03-19,UPI,Shipped
9693,129,2023-06-18,Credit Card,Shipped
9694,1159,2024-03-17,UPI,Completed
9695,657,2024-06-19,Credit Card,Completed
9696,1151,2025-07-30,Debit Card,Completed
9697,738,2025-09-28,Net Banking,Returned
9698,939,2023-07-23,UPI,Shipped
9699,71,2024-10-25,,Completed
9700,273,2024-10-07,Credit Card,Completed
9701,1211,2025-01-12,UPI,Cancelled
9702,1027,2024-02-18,Credit Card,Completed
9703,1309,2023-12-29,UPI,Completed
9704,22,2023-02-23,Debit Card,Shipped
9705,166,2025-02-14,Cash on Delivery,Completed
9706,1334,2024-10-24,Net Banking,Completed
9707,875,2024-05-29,Cash on Delivery,Completed
9708,1501,2025-05-01,UPI,Shipped
9709,498,2025-11-28,Credit Card,Completed
9710,434,2023-05-27,Credit Card,Completed
9711,758,2025-12-28,Net Banking,Shipped
9712,234,2023-08-16,Cash on Delivery,Shipped
9713,837,2025-04-08,Net Banking,Completed
9714,1694,2024-06-25,Cash on Delivery,Completed
9715,663,2024-04-10,Credit Card,Completed
9716,725,2026-01-30,Debit Card,Completed
9717,376,2024-08-01,Net Banking,Completed
9718,730,2024-04-18,Credit Card,Completed
9719,1270,2024-09-13,Cash on Delivery,Completed
9720,303,2025-05-16,Net Banking,Cancelled
9721,405,2023-07-10,Credit Card,Cancelled
9722,1812,2023-01-08,UPI,Completed
9723,1687,2024-10-30,UPI,Completed
9724,708,2025-08-16,UPI,Completed
9725,917,2025-05-23,Credit Card,Completed
9726,21,2025-01-28,Credit Card,Shipped
9727,257,2024-04-22,Credit Card,Shipped
9728,399,2025-08-22,Credit Card,Cancelled
9729,1553,2024-06-29,Net Banking,Cancelled
9730,51,2023-12-06,UPI,Cancelled
9731,447,2025-09-03,Cash on Delivery,Completed
9732,1294,2025-06-29,UPI,Returned
9733,827,2025-01-28,Credit Card,Completed
9734,595,2025-06-12,Credit Card,Cancelled
9735,818,2023-10-13,Debit Card,Completed
9736,636,2025-02-17,Credit Card,Completed
9737,1826,2024-08-31,UPI,Completed
9738,1286,2024-02-17,UPI,Completed
9739,1389,2022-08-09,UPI,Shipped
9740,1073,2025-04-17,UPI,Cancelled
9741,1542,2025-04-28,Credit Card,Completed
9742,1653,2024-02-24,Credit Card,Completed
9743,1142,2026-01-01,Cash on Delivery,Completed
9744,1477,2025-10-20,Cash on Delivery,Completed
9745,775,2025-01-24,Credit Card,Completed
9746,1889,2026-01-04,UPI,Completed
9747,973,2025-04-09,Debit Card,Completed
9748,1971,2023-04-29,Credit Card,Cancelled
9749,1910,2025-01-07,Credit Card,Cancelled
9750,1665,2025-03-27,,Completed
9751,397,2025-06-07,Debit Card,Returned
9752,683,2023-12-29,Cash on Delivery,Completed
9753,1051,2024-10-23,Net Banking,Shipped
9754,711,2025-10-16,Net Banking,Completed
9755,1396,2025-06-15,Cash on Delivery,Completed
9756,1923,2023-11-05,Cash on Delivery,Completed
9757,1850,2023-08-22,UPI,Returned
9758,1881,2024-09-04,Cash on Delivery,Completed
9759,1121,2024-06-01,UPI,Completed
9760,529,2022-10-27,Debit Card,Returned
9761,685,2025-07-24,UPI,Completed
9762,1998,2025-10-23,UPI,Completed
9763,613,2023-12-17,UPI,Cancelled
9764,186,2025-05-22,Credit Card,Cancelled
9765,696,2025-02-19,UPI,Returned
9766,1974,2024-09-28,UPI,Completed
9767,215,2025-01-01,Cash on Delivery,Completed
9768,1275,2025-12-23,Cash on Delivery,Shipped
9769,216,2024-08-06,Debit Card,Shipped
9770,29,2024-03-19,,Completed
9771,102,2023-12-08,Debit Card,Cancelled
9772,123,2025-03-23,Net Banking,Cancelled
9773,54,2025-07-28,Credit Card,Shipped
9774,1307,2023-11-19,Credit Card,Completed
9775,1638,2025-08-25,Cash on Delivery,Completed
9776,1141,2024-05-30,UPI,Completed
9777,616,2025-06-21,UPI,Completed
9778,557,2025-06-28,Debit Card,Completed
9779,114,2025-11-16,UPI,Completed
9780,855,2023-12-24,Credit Card,Shipped
9781,1567,2024-02-02,UPI,Shipped
9782,676,2024-08-14,Cash on Delivery,Completed
9783,977,2023-01-12,Net Banking,Completed
9784,701,2024-04-30,UPI,Completed
9785,1317,2025-01-31,UPI,Completed
9786,1219,2024-09-15,UPI,Completed
9787,292,2025-04-05,Debit Card,Completed
9788,1911,2023-10-18,UPI,Completed
9789,261,2025-04-08,Credit Card,Completed
9790,1966,2025-05-17,UPI,Cancelled
9791,1231,2024-11-07,UPI,Completed
9792,564,2024-07-11,UPI,Shipped
9793,49,2024-12-10,Credit Card,Completed
9794,1030,2023-07-14,UPI,Completed
9795,379,2023-09-19,Credit Card,Completed
9796,1418,2024-07-14,UPI,Cancelled
9797,1910,2025-06-06,UPI,Completed
9798,224,2024-09-14,UPI,Cancelled
9799,1047,2025-04-20,Debit Card,Processing
9800,1008,2025-07-06,Credit Card,Shipped
9801,657,2025-05-28,Cash on Delivery,Completed
9802,110,2024-05-31,UPI,Cancelled
9803,724,2023-06-23,UPI,Completed
9804,1836,2024-06-09,UPI,Completed
9805,553,2025-03-12,UPI,Completed
9806,1423,2023-10-31,UPI,Completed
9807,1196,2023-08-28,UPI,Completed
9808,1006,2024-06-18,Credit Card,Cancelled
9809,698,2023-09-21,Debit Card,Shipped
9810,726,2022-04-03,Debit Card,Completed
9811,306,2024-03-05,UPI,Completed
9812,1588,2025-04-02,Credit Card,Shipped
9813,1606,2025-12-29,Debit Card,Completed
9814,1732,2025-02-02,UPI,Completed
9815,959,2024-11-21,Debit Card,Completed
9816,954,2024-02-11,Net Banking,Completed
9817,1175,2024-05-09,Cash on Delivery,Completed
9818,1452,2024-06-02,Credit Card,Returned
9819,621,2023-01-08,Credit Card,Returned
9820,1491,2025-08-13,Debit Card,Completed
9821,630,2025-09-22,UPI,Completed
9822,877,2024-04-23,Debit Card,Processing
9823,1631,2026-01-22,UPI,Shipped
9824,1792,2025-02-07,Cash on Delivery,Completed
9825,556,2024-01-31,UPI,Completed
9826,1972,2023-10-22,UPI,Completed
9827,67,2025-02-13,Credit Card,Returned
9828,1180,2023-11-19,Credit Card,Shipped
9829,835,2025-02-10,UPI,Completed
9830,206,2023-06-21,Credit Card,Cancelled
9831,786,2025-01-21,UPI,Cancelled
9832,155,2025-02-14,Credit Card,Completed
9833,1715,2023-06-27,Credit Card,Completed
9834,1533,2025-11-09,UPI,Shipped
9835,1596,2024-06-10,UPI,Shipped
9836,1098,2025-10-24,UPI,Shipped
9837,1073,2025-01-02,Credit Card,Completed
9838,783,2024-05-23,UPI,Returned
9839,1491,2025-03-02,Cash on Delivery,Completed
9840,585,2023-02-21,UPI,Completed
9841,708,2025-11-18,UPI,Completed
9842,1935,2025-11-21,Credit Card,Completed
9843,179,2024-07-31,UPI,Completed
9844,1072,2024-12-18,UPI,Completed
9845,1096,2024-02-10,UPI,Cancelled
9846,113,2023-07-21,UPI,Processing
9847,757,2025-05-31,Credit Card,Processing
9848,897,2024-08-12,Credit Card,Processing
9849,1927,2024-03-21,UPI,Completed
9850,821,2022-08-21,Credit Card,Completed
9851,159,2023-07-25,Net Banking,Completed
9852,786,2025-02-06,Cash on Delivery,Completed
9853,1804,2023-06-03,UPI,Cancelled
9854,1840,2025-01-23,UPI,Completed
9855,1054,2025-08-31,Credit Card,Completed
9856,1121,2025-02-19,UPI,Completed
9857,251,2023-06-08,UPI,Completed
9858,1543,2024-02-25,UPI,Completed
9859,1116,2025-04-04,UPI,Completed
9860,113,2025-03-02,Credit Card,Shipped
9861,259,2023-06-09,Credit Card,Cancelled
9862,107,2023-06-23,UPI,Cancelled
9863,575,2024-12-13,Credit Card,Completed
9864,1414,2025-02-10,Credit Card,Completed
9865,991,2025-08-25,Credit Card,Cancelled
9866,1382,2025-07-10,Net Banking,Shipped
9867,1807,2024-04-02,Net Banking,Completed
9868,1223,2023-09-22,Credit Card,Processing
9869,427,2024-07-31,Cash on Delivery,Completed
9870,1502,2023-10-14,UPI,Completed
9871,859,2024-05-16,Credit Card,Cancelled
9872,1873,2025-04-04,Debit Card,Completed
9873,1527,2024-10-01,Credit Card,Shipped
9874,1682,2025-09-02,UPI,Completed
9875,918,2025-12-04,UPI,Completed
9876,1597,2025-03-14,UPI,Completed
9877,1144,2023-08-15,Credit Card,Completed
9878,1597,2025-08-26,Net Banking,Completed
9879,1333,2024-10-15,UPI,Completed
9880,1562,2025-10-22,Cash on Delivery,Completed
9881,627,2024-10-28,UPI,Returned
9882,475,2025-10-25,Net Banking,Processing
9883,552,2025-05-15,Cash on Delivery,Completed
9884,344,2024-07-07,UPI,Processing
9885,628,2023-07-30,UPI,Completed
9886,136,2023-10-22,UPI,Shipped
9887,277,2022-08-29,Net Banking,Completed
9888,1835,2024-02-28,UPI,Completed
9889,1557,2022-04-24,Debit Card,Cancelled
9890,1923,2025-03-02,UPI,Completed
9891,31,2024-12-24,Net Banking,Completed
9892,247,2023-11-28,UPI,Completed
9893,411,2024-03-23,UPI,Completed
9894,27,2025-12-30,UPI,Shipped
9895,73,2023-09-22,Credit Card,Cancelled
9896,1977,2025-06-15,UPI,Shipped
9897,1121,2025-09-25,Credit Card,Processing
9898,673,2023-11-02,UPI,Shipped
9899,1370,2024-08-26,Credit Card,Completed
9900,476,2024-05-29,Credit Card,Completed
9901,1324,2024-07-05,UPI,Completed
9902,1323,2023-12-30,UPI,Completed
9903,287,2024-05-11,Debit Card,Shipped
9904,1909,2024-09-09,UPI,Completed
9905,1473,2025-07-07,UPI,Completed
9906,212,2024-11-18,Debit Card,Completed
9907,1100,2024-08-19,UPI,Completed
9908,401,2025-08-17,Credit Card,Completed
9909,655,2024-05-10,UPI,Cancelled
9910,1058,2025-01-17,UPI,Completed
9911,498,2024-07-17,Debit Card,Shipped
9912,848,2024-11-04,UPI,Completed
9913,1540,2025-10-28,UPI,Completed
9914,1352,2025-02-17,Debit Card,Completed
9915,98,2025-09-05,UPI,Completed
9916,366,2025-05-21,Credit Card,Completed
9917,1753,2024-11-23,Cash on Delivery,Completed
9918,463,2025-08-17,Credit Card,Completed
9919,28,2024-05-25,UPI,Completed
9920,713,2023-04-27,Credit Card,Shipped
9921,1410,2024-12-31,UPI,Completed
9922,273,2025-10-03,UPI,Shipped
9923,826,2023-05-06,Cash on Delivery,Completed
9924,1151,2025-06-16,UPI,Completed
9925,202,2025-07-02,UPI,Completed
9926,1545,2025-08-04,UPI,Completed
9927,1311,2025-09-30,Net Banking,Shipped
9928,450,2024-09-04,UPI,Completed
9929,1112,2024-08-19,UPI,Cancelled
9930,1342,2024-07-27,Credit Card,Returned
9931,19,2025-07-24,Credit Card,Processing
9932,1617,2024-06-08,Credit Card,Returned
9933,1131,2024-11-18,Net Banking,Completed
9934,1482,2024-02-18,UPI,Completed
9935,311,2024-07-20,UPI,Completed
9936,412,2023-11-06,UPI,Shipped
9937,742,2024-06-26,Debit Card,Completed
9938,624,2022-09-22,UPI,Completed
9939,732,2025-02-26,Cash on Delivery,Completed
9940,635,2023-02-27,Net Banking,Completed
9941,498,2023-08-04,UPI,Completed
9942,244,2023-04-11,Net Banking,Completed
9943,690,2024-05-22,UPI,Shipped
9944,577,2025-06-26,UPI,Completed
9945,1404,2024-12-24,Debit Card,Completed
9946,515,2023-07-18,Debit Card,Completed
9947,207,2025-10-05,Debit Card,Cancelled
9948,948,2024-11-14,Credit Card,Completed
9949,394,2025-12-14,Cash on Delivery,Completed
9950,1045,2025-12-29,Debit Card,Completed
9951,1829,2026-01-19,UPI,Completed
9952,1551,2023-11-17,Net Banking,Completed
9953,1367,2024-10-04,Net Banking,Completed
9954,718,2025-12-04,UPI,Completed
9955,1999,2024-09-04,Credit Card,Completed
9956,202,2023-08-20,Cash on Delivery,Returned
9957,120,2023-08-13,Cash on Delivery,Completed
9958,1673,2025-04-28,UPI,Completed
9959,1836,2024-01-22,Credit Card,Completed
9960,1831,2025-05-25,Net Banking,Completed
9961,389,2024-09-08,UPI,Completed
9962,1561,2023-02-21,Debit Card,Shipped
9963,1848,2022-06-14,Credit Card,Cancelled
9964,234,2025-06-27,UPI,Shipped
9965,1657,2025-08-05,UPI,Cancelled
9966,602,2026-01-17,Debit Card,Cancelled
9967,1344,2024-03-01,UPI,Completed
9968,712,2023-09-14,UPI,Cancelled
9969,982,2024-11-30,Credit Card,Completed
9970,1204,2024-10-28,Credit Card,Completed
9971,857,2023-01-28,UPI,Processing
9972,1392,2025-12-22,Debit Card,Completed
9973,76,2025-10-04,Debit Card,Completed
9974,649,2023-12-30,UPI,Completed
9975,650,2025-08-10,Credit Card,Shipped
9976,496,2025-07-15,Credit Card,Completed
9977,1546,2024-07-14,UPI,Completed
9978,1225,2025-09-16,Cash on Delivery,Completed
9979,830,2024-04-13,Credit Card,Completed
9980,1370,2023-09-09,UPI,Completed
9981,483,2024-02-28,UPI,Completed
9982,1243,2024-09-26,Credit Card,Returned
9983,1084,2024-01-18,UPI,Completed
9984,991,2025-08-07,UPI,Processing
9985,1683,2025-10-29,UPI,Completed
9986,619,2025-02-16,Credit Card,Completed
9987,550,2022-08-20,UPI,Shipped
9988,646,2025-08-05,Cash on Delivery,Cancelled
9989,1935,2025-03-27,,Completed
9990,1245,2024-04-17,Debit Card,Shipped
9991,1839,2025-07-07,Debit Card,Completed
9992,1965,2024-12-09,Credit Card,Completed
9993,502,2022-10-24,Debit Card,Shipped
9994,1157,2024-12-31,Credit Card,Completed
9995,846,2023-12-07,UPI,Shipped
9996,53,2024-08-20,UPI,Completed
9997,450,2024-04-07,Cash on Delivery,Completed
9998,62,2026-01-23,Credit Card,Shipped
9999,1047,2023-11-12,UPI,Completed
10000,44,2023-07-24,UPI,Completed
