order_id,product_id,quantity,unit_price
1,35,1,2865.41
2,29,1,4319.5
2,13,3,2131.33
3,18,1,1854.55
4,60,5,579.94
5,33,1,312.93
6,78,1,876.32
6,72,1,1918.28
6,26,1,1210.27
7,92,1,1591.57
7,86,1,443.28
7,14,1,2714.07
8,37,4,1389.36
9,41,1,994.52
9,85,5,279.38
10,40,2,1418.4
10,17,1,2276.26
11,49,5,1254.37
11,43,1,1760.38
12,8,2,2448.97
12,69,1,1191.69
13,19,2,1007.13
13,74,2,1549.39
13,38,1,1342.05
14,51,1,1385.93
14,20,2,7731.56
15,33,1,312.93
15,96,2,320.77
16,87,2,979.4
16,21,1,836.3
16,20,3,7731.56
16,31,1,1451.87
17,27,1,2010.3
17,89,1,366.64
18,94,1,265.1
18,44,1,6528.88
19,22,1,1475.64
19,11,4,9461.52
20,39,1,1121.52
20,71,1,704.54
20,54,3,1639.4
20,85,2,279.38
21,73,1,1195.7
22,61,1,356.45
23,14,3,2714.07
23,52,1,3818.59
24,84,1,605.41
24,54,1,1639.4
24,92,1,1591.57
24,17,1,2276.26
24,76,1,1151.77
25,11,1,9461.52
25,35,1,2865.41
25,74,1,1549.39
26,23,2,2025.31
26,82,4,300.41
26,76,2,1151.77
26,27,1,2010.3
26,50,2,1105.68
27,16,2,13450.97
27,84,1,605.41
28,71,1,704.54
28,93,2,186.14
29,43,5,1760.38
29,76,3,1151.77
29,78,2,876.32
30,37,1,1389.36
30,18,1,1854.55
30,87,1,979.4
31,74,1,1549.39
31,23,1,2025.31
32,31,5,1451.87
33,44,3,6528.88
33,27,1,2010.3
34,41,2,994.52
35,14,1,2714.07
35,95,1,744.54
36,33,2,312.93
36,97,1,423.56
37,66,4,728.79
37,47,1,493.52
37,4,4,2324.92
37,80,2,629.19
38,89,1,366.64
39,44,1,6528.88
39,24,2,2116.77
40,29,4,4319.5
41,68,1,306.66
42,45,1,1626.32
42,96,1,320.77
42,64,2,356.43
42,98,5,322.02
43,33,1,312.93
43,61,1,356.45
44,51,4,1385.93
45,10,1,1936.14
46,86,1,443.28
46,19,3,1007.13
46,7,5,1169.34
47,3,1,64028.3
47,52,2,3818.59
47,15,1,3494.53
47,49,1,1254.37
48,47,2,493.52
48,4,1,2324.92
48,76,3,1151.77
48,92,1,1591.57
48,18,3,1854.55
49,22,3,1475.64
49,84,1,605.41
50,39,3,1121.52
51,28,1,579.08
52,55,1,1652.62
52,54,3,1639.4
52,18,1,1854.55
52,56,4,868.37
53,72,1,1918.28
53,100,2,828.75
53,81,2,641.39
54,13,2,2131.33
55,78,1,876.32
56,15,1,3494.53
56,12,2,5690.75
56,6,2,22709.9
57,22,1,1475.64
57,82,1,300.41
58,85,1,279.38
59,92,1,1591.57
60,24,2,2116.77
61,43,1,1760.38
61,10,1,1936.14
61,42,1,800.81
61,63,2,293.58
62,81,1,641.39
63,88,1,457.85
64,85,2,279.38
64,25,2,1652.78
65,56,1,868.37
65,9999,5,3359.45
65,43,3,1760.38
65,15,1,3494.53
66,10,1,1936.14
66,93,1,186.14
67,32,4,910.33
68,33,1,312.93
69,25,1,1652.78
70,47,1,493.52
70,27,1,2010.3
70,92,2,1591.57
71,82,1,300.41
71,89,2,366.64
71,28,2,579.08
71,80,3,629.19
71,87,1,979.4
72,60,4,579.94
72,42,2,800.81
73,51,1,1385.93
74,14,3,2714.07
74,33,1,312.93
74,74,1,1549.39
75,28,2,579.08
75,21,1,836.3
75,94,1,265.1
76,44,2,6528.88
77,43,1,1760.38
78,19,1,1007.13
78,29,2,4319.5
79,50,1,1105.68
79,16,1,13450.97
80,55,1,1652.62
80,61,1,356.45
81,44,3,6528.88
81,54,2,1639.4
81,34,1,709.99
82,98,1,322.02
82,32,1,910.33
82,35,1,2865.41
83,9,1,11424.27
84,45,1,1626.32
84,58,4,470.58
84,66,1,728.79
84,71,5,704.54
85,2,1,3011.06
85,60,2,579.94
85,54,2,1639.4
85,70,3,3359.45
86,29,3,4319.5
86,43,2,1760.38
86,2,1,3011.06
87,55,1,1652.62
87,6,1,22709.9
87,16,1,13450.97
87,24,1,2116.77
88,95,2,744.54
88,69,2,1191.69
88,32,2,910.33
89,37,1,1389.36
89,62,2,398.9
89,30,1,3480.53
89,8,2,2448.97
90,23,2,2025.31
90,26,1,1210.27
91,23,1,2025.31
91,14,3,2714.07
91,20,1,7731.56
91,79,2,1101.69
92,6,2,22709.9
93,83,1,741.33
93,1,1,28043.24
93,55,3,1652.62
94,51,1,1385.93
94,13,2,2131.33
94,50,1,1105.68
94,19,2,1007.13
95,16,3,13450.97
95,47,2,493.52
95,45,2,1626.32
96,45,1,1626.32
96,51,1,1385.93
96,7,2,1169.34
96,46,1,253.36
97,23,2,2025.31
97,96,1,320.77
98,10,1,1936.14
98,96,1,320.77
98,29,1,4319.5
99,10,5,1936.14
99,14,1,2714.07
99,8,1,2448.97
99,5,1,3026.39
100,13,1,2131.33
100,47,1,493.52
100,52,3,3818.59
100,76,3,1151.77
101,74,3,1549.39
102,27,1,2010.3
102,96,2,320.77
103,25,1,1652.78
103,3,1,64028.3
104,17,1,2276.26
105,58,1,470.58
106,82,1,300.41
106,93,2,186.14
106,87,2,979.4
107,73,1,1195.7
107,32,2,910.33
108,82,1,300.41
108,48,1,1218.45
108,49,2,1254.37
109,30,1,3480.53
110,98,1,322.02
110,11,1,9461.52
111,82,1,300.41
112,37,1,1389.36
113,15,1,3494.53
113,61,2,356.45
114,30,1,3480.53
114,64,1,356.43
114,36,1,601.9
115,79,2,1101.69
115,29,1,4319.5
115,93,2,186.14
116,66,2,728.79
116,16,4,13450.97
117,63,1,293.58
117,41,2,994.52
117,82,1,300.41
117,94,4,265.1
118,5,1,3026.39
119,99,1,458.92
119,40,1,1418.4
119,51,3,1385.93
119,23,1,2025.31
120,65,3,386.47
120,36,3,601.9
120,55,1,1652.62
121,86,2,443.28
122,7,1,1169.34
123,77,2,1315.33
123,99,1,458.92
123,23,2,2025.31
123,90,2,492.26
123,56,2,868.37
124,10,1,1936.14
125,47,3,493.52
125,77,1,1315.33
126,44,1,6528.88
126,30,2,3480.53
126,75,2,486.62
126,78,5,876.32
126,36,2,601.9
127,2,2,3011.06
128,9999,1,5690.75
128,25,2,1652.78
129,26,2,1210.27
129,72,1,1918.28
129,41,1,994.52
130,10,2,1936.14
131,6,1,22709.9
131,22,1,1475.64
131,5,1,3026.39
131,43,2,1760.38
132,8,1,2448.97
132,42,1,800.81
133,6,1,22709.9
133,100,1,828.75
134,26,0,1210.27
135,75,1,486.62
135,10,1,1936.14
136,62,1,398.9
136,40,2,1418.4
136,98,2,322.02
136,61,3,356.45
136,95,2,744.54
137,97,3,423.56
138,87,1,979.4
138,8,1,2448.97
138,31,2,1451.87
138,7,1,1169.34
139,93,1,186.14
139,41,2,994.52
139,37,1,1389.36
140,61,5,356.45
140,12,4,5690.75
140,75,2,486.62
141,9,2,11424.27
141,42,1,800.81
142,11,3,9461.52
142,83,1,741.33
142,44,1,6528.88
143,44,1,6528.88
143,72,3,1918.28
143,28,4,579.08
144,5,2,3026.39
144,92,1,1591.57
144,41,1,994.52
145,59,1,488.56
145,33,1,312.93
145,29,1,4319.5
145,67,1,464.47
146,34,1,709.99
146,31,4,1451.87
147,95,2,744.54
147,26,1,1210.27
148,88,1,457.85
148,75,1,486.62
149,88,1,457.85
149,4,2,2324.92
150,58,2,470.58
151,16,1,13450.97
152,12,3,5690.75
152,22,1,1475.64
152,87,1,979.4
152,99,1,458.92
153,29,3,4319.5
153,36,2,601.9
153,31,1,1451.87
153,93,1,186.14
153,1,4,28043.24
154,76,2,1151.77
154,41,1,994.52
155,11,1,9461.52
155,79,2,1101.69
155,57,1,1180.99
156,8,1,2448.97
156,24,3,2116.77
157,39,2,1121.52
158,38,3,1342.05
158,82,2,300.41
158,44,1,6528.88
159,86,3,443.28
159,13,1,2131.33
159,63,1,293.58
159,62,1,398.9
159,90,3,492.26
160,38,1,1342.05
160,92,2,1591.57
161,84,1,605.41
161,76,4,1151.77
161,4,1,2324.92
162,6,1,22709.9
162,31,2,1451.87
162,76,1,1151.77
162,11,1,9461.52
163,34,1,709.99
163,37,3,1389.36
164,71,1,704.54
165,43,2,1760.38
165,10,3,1936.14
166,81,1,641.39
166,68,1,306.66
166,16,1,13450.97
167,4,2,2324.92
167,31,2,1451.87
167,32,1,910.33
168,15,2,3494.53
168,13,3,2131.33
168,99,5,458.92
169,33,3,312.93
170,81,4,641.39
171,4,1,2324.92
171,75,2,486.62
171,65,4,386.47
172,24,2,2116.77
173,62,2,398.9
173,72,1,1918.28
174,97,2,423.56
174,57,1,1180.99
174,2,1,3011.06
174,36,1,601.9
175,85,5,279.38
175,82,1,300.41
175,51,1,1385.93
176,37,2,1389.36
177,25,1,1652.78
177,83,1,741.33
178,80,1,629.19
178,90,4,492.26
179,45,1,1626.32
180,51,1,1385.93
181,71,4,704.54
182,7,2,1169.34
182,57,1,1180.99
182,61,2,356.45
183,49,1,1254.37
183,1,4,28043.24
183,2,1,3011.06
183,98,1,322.02
184,98,1,322.02
184,37,1,1389.36
184,44,1,6528.88
184,80,1,629.19
184,18,1,1854.55
185,37,1,1389.36
185,99,2,458.92
186,93,3,186.14
187,19,5,1007.13
188,29,3,4319.5
188,48,1,1218.45
188,53,4,620.53
188,71,2,704.54
189,69,1,1191.69
189,99,2,458.92
189,59,1,488.56
189,100,1,828.75
190,58,1,470.58
191,39,2,1121.52
192,100,2,828.75
193,30,2,3480.53
194,52,4,3818.59
194,7,2,1169.34
195,55,1,1652.62
195,5,1,3026.39
196,47,1,493.52
196,93,3,186.14
196,39,4,1121.52
196,19,1,1007.13
197,47,3,493.52
198,9999,2,876.32
198,71,2,704.54
199,96,1,320.77
199,21,3,836.3
199,19,2,1007.13
200,48,1,1218.45
200,19,1,1007.13
200,78,1,876.32
200,28,1,579.08
201,30,1,3480.53
201,66,1,728.79
202,53,2,620.53
203,39,1,1121.52
203,70,2,3359.45
203,88,2,457.85
204,81,2,641.39
205,46,1,253.36
206,29,2,4319.5
206,32,2,910.33
207,18,1,1854.55
208,13,1,2131.33
208,92,1,1591.57
208,12,2,5690.75
209,94,1,265.1
209,10,1,1936.14
210,16,3,13450.97
211,48,1,1218.45
211,55,2,1652.62
211,68,2,306.66
212,92,2,1591.57
212,64,2,356.43
213,35,1,2865.41
214,72,2,1918.28
214,44,1,6528.88
214,46,2,253.36
215,2,1,3011.06
216,7,2,1169.34
216,83,1,741.33
216,88,2,457.85
216,63,5,293.58
216,81,1,641.39
217,97,2,423.56
218,16,2,13450.97
218,47,2,493.52
219,5,1,3026.39
219,23,2,2025.31
219,80,1,629.19
219,17,1,2276.26
220,30,2,3480.53
220,41,4,994.52
220,99,1,458.92
220,73,4,1195.7
220,45,1,1626.32
221,34,2,709.99
222,88,1,457.85
222,55,1,1652.62
223,94,1,265.1
224,65,1,386.47
225,47,2,493.52
226,6,1,22709.9
226,23,1,2025.31
227,62,3,398.9
228,33,2,312.93
229,34,3,709.99
229,17,1,2276.26
229,60,1,579.94
230,78,2,876.32
231,66,5,728.79
231,22,1,1475.64
231,97,3,423.56
232,59,2,488.56
232,54,1,1639.4
233,18,1,1854.55
233,21,3,836.3
233,44,1,6528.88
233,34,1,709.99
233,74,1,1549.39
234,48,2,1218.45
234,65,2,386.47
234,17,3,2276.26
234,38,1,1342.05
235,74,1,1549.39
236,92,3,1591.57
236,90,1,492.26
236,16,3,13450.97
237,81,1,641.39
237,51,1,1385.93
238,12,1,5690.75
239,100,2,828.75
239,44,1,6528.88
240,89,1,366.64
240,91,3,432.43
241,37,1,1389.36
241,81,2,641.39
241,26,3,1210.27
242,67,1,464.47
242,68,1,306.66
242,62,3,398.9
242,83,4,741.33
243,62,1,398.9
244,23,1,2025.31
244,86,2,443.28
245,17,1,2276.26
246,59,1,488.56
246,52,2,3818.59
246,53,3,620.53
247,55,3,1652.62
247,46,1,253.36
247,20,1,7731.56
248,90,2,492.26
248,58,1,470.58
248,83,1,741.33
248,6,2,22709.9
249,66,1,728.79
250,9,2,11424.27
251,55,1,1652.62
252,14,3,2714.07
252,70,1,3359.45
253,5,1,3026.39
253,14,2,2714.07
253,45,2,1626.32
253,97,1,423.56
254,96,2,320.77
254,81,2,641.39
254,59,1,488.56
255,22,2,1475.64
255,72,1,1918.28
256,13,1,2131.33
256,44,4,6528.88
256,92,1,1591.57
257,90,1,492.26
257,70,2,3359.45
257,20,1,7731.56
258,3,1,64028.3
258,29,2,4319.5
258,23,2,2025.31
258,53,1,620.53
259,24,3,2116.77
260,16,2,13450.97
260,37,1,1389.36
261,12,2,5690.75
262,88,2,457.85
263,75,2,486.62
264,78,1,876.32
264,91,1,432.43
264,63,1,293.58
264,28,1,579.08
265,98,1,322.02
265,35,1,2865.41
266,74,3,1549.39
266,14,3,2714.07
266,51,1,1385.93
267,48,3,1218.45
267,55,1,1652.62
267,59,1,488.56
268,49,3,1254.37
269,1,4,28043.24
270,47,3,493.52
270,57,1,1180.99
271,58,2,470.58
272,19,1,1007.13
273,1,1,28043.24
273,73,1,1195.7
273,75,1,486.62
274,18,1,1854.55
274,47,1,493.52
274,7,1,1169.34
274,79,1,1101.69
275,4,4,2324.92
275,59,0,488.56
276,56,1,868.37
276,67,1,464.47
276,10,2,1936.14
277,47,1,493.52
277,63,2,293.58
277,8,1,2448.97
277,2,5,3011.06
278,33,1,312.93
279,99,1,458.92
279,90,2,492.26
280,98,1,322.02
280,24,1,2116.77
280,20,1,7731.56
280,72,1,1918.28
280,18,1,1854.55
281,30,2,3480.53
281,5,2,3026.39
282,51,5,1385.93
282,60,1,579.94
283,6,2,22709.9
283,19,1,1007.13
283,9,1,11424.27
283,66,1,728.79
284,72,1,1918.28
284,29,3,4319.5
284,15,1,3494.53
285,65,2,386.47
285,15,1,3494.53
285,45,3,1626.32
286,97,4,423.56
287,85,4,279.38
287,67,2,464.47
287,12,1,5690.75
288,54,1,1639.4
289,3,5,64028.3
289,79,1,1101.69
290,7,1,1169.34
290,5,2,3026.39
291,15,2,3494.53
291,25,1,1652.78
291,8,1,2448.97
291,3,1,64028.3
291,21,1,836.3
292,18,1,1854.55
292,29,1,4319.5
293,14,1,2714.07
293,21,1,836.3
294,45,3,1626.32
294,51,2,1385.93
294,28,1,579.08
294,29,1,4319.5
294,81,3,641.39
295,19,1,1007.13
296,53,1,620.53
296,4,1,2324.92
297,83,1,741.33
298,43,1,1760.38
299,15,1,3494.53
300,62,4,398.9
301,28,4,579.08
302,95,1,744.54
302,74,1,1549.39
303,99,1,458.92
304,13,1,2131.33
305,85,1,279.38
306,94,2,265.1
306,100,1,828.75
307,37,2,1389.36
308,27,1,2010.3
308,94,3,265.1
309,41,1,994.52
310,80,1,629.19
311,53,2,620.53
311,28,2,579.08
312,46,3,253.36
312,15,2,3494.53
312,80,2,629.19
313,53,1,620.53
313,35,2,2865.41
313,72,1,1918.28
314,45,1,1626.32
314,88,3,457.85
314,80,1,629.19
314,21,3,836.3
315,17,1,2276.26
315,14,2,2714.07
315,9,1,11424.27
316,32,3,910.33
316,24,2,2116.77
316,72,1,1918.28
316,82,1,300.41
317,64,1,356.43
318,16,2,13450.97
318,7,2,1169.34
318,24,1,2116.77
319,66,1,728.79
319,77,1,1315.33
320,7,1,1169.34
320,75,1,486.62
321,97,1,423.56
321,51,1,1385.93
322,8,1,2448.97
323,28,1,579.08
323,86,5,443.28
323,65,2,386.47
323,66,1,728.79
323,78,1,876.32
324,54,2,1639.4
325,66,1,728.79
325,20,1,7731.56
326,27,2,2010.3
327,48,3,1218.45
327,75,3,486.62
328,56,4,868.37
328,23,1,2025.31
328,68,1,306.66
329,43,1,1760.38
329,68,1,306.66
329,24,2,2116.77
330,47,2,493.52
331,3,2,64028.3
332,100,1,828.75
332,66,1,728.79
332,59,2,488.56
332,99,5,458.92
333,91,1,432.43
333,87,5,979.4
333,69,2,1191.69
334,60,5,579.94
335,54,3,1639.4
336,16,1,13450.97
337,38,2,1342.05
338,66,3,728.79
338,60,1,579.94
338,48,2,1218.45
339,63,1,293.58
339,48,1,1218.45
339,85,5,279.38
339,55,4,1652.62
340,44,3,6528.88
340,7,5,1169.34
340,12,2,5690.75
340,94,2,265.1
340,83,1,741.33
341,46,1,253.36
341,78,2,876.32
342,42,1,800.81
343,4,3,2324.92
343,41,1,994.52
344,83,1,741.33
344,99,2,458.92
345,23,2,2025.31
346,91,4,432.43
346,5,2,3026.39
346,22,1,1475.64
346,51,1,1385.93
347,52,1,3818.59
347,3,3,64028.3
348,65,1,386.47
348,37,3,1389.36
349,84,3,605.41
350,24,1,2116.77
350,84,1,605.41
351,72,1,1918.28
351,12,3,5690.75
351,99,1,458.92
351,64,2,356.43
352,27,1,2010.3
352,59,2,488.56
352,43,4,1760.38
353,24,4,2116.77
354,82,1,300.41
354,21,1,836.3
354,51,1,1385.93
355,76,2,1151.77
355,44,1,6528.88
356,85,2,279.38
356,90,5,492.26
356,55,2,1652.62
356,10,1,1936.14
356,71,2,704.54
357,9,1,11424.27
358,65,3,386.47
359,26,1,1210.27
360,85,2,279.38
360,31,3,1451.87
360,55,1,1652.62
360,59,3,488.56
360,13,1,2131.33
361,42,2,800.81
361,13,1,2131.33
361,29,1,4319.5
362,27,2,2010.3
363,40,1,1418.4
363,62,2,398.9
363,12,1,5690.75
364,90,2,492.26
364,22,1,1475.64
365,33,2,312.93
366,77,3,1315.33
367,44,1,6528.88
367,2,4,3011.06
367,98,4,322.02
368,43,2,1760.38
369,92,1,1591.57
370,85,1,279.38
370,36,2,601.9
370,93,3,186.14
370,47,1,493.52
371,55,1,1652.62
372,58,2,470.58
373,88,2,457.85
373,82,1,300.41
373,4,2,2324.92
373,35,2,2865.41
373,47,2,493.52
374,8,2,2448.97
374,57,2,1180.99
375,92,1,1591.57
376,41,1,994.52
376,55,3,1652.62
376,91,1,432.43
377,95,2,744.54
377,93,1,186.14
378,37,1,1389.36
378,73,2,1195.7
379,24,1,2116.77
379,90,1,492.26
379,8,1,2448.97
380,70,1,3359.45
380,94,2,265.1
381,2,1,3011.06
382,47,2,493.52
382,50,2,1105.68
382,42,1,800.81
382,56,2,868.37
383,53,3,620.53
383,43,4,1760.38
384,100,5,828.75
385,89,2,366.64
385,73,1,1195.7
385,40,1,1418.4
386,60,1,579.94
387,33,1,312.93
388,64,2,356.43
389,97,5,423.56
389,33,1,312.93
390,47,3,493.52
391,65,1,386.47
391,71,4,704.54
392,65,2,386.47
392,62,4,398.9
392,73,1,1195.7
392,100,3,828.75
393,24,3,2116.77
394,9,4,11424.27
394,29,1,4319.5
394,87,2,979.4
394,90,1,492.26
395,80,1,629.19
395,99,1,458.92
396,92,2,1591.57
396,77,2,1315.33
397,19,1,1007.13
398,62,4,398.9
398,68,2,306.66
399,90,1,492.26
399,38,2,1342.05
399,86,1,443.28
400,88,3,457.85
400,8,1,2448.97
400,23,1,2025.31
400,36,2,601.9
401,82,1,300.41
401,88,1,457.85
401,96,1,320.77
402,34,2,709.99
402,41,3,994.52
402,97,1,423.56
402,19,5,1007.13
402,96,2,320.77
403,88,2,457.85
403,10,2,1936.14
404,82,1,300.41
405,38,2,1342.05
405,82,3,300.41
405,68,1,306.66
405,66,1,728.79
405,59,1,488.56
406,25,1,1652.78
406,46,1,253.36
406,27,1,2010.3
406,36,1,601.9
407,67,2,464.47
407,92,1,1591.57
408,14,1,2714.07
409,79,1,1101.69
409,99,2,458.92
410,95,4,744.54
410,43,1,1760.38
410,89,2,366.64
411,69,1,1191.69
411,45,1,1626.32
411,100,2,828.75
411,31,1,1451.87
412,51,1,1385.93
412,5,1,3026.39
412,4,1,2324.92
412,83,5,741.33
413,69,1,1191.69
413,41,1,994.52
414,61,3,356.45
415,45,1,1626.32
415,54,3,1639.4
415,83,1,741.33
416,57,1,1180.99
416,65,1,386.47
416,6,4,22709.9
417,30,1,3480.53
417,84,2,605.41
418,52,1,3818.59
418,55,1,1652.62
419,35,1,2865.41
419,86,2,443.28
419,90,1,492.26
419,50,1,1105.68
420,48,2,1218.45
421,97,1,423.56
422,17,2,2276.26
422,49,1,1254.37
422,90,1,492.26
423,86,2,443.28
424,2,4,3011.06
424,58,3,470.58
424,23,1,2025.31
424,97,1,423.56
425,90,2,492.26
425,55,1,1652.62
425,18,3,1854.55
426,44,3,6528.88
427,32,1,910.33
428,67,1,464.47
429,71,1,704.54
429,44,1,6528.88
430,68,1,306.66
431,14,1,2714.07
431,84,1,605.41
431,44,2,6528.88
432,16,1,13450.97
433,16,3,13450.97
434,81,1,641.39
435,3,1,64028.3
436,57,1,1180.99
436,64,5,356.43
436,87,1,979.4
437,4,1,2324.92
437,23,1,2025.31
437,7,1,1169.34
438,46,3,253.36
438,62,3,398.9
439,87,2,979.4
439,63,5,293.58
440,53,5,620.53
440,20,1,7731.56
440,44,1,6528.88
440,54,1,1639.4
441,81,2,641.39
442,12,3,5690.75
442,74,2,1549.39
442,59,5,488.56
443,15,1,3494.53
444,100,1,828.75
444,70,4,3359.45
444,28,2,579.08
444,65,1,386.47
444,90,1,492.26
445,67,1,464.47
445,50,1,1105.68
446,63,2,293.58
446,15,2,3494.53
446,4,1,2324.92
446,83,1,741.33
446,87,1,979.4
447,40,1,1418.4
447,2,2,3011.06
448,59,3,488.56
448,65,3,386.47
449,81,1,641.39
450,15,-2,3494.53
451,6,1,22709.9
452,58,1,470.58
452,18,1,1854.55
453,35,2,2865.41
453,4,1,2324.92
454,49,1,1254.37
454,70,3,3359.45
455,90,2,492.26
456,71,2,704.54
456,23,0,2025.31
456,55,2,1652.62
456,10,1,1936.14
457,17,1,2276.26
457,97,1,423.56
458,44,2,6528.88
458,10,1,1936.14
459,27,1,2010.3
460,81,1,641.39
460,18,2,1854.55
460,7,1,1169.34
461,87,2,979.4
461,88,2,457.85
462,48,4,1218.45
462,43,1,1760.38
463,22,1,1475.64
463,52,2,3818.59
463,84,2,605.41
463,12,2,5690.75
464,17,2,2276.26
465,4,4,2324.92
465,45,1,1626.32
466,9,1,11424.27
466,80,1,629.19
466,48,4,1218.45
466,66,2,728.79
467,26,1,1210.27
467,4,1,2324.92
467,33,5,312.93
468,28,1,579.08
468,47,2,493.52
468,37,1,1389.36
468,2,1,3011.06
469,58,1,470.58
469,10,1,1936.14
469,64,4,356.43
469,86,1,443.28
470,1,2,28043.24
470,35,1,2865.41
470,87,1,979.4
470,12,1,5690.75
471,73,2,1195.7
471,70,3,3359.45
471,48,2,1218.45
471,26,2,1210.27
472,90,2,492.26
473,23,3,2025.31
473,70,1,3359.45
473,42,3,800.81
474,10,1,1936.14
474,33,1,312.93
475,32,1,910.33
476,32,1,910.33
476,48,1,1218.45
477,93,5,186.14
477,100,2,828.75
477,65,2,386.47
477,40,2,1418.4
478,56,1,868.37
478,28,1,579.08
479,25,1,1652.78
479,36,2,601.9
480,96,1,320.77
480,16,4,13450.97
480,92,1,1591.57
480,24,1,2116.77
481,76,4,1151.77
481,36,4,601.9
481,74,1,1549.39
482,73,2,1195.7
482,72,1,1918.28
482,40,1,1418.4
483,62,4,398.9
483,75,1,486.62
483,3,3,64028.3
483,58,1,470.58
484,51,2,1385.93
484,41,1,994.52
484,32,1,910.33
485,62,1,398.9
486,94,3,265.1
486,80,1,629.19
487,41,2,994.52
488,55,2,1652.62
488,38,3,1342.05
488,92,1,1591.57
489,60,2,579.94
489,81,2,641.39
490,83,1,741.33
491,18,4,1854.55
492,75,1,486.62
492,90,1,492.26
493,87,1,979.4
493,16,1,13450.97
493,66,1,728.79
494,80,1,629.19
494,77,4,1315.33
495,26,3,1210.27
495,28,2,579.08
495,6,2,22709.9
496,10,2,1936.14
496,72,1,1918.28
497,1,1,28043.24
497,17,2,2276.26
498,77,1,1315.33
498,17,3,2276.26
498,32,1,910.33
498,88,1,457.85
499,39,1,1121.52
499,74,1,1549.39
500,36,1,601.9
501,19,1,1007.13
501,12,1,5690.75
501,48,2,1218.45
502,77,1,1315.33
502,52,1,3818.59
502,57,2,1180.99
503,54,1,1639.4
503,35,1,2865.41
504,2,1,3011.06
505,64,2,356.43
505,71,1,704.54
505,81,3,641.39
506,65,3,386.47
506,46,1,253.36
506,26,1,1210.27
506,97,1,423.56
506,7,1,1169.34
507,66,2,728.79
507,22,3,1475.64
508,94,1,265.1
508,60,1,579.94
508,71,4,704.54
509,34,1,709.99
509,11,1,9461.52
510,65,4,386.47
511,30,2,3480.53
511,4,1,2324.92
512,29,1,4319.5
512,95,2,744.54
512,54,2,1639.4
512,12,1,5690.75
513,63,1,293.58
513,69,1,1191.69
513,9999,1,3026.39
514,75,1,486.62
514,37,1,1389.36
515,74,1,1549.39
516,98,2,322.02
516,25,4,1652.78
517,25,1,1652.78
518,28,2,579.08
518,94,1,265.1
518,54,1,1639.4
519,6,2,22709.9
519,93,1,186.14
520,43,2,1760.38
521,83,1,741.33
521,82,4,300.41
521,94,1,265.1
522,93,2,186.14
522,48,2,1218.45
522,40,2,1418.4
523,18,1,1854.55
524,76,1,1151.77
525,34,1,709.99
525,97,1,423.56
525,72,2,1918.28
526,74,1,1549.39
526,10,1,1936.14
526,91,1,432.43
527,22,3,1475.64
527,47,1,493.52
528,59,1,488.56
528,68,1,306.66
529,82,2,300.41
529,43,4,1760.38
529,66,1,728.79
530,3,2,64028.3
531,52,1,3818.59
531,5,1,3026.39
532,46,3,253.36
533,58,1,470.58
533,53,5,620.53
534,94,2,265.1
534,3,1,64028.3
534,71,4,704.54
534,66,2,728.79
535,79,1,1101.69
535,94,2,265.1
535,11,1,9461.52
536,7,2,1169.34
537,25,1,1652.78
538,49,5,1254.37
538,61,1,356.45
538,78,1,876.32
538,63,2,293.58
539,36,2,601.9
539,24,2,2116.77
540,46,1,253.36
540,70,1,3359.45
540,20,2,7731.56
540,1,1,28043.24
541,58,1,470.58
541,3,1,64028.3
542,20,2,7731.56
543,94,1,265.1
544,21,1,836.3
544,53,1,620.53
545,12,2,5690.75
546,95,1,744.54
546,24,1,2116.77
546,93,4,186.14
547,94,1,265.1
548,21,4,836.3
549,6,1,22709.9
549,35,2,2865.41
549,27,2,2010.3
550,100,3,828.75
550,54,2,1639.4
550,98,1,322.02
551,12,1,5690.75
551,31,1,1451.87
551,89,1,366.64
551,32,2,910.33
552,27,3,2010.3
552,22,1,1475.64
553,19,4,1007.13
553,81,2,641.39
554,38,2,1342.05
554,92,1,1591.57
554,56,1,868.37
555,11,3,9461.52
555,92,3,1591.57
555,90,5,492.26
556,34,1,709.99
556,75,3,486.62
557,2,1,3011.06
557,96,1,320.77
558,13,1,2131.33
559,80,1,629.19
560,19,2,1007.13
560,60,4,579.94
560,93,4,186.14
560,58,1,470.58
560,88,2,457.85
561,88,4,457.85
562,88,3,457.85
562,57,1,1180.99
562,61,1,356.45
563,39,1,1121.52
563,10,2,1936.14
563,12,1,5690.75
564,88,1,457.85
564,9,3,11424.27
565,4,2,2324.92
566,61,3,356.45
566,71,2,704.54
567,1,3,28043.24
567,45,1,1626.32
568,55,1,1652.62
569,19,1,1007.13
569,10,1,1936.14
570,65,4,386.47
570,24,1,2116.77
570,35,2,2865.41
571,39,1,1121.52
572,20,1,7731.56
572,88,2,457.85
573,91,1,432.43
574,11,5,9461.52
575,95,1,744.54
575,55,1,1652.62
576,89,1,366.64
576,2,1,3011.06
576,40,1,1418.4
576,50,1,1105.68
577,82,3,300.41
577,3,1,64028.3
577,4,1,2324.92
577,71,1,704.54
578,19,2,1007.13
579,23,1,2025.31
580,69,1,1191.69
580,80,2,629.19
580,19,1,1007.13
580,10,4,1936.14
581,43,1,1760.38
581,6,1,22709.9
582,27,1,2010.3
582,40,2,1418.4
583,35,1,2865.41
584,96,2,320.77
584,98,1,322.02
585,50,2,1105.68
585,6,3,22709.9
585,15,2,3494.53
585,11,1,9461.52
585,27,1,2010.3
586,44,1,6528.88
586,11,1,9461.52
586,46,3,253.36
587,14,2,2714.07
587,68,1,306.66
588,31,2,1451.87
589,95,2,744.54
589,40,1,1418.4
590,67,5,464.47
591,64,2,356.43
592,43,2,1760.38
592,81,2,641.39
592,26,2,1210.27
593,2,2,3011.06
593,36,1,601.9
594,44,1,6528.88
594,85,3,279.38
595,66,1,728.79
595,28,2,579.08
596,17,1,2276.26
597,4,1,2324.92
597,9999,1,1218.45
597,9,2,11424.27
598,22,1,1475.64
598,54,1,1639.4
599,77,5,1315.33
600,32,2,910.33
601,2,1,3011.06
602,41,1,994.52
602,100,2,828.75
602,48,5,1218.45
603,11,1,9461.52
603,71,2,704.54
604,48,3,1218.45
605,80,1,629.19
606,16,2,13450.97
607,9,5,11424.27
607,23,1,2025.31
607,61,1,356.45
608,37,1,1389.36
608,73,2,1195.7
609,85,2,279.38
609,71,2,704.54
609,51,1,1385.93
609,92,1,1591.57
610,14,1,2714.07
610,10,1,1936.14
610,20,1,7731.56
611,43,2,1760.38
612,15,1,3494.53
612,46,2,253.36
612,16,2,13450.97
613,34,1,709.99
613,11,1,9461.52
614,68,2,306.66
615,89,1,366.64
616,7,2,1169.34
616,3,1,64028.3
617,59,1,488.56
617,97,1,423.56
618,100,4,828.75
619,60,3,579.94
619,98,2,322.02
619,83,1,741.33
619,8,2,2448.97
620,57,5,1180.99
620,72,1,1918.28
620,11,2,9461.52
621,11,3,9461.52
621,46,1,253.36
622,49,1,1254.37
622,99,1,458.92
622,71,1,704.54
623,40,2,1418.4
623,29,2,4319.5
623,55,3,1652.62
623,95,1,744.54
624,74,4,1549.39
624,16,3,13450.97
625,63,2,293.58
625,32,2,910.33
626,73,1,1195.7
627,33,3,312.93
628,70,1,3359.45
628,11,1,9461.52
628,28,5,579.08
628,82,1,300.41
629,30,2,3480.53
630,89,1,366.64
631,98,3,322.02
631,41,3,994.52
631,49,2,1254.37
632,62,2,398.9
633,1,2,28043.24
633,42,1,800.81
633,64,1,356.43
633,45,1,1626.32
634,94,2,265.1
634,19,2,1007.13
634,69,2,1191.69
635,8,1,2448.97
635,89,4,366.64
635,39,1,1121.52
636,93,3,186.14
636,86,3,443.28
637,84,3,605.41
637,34,1,709.99
637,19,1,1007.13
637,65,4,386.47
638,2,2,3011.06
638,7,1,1169.34
638,39,1,1121.52
638,83,1,741.33
638,37,2,1389.36
639,7,2,1169.34
639,36,1,601.9
640,49,1,1254.37
641,79,3,1101.69
642,12,1,5690.75
643,100,2,828.75
643,1,1,28043.24
643,12,2,5690.75
643,24,3,2116.77
644,94,4,265.1
645,13,1,2131.33
645,10,3,1936.14
646,69,3,1191.69
646,79,1,1101.69
647,100,2,828.75
648,67,1,464.47
648,39,1,1121.52
648,87,2,979.4
648,56,5,868.37
648,88,1,457.85
649,26,3,1210.27
649,35,2,2865.41
650,91,1,432.43
650,42,1,800.81
650,30,2,3480.53
650,18,1,1854.55
651,47,1,493.52
651,80,2,629.19
651,34,2,709.99
652,32,2,910.33
652,86,2,443.28
653,55,1,1652.62
653,44,1,6528.88
654,45,4,1626.32
654,35,1,2865.41
654,8,1,2448.97
655,52,2,3818.59
655,33,1,312.93
656,80,1,629.19
656,50,1,1105.68
656,43,3,1760.38
656,22,1,1475.64
657,39,1,1121.52
658,46,4,253.36
659,2,2,3011.06
660,74,1,1549.39
660,96,1,320.77
660,91,1,432.43
661,31,1,1451.87
661,39,2,1121.52
661,84,5,605.41
661,52,1,3818.59
662,57,1,1180.99
663,57,1,1180.99
664,13,2,2131.33
664,26,1,1210.27
664,40,1,1418.4
665,8,1,2448.97
666,75,1,486.62
666,41,2,994.52
667,20,1,7731.56
668,46,2,253.36
668,36,1,601.9
668,95,1,744.54
668,1,0,28043.24
669,82,3,300.41
670,72,1,1918.28
670,4,2,2324.92
670,78,1,876.32
670,28,2,579.08
671,37,2,1389.36
672,4,1,2324.92
673,83,2,741.33
673,57,1,1180.99
674,84,1,605.41
674,18,1,1854.55
674,14,1,2714.07
674,69,1,1191.69
675,49,1,1254.37
675,92,1,1591.57
675,7,2,1169.34
676,81,1,641.39
677,3,1,64028.3
678,14,1,2714.07
679,13,1,2131.33
679,27,1,2010.3
679,4,3,2324.92
680,39,2,1121.52
681,4,1,2324.92
681,54,2,1639.4
681,76,5,1151.77
681,71,1,704.54
681,47,2,493.52
682,97,2,423.56
683,85,1,279.38
683,16,2,13450.97
683,24,1,2116.77
684,61,2,356.45
685,100,1,828.75
685,66,1,728.79
685,36,1,601.9
685,38,1,1342.05
686,50,1,1105.68
686,69,3,1191.69
686,74,2,1549.39
687,81,3,641.39
687,75,1,486.62
688,29,2,4319.5
688,90,2,492.26
688,28,1,579.08
689,55,1,1652.62
690,22,5,1475.64
691,63,1,293.58
692,82,4,300.41
692,19,1,1007.13
693,35,2,2865.41
693,28,2,579.08
693,9,2,11424.27
694,96,2,320.77
694,21,2,836.3
695,59,1,488.56
695,44,1,6528.88
696,31,1,1451.87
696,9,2,11424.27
697,75,2,486.62
698,66,1,728.79
699,13,1,2131.33
699,96,1,320.77
700,56,1,868.37
700,25,1,1652.78
701,5,2,3026.39
702,6,1,22709.9
702,19,1,1007.13
702,39,1,1121.52
703,31,2,1451.87
704,40,1,1418.4
704,99,1,458.92
705,94,2,265.1
705,22,1,1475.64
706,12,1,5690.75
706,3,2,64028.3
707,13,3,2131.33
708,79,1,1101.69
708,41,1,994.52
709,27,1,2010.3
709,42,2,800.81
710,73,1,1195.7
711,90,1,492.26
711,9,5,11424.27
711,87,1,979.4
711,51,1,1385.93
711,4,2,2324.92
712,21,2,836.3
713,17,3,2276.26
713,74,2,1549.39
713,36,4,601.9
713,100,3,828.75
713,11,4,9461.52
714,45,2,1626.32
714,21,2,836.3
714,64,2,356.43
715,40,2,1418.4
715,45,1,1626.32
716,62,1,398.9
717,79,2,1101.69
718,20,1,7731.56
718,44,1,6528.88
718,39,2,1121.52
718,7,1,1169.34
718,92,1,1591.57
719,95,2,744.54
719,59,1,488.56
719,18,1,1854.55
720,89,4,366.64
720,58,4,470.58
721,79,1,1101.69
721,93,3,186.14
722,64,2,356.43
722,9,1,11424.27
723,49,1,1254.37
723,8,1,2448.97
724,29,1,4319.5
724,32,1,910.33
724,52,3,3818.59
724,63,1,293.58
724,41,1,994.52
725,91,4,432.43
725,76,4,1151.77
726,11,5,9461.52
727,79,1,1101.69
727,95,1,744.54
728,21,1,836.3
729,64,1,356.43
729,79,5,1101.69
729,25,3,1652.78
729,22,1,1475.64
729,70,1,3359.45
730,1,1,28043.24
730,41,3,994.52
730,54,1,1639.4
730,62,1,398.9
730,60,3,579.94
731,30,0,3480.53
731,90,1,492.26
732,47,3,493.52
732,85,1,279.38
733,5,1,3026.39
733,94,1,265.1
734,75,2,486.62
734,91,3,432.43
735,98,2,322.02
736,24,2,2116.77
736,94,1,265.1
736,95,2,744.54
737,1,1,28043.24
738,29,1,4319.5
738,21,1,836.3
739,41,2,994.52
740,88,2,457.85
740,61,1,356.45
740,56,3,868.37
740,81,1,641.39
740,97,1,423.56
741,19,1,1007.13
742,80,1,629.19
742,21,1,836.3
743,8,1,2448.97
743,66,1,728.79
744,52,1,3818.59
744,81,2,641.39
744,75,3,486.62
745,26,1,1210.27
745,51,2,1385.93
746,49,1,1254.37
747,78,1,876.32
748,10,4,1936.14
749,58,1,470.58
749,9,2,11424.27
749,51,1,1385.93
749,97,1,423.56
750,60,1,579.94
750,1,1,28043.24
751,73,1,1195.7
751,4,1,2324.92
751,9,2,11424.27
752,80,1,629.19
752,25,1,1652.78
752,82,3,300.41
753,36,0,601.9
753,49,3,1254.37
753,25,3,1652.78
754,93,1,186.14
754,35,1,2865.41
754,28,1,579.08
754,100,1,828.75
754,2,3,3011.06
755,32,2,910.33
755,9,2,11424.27
755,23,4,2025.31
755,1,2,28043.24
755,93,1,186.14
756,7,1,1169.34
756,47,2,493.52
756,17,1,2276.26
756,25,2,1652.78
757,19,1,1007.13
758,45,1,1626.32
758,5,2,3026.39
759,18,1,1854.55
759,45,4,1626.32
760,33,1,312.93
760,54,1,1639.4
761,54,1,1639.4
761,92,3,1591.57
762,31,2,1451.87
763,35,2,2865.41
763,62,1,398.9
763,10,1,1936.14
763,91,1,432.43
764,38,1,1342.05
764,25,1,1652.78
765,94,2,265.1
765,20,1,7731.56
766,71,1,704.54
766,97,1,423.56
766,96,1,320.77
767,68,1,306.66
767,39,1,1121.52
767,81,1,641.39
768,6,4,22709.9
768,9,2,11424.27
769,28,1,579.08
769,43,2,1760.38
769,94,1,265.1
769,100,1,828.75
769,20,2,7731.56
770,1,1,28043.24
770,66,2,728.79
770,64,4,356.43
771,57,1,1180.99
772,63,1,293.58
772,6,1,22709.9
773,80,1,629.19
773,7,1,1169.34
774,2,2,3011.06
775,45,1,1626.32
775,30,1,3480.53
776,19,1,1007.13
776,13,1,2131.33
777,14,1,2714.07
777,21,3,836.3
777,79,4,1101.69
778,26,4,1210.27
778,79,1,1101.69
779,55,1,1652.62
779,82,1,300.41
780,43,1,1760.38
780,53,4,620.53
780,79,1,1101.69
781,91,1,432.43
781,9999,2,1626.32
781,6,1,22709.9
781,85,1,279.38
781,9,1,11424.27
782,89,1,366.64
782,40,1,1418.4
783,11,2,9461.52
783,25,2,1652.78
783,44,1,6528.88
783,2,3,3011.06
783,9,2,11424.27
784,41,2,994.52
785,40,3,1418.4
786,69,2,1191.69
787,28,1,579.08
788,31,1,1451.87
789,2,2,3011.06
790,48,1,1218.45
790,28,1,579.08
790,86,2,443.28
791,100,1,828.75
791,59,2,488.56
792,57,4,1180.99
792,42,1,800.81
792,53,5,620.53
792,97,1,423.56
793,95,1,744.54
794,5,1,3026.39
795,89,1,366.64
795,92,1,1591.57
795,14,1,2714.07
795,86,2,443.28
796,51,2,1385.93
797,69,1,1191.69
797,32,3,910.33
797,45,1,1626.32
798,47,2,493.52
798,9,1,11424.27
798,55,3,1652.62
798,12,1,5690.75
798,94,3,265.1
799,99,1,458.92
799,18,1,1854.55
800,86,1,443.28
800,72,1,1918.28
800,74,1,1549.39
800,45,1,1626.32
801,85,1,279.38
801,15,3,3494.53
802,12,1,5690.75
802,90,1,492.26
802,99,2,458.92
803,21,1,836.3
803,63,2,293.58
803,7,1,1169.34
804,30,2,3480.53
805,6,2,22709.9
805,74,1,1549.39
806,20,2,7731.56
806,36,1,601.9
807,28,1,579.08
808,53,4,620.53
808,37,5,1389.36
808,78,3,876.32
809,9,1,11424.27
809,15,1,3494.53
809,66,1,728.79
810,6,2,22709.9
810,58,2,470.58
810,42,1,800.81
811,88,1,457.85
812,31,1,1451.87
812,36,1,601.9
812,66,1,728.79
813,16,1,13450.97
813,17,1,2276.26
814,63,4,293.58
814,72,4,1918.28
815,72,5,1918.28
815,13,2,2131.33
816,2,1,3011.06
816,46,-2,253.36
816,22,2,1475.64
816,34,3,709.99
817,74,3,1549.39
818,49,1,1254.37
818,36,3,601.9
819,74,2,1549.39
820,80,1,629.19
821,20,2,7731.56
821,24,2,2116.77
822,92,2,1591.57
822,20,2,7731.56
822,63,2,293.58
822,29,2,4319.5
823,1,1,28043.24
823,52,1,3818.59
823,95,4,744.54
823,34,2,709.99
824,96,2,320.77
825,77,3,1315.33
826,98,1,322.02
826,94,4,265.1
826,40,1,1418.4
827,9,2,11424.27
827,57,2,1180.99
827,22,1,1475.64
827,81,3,641.39
828,87,2,979.4
828,10,1,1936.14
828,99,3,458.92
829,75,1,486.62
830,18,1,1854.55
831,97,1,423.56
831,18,1,1854.55
832,9,1,11424.27
833,81,3,641.39
833,74,2,1549.39
834,92,1,1591.57
834,32,2,910.33
835,40,5,1418.4
836,9999,1,2025.31
837,33,1,312.93
837,95,2,744.54
837,82,1,300.41
837,30,1,3480.53
837,90,2,492.26
838,49,2,1254.37
838,6,2,22709.9
838,58,1,470.58
839,66,1,728.79
840,94,3,265.1
840,93,1,186.14
841,9999,2,979.4
841,57,1,1180.99
841,10,1,1936.14
841,99,2,458.92
841,45,1,1626.32
842,58,5,470.58
842,2,1,3011.06
843,65,1,386.47
843,47,4,493.52
844,87,2,979.4
844,60,1,579.94
845,14,1,2714.07
845,54,1,1639.4
845,2,2,3011.06
845,37,2,1389.36
845,4,2,2324.92
846,33,1,312.93
846,16,1,13450.97
847,83,3,741.33
847,93,1,186.14
847,98,2,322.02
848,9999,1,910.33
849,56,2,868.37
849,96,1,320.77
850,25,1,1652.78
851,5,3,3026.39
851,22,3,1475.64
851,71,2,704.54
851,38,3,1342.05
852,68,1,306.66
852,63,4,293.58
852,4,2,2324.92
852,73,2,1195.7
853,9,2,11424.27
854,45,2,1626.32
855,18,1,1854.55
856,47,3,493.52
856,19,3,1007.13
857,34,1,709.99
858,43,2,1760.38
859,14,4,2714.07
859,62,1,398.9
860,49,1,1254.37
860,89,1,366.64
860,68,2,306.66
860,27,2,2010.3
861,56,1,868.37
861,71,1,704.54
861,39,2,1121.52
861,74,2,1549.39
862,23,2,2025.31
862,84,2,605.41
863,4,3,2324.92
863,45,1,1626.32
864,54,1,1639.4
864,9,1,11424.27
865,52,2,3818.59
865,5,1,3026.39
865,94,1,265.1
866,58,2,470.58
866,91,1,432.43
867,76,1,1151.77
867,98,4,322.02
868,78,2,876.32
868,95,1,744.54
868,79,1,1101.69
869,94,1,265.1
869,49,1,1254.37
869,32,2,910.33
869,6,2,22709.9
870,86,1,443.28
870,34,1,709.99
871,74,3,1549.39
872,97,1,423.56
873,24,2,2116.77
874,24,1,2116.77
874,7,3,1169.34
875,21,1,836.3
875,60,1,579.94
876,45,1,1626.32
876,16,1,13450.97
876,90,2,492.26
876,9,1,11424.27
877,64,1,356.43
877,9,1,11424.27
877,27,1,2010.3
877,83,3,741.33
878,87,1,979.4
879,98,1,322.02
879,1,2,28043.24
880,75,2,486.62
880,17,1,2276.26
881,26,2,1210.27
881,70,2,3359.45
882,41,2,994.52
882,20,2,7731.56
883,36,1,601.9
884,48,1,1218.45
884,41,1,994.52
884,37,1,1389.36
884,31,1,1451.87
885,84,3,605.41
886,85,2,279.38
887,86,2,443.28
887,41,2,994.52
887,4,1,2324.92
888,72,2,1918.28
888,65,2,386.47
888,37,2,1389.36
889,57,2,1180.99
889,49,1,1254.37
889,78,2,876.32
889,42,1,800.81
890,5,2,3026.39
891,95,3,744.54
891,33,1,312.93
892,19,2,1007.13
893,16,2,13450.97
893,31,3,1451.87
894,25,1,1652.78
894,17,3,2276.26
895,80,1,629.19
896,14,1,2714.07
897,63,1,293.58
897,69,1,1191.69
897,85,2,279.38
898,71,1,704.54
899,2,1,3011.06
900,73,2,1195.7
901,18,1,1854.55
902,30,1,3480.53
902,49,3,1254.37
902,7,2,1169.34
903,100,1,828.75
903,5,2,3026.39
904,10,3,1936.14
904,57,1,1180.99
905,2,5,3011.06
906,71,2,704.54
907,42,5,800.81
907,59,1,488.56
908,2,1,3011.06
908,13,1,2131.33
909,93,1,186.14
909,14,1,2714.07
909,61,3,356.45
910,58,1,470.58
911,94,1,265.1
911,55,3,1652.62
912,35,3,2865.41
912,84,1,605.41
912,79,4,1101.69
913,97,1,423.56
913,71,1,704.54
913,83,1,741.33
914,84,1,605.41
914,85,2,279.38
914,42,1,800.81
915,78,2,876.32
915,35,1,2865.41
915,56,5,868.37
916,83,1,741.33
916,59,1,488.56
916,8,2,2448.97
916,55,2,1652.62
916,63,2,293.58
917,44,2,6528.88
918,65,2,386.47
918,64,2,356.43
919,47,1,493.52
919,28,1,579.08
919,46,1,253.36
920,55,2,1652.62
920,70,1,3359.45
920,78,1,876.32
921,30,4,3480.53
921,59,1,488.56
922,40,3,1418.4
922,31,3,1451.87
923,77,2,1315.33
923,71,2,704.54
924,39,4,1121.52
924,68,1,306.66
925,57,1,1180.99
925,42,2,800.81
926,97,4,423.56
926,11,1,9461.52
927,77,2,1315.33
928,62,2,398.9
929,61,4,356.45
930,85,1,279.38
930,8,1,2448.97
931,59,2,488.56
931,60,1,579.94
931,1,3,28043.24
931,37,1,1389.36
931,90,1,492.26
932,2,1,3011.06
932,15,2,3494.53
933,95,1,744.54
933,73,1,1195.7
933,22,3,1475.64
934,79,1,1101.69
934,98,1,322.02
934,2,4,3011.06
934,26,2,1210.27
935,52,1,3818.59
935,33,1,312.93
936,76,4,1151.77
936,22,5,1475.64
936,92,2,1591.57
937,85,2,279.38
938,89,1,366.64
938,7,1,1169.34
939,81,1,641.39
939,21,1,836.3
939,9999,1,186.14
939,56,1,868.37
940,94,2,265.1
940,40,1,1418.4
940,70,5,3359.45
941,33,2,312.93
941,87,2,979.4
941,24,1,2116.77
942,67,1,464.47
942,69,1,1191.69
943,8,2,2448.97
943,40,5,1418.4
943,62,1,398.9
943,100,1,828.75
943,33,4,312.93
944,94,1,265.1
945,56,3,868.37
945,72,2,1918.28
945,15,2,3494.53
946,19,2,1007.13
946,92,1,1591.57
947,11,1,9461.52
947,84,1,605.41
947,68,1,306.66
947,99,4,458.92
948,87,3,979.4
949,31,1,1451.87
950,1,3,28043.24
951,43,1,1760.38
951,35,1,2865.41
952,64,2,356.43
952,32,3,910.33
953,27,1,2010.3
953,70,2,3359.45
954,84,0,605.41
955,80,2,629.19
955,89,1,366.64
956,77,3,1315.33
957,1,1,28043.24
957,8,1,2448.97
958,99,1,458.92
959,20,1,7731.56
959,82,1,300.41
959,21,2,836.3
959,37,1,1389.36
960,36,1,601.9
960,64,3,356.43
960,34,1,709.99
961,35,1,2865.41
961,93,2,186.14
961,92,1,1591.57
961,5,2,3026.39
961,34,2,709.99
962,93,2,186.14
962,35,2,2865.41
963,36,2,601.9
964,55,2,1652.62
965,79,1,1101.69
966,31,1,1451.87
966,56,1,868.37
966,28,1,579.08
967,27,2,2010.3
967,94,3,265.1
968,13,2,2131.33
968,71,2,704.54
968,46,4,253.36
968,28,2,579.08
969,81,1,641.39
969,10,1,1936.14
970,85,3,279.38
970,53,2,620.53
971,41,2,994.52
971,39,1,1121.52
972,11,1,9461.52
972,31,1,1451.87
972,46,2,253.36
972,56,1,868.37
973,14,1,2714.07
973,44,2,6528.88
974,42,1,800.81
975,82,1,300.41
975,85,1,279.38
975,41,2,994.52
976,70,1,3359.45
976,3,2,64028.3
976,17,2,2276.26
976,59,1,488.56
976,99,1,458.92
977,13,1,2131.33
977,63,2,293.58
977,22,1,1475.64
977,42,1,800.81
978,91,1,432.43
978,37,2,1389.36
979,22,1,1475.64
979,21,1,836.3
979,10,1,1936.14
980,55,2,1652.62
980,85,4,279.38
980,34,3,709.99
981,38,4,1342.05
981,95,2,744.54
981,53,0,620.53
981,86,2,443.28
982,90,1,492.26
983,2,3,3011.06
984,62,1,398.9
984,82,3,300.41
984,54,2,1639.4
984,28,1,579.08
985,21,1,836.3
985,13,2,2131.33
986,38,1,1342.05
986,37,5,1389.36
987,37,1,1389.36
987,49,1,1254.37
987,83,1,741.33
988,55,1,1652.62
988,63,1,293.58
988,77,1,1315.33
989,61,1,356.45
989,8,4,2448.97
989,51,1,1385.93
990,35,3,2865.41
991,44,1,6528.88
992,12,1,5690.75
992,83,2,741.33
992,48,1,1218.45
993,97,3,423.56
994,97,1,423.56
995,59,1,488.56
995,10,1,1936.14
996,57,2,1180.99
996,91,1,432.43
997,72,1,1918.28
998,73,1,1195.7
998,81,1,641.39
999,83,1,741.33
999,8,1,2448.97
1000,66,4,728.79
1000,65,1,386.47
1001,46,1,253.36
1001,54,3,1639.4
1002,45,1,1626.32
1002,99,1,458.92
1002,54,1,1639.4
1003,66,2,728.79
1004,1,5,28043.24
1004,86,3,443.28
1005,2,5,3011.06
1005,27,1,2010.3
1005,20,1,7731.56
1006,28,3,579.08
1006,99,1,458.92
1006,48,1,1218.45
1007,30,1,3480.53
1008,91,2,432.43
1009,44,2,6528.88
1009,56,2,868.37
1009,54,1,1639.4
1010,82,3,300.41
1011,37,2,1389.36
1012,42,1,800.81
1013,37,2,1389.36
1014,69,1,1191.69
1014,90,2,492.26
1015,35,2,2865.41
1016,6,1,22709.9
1017,47,4,493.52
1018,44,1,6528.88
1019,30,2,3480.53
1020,22,3,1475.64
1021,63,5,293.58
1021,30,1,3480.53
1022,60,2,579.94
1023,98,4,322.02
1024,69,1,1191.69
1024,20,1,7731.56
1025,68,3,306.66
1025,6,2,22709.9
1025,2,1,3011.06
1025,17,1,2276.26
1025,24,2,2116.77
1026,3,2,64028.3
1026,7,1,1169.34
1026,2,2,3011.06
1027,41,1,994.52
1028,98,3,322.02
1028,10,1,1936.14
1029,66,1,728.79
1029,47,1,493.52
1030,26,1,1210.27
1030,92,2,1591.57
1031,58,1,470.58
1031,82,1,300.41
1031,61,2,356.45
1032,40,5,1418.4
1032,8,1,2448.97
1033,67,4,464.47
1034,71,1,704.54
1034,95,0,744.54
1034,87,1,979.4
1034,59,1,488.56
1035,60,1,579.94
1035,20,1,7731.56
1036,80,1,629.19
1036,100,3,828.75
1036,39,2,1121.52
1037,96,2,320.77
1038,93,1,186.14
1039,21,1,836.3
1039,92,1,1591.57
1039,7,1,1169.34
1039,9,1,11424.27
1040,3,2,64028.3
1040,20,2,7731.56
1040,48,2,1218.45
1040,95,1,744.54
1040,31,1,1451.87
1041,71,1,704.54
1041,2,4,3011.06
1041,75,1,486.62
1042,42,2,800.81
1042,77,4,1315.33
1042,95,3,744.54
1043,87,2,979.4
1043,31,3,1451.87
1043,30,2,3480.53
1044,36,4,601.9
1044,65,2,386.47
1044,92,1,1591.57
1044,83,1,741.33
1044,50,3,1105.68
1045,84,2,605.41
1045,10,1,1936.14
1046,54,1,1639.4
1047,38,1,1342.05
1047,45,1,1626.32
1047,5,3,3026.39
1048,69,3,1191.69
1049,65,2,386.47
1049,72,1,1918.28
1049,43,1,1760.38
1049,39,1,1121.52
1050,27,3,2010.3
1051,97,1,423.56
1051,18,3,1854.55
1052,89,3,366.64
1052,86,1,443.28
1053,86,2,443.28
1053,38,2,1342.05
1054,33,2,312.93
1054,86,1,443.28
1054,34,2,709.99
1054,63,1,293.58
1055,96,1,320.77
1055,77,1,1315.33
1056,38,1,1342.05
1057,41,1,994.52
1057,67,3,464.47
1058,1,1,28043.24
1058,7,2,1169.34
1059,100,4,828.75
1059,85,1,279.38
1060,15,1,3494.53
1060,83,1,741.33
1061,16,2,13450.97
1061,21,1,836.3
1062,6,2,22709.9
1062,29,1,4319.5
1062,50,3,1105.68
1063,43,1,1760.38
1063,78,2,876.32
1064,76,1,1151.77
1064,45,1,1626.32
1064,68,2,306.66
1064,39,2,1121.52
1065,91,1,432.43
1066,97,1,423.56
1067,9,2,11424.27
1067,9999,3,7731.56
1067,18,1,1854.55
1067,59,1,488.56
1068,72,1,1918.28
1068,98,1,322.02
1069,17,2,2276.26
1070,52,2,3818.59
1070,94,1,265.1
1071,51,2,1385.93
1072,48,4,1218.45
1072,6,2,22709.9
1073,80,1,629.19
1074,70,3,3359.45
1074,86,1,443.28
1075,6,1,22709.9
1075,31,1,1451.87
1075,59,1,488.56
1076,94,4,265.1
1076,98,3,322.02
1076,20,1,7731.56
1076,35,1,2865.41
1076,21,1,836.3
1077,73,1,1195.7
1077,11,3,9461.52
1077,15,2,3494.53
1077,71,1,704.54
1078,36,2,601.9
1079,57,1,1180.99
1080,55,1,1652.62
1080,9,2,11424.27
1080,36,1,601.9
1080,41,2,994.52
1081,33,1,312.93
1081,82,1,300.41
1081,58,4,470.58
1082,60,1,579.94
1083,65,1,386.47
1084,80,3,629.19
1084,88,2,457.85
1084,95,2,744.54
1085,74,2,1549.39
1086,58,2,470.58
1086,68,5,306.66
1087,79,3,1101.69
1087,20,1,7731.56
1087,45,1,1626.32
1087,38,2,1342.05
1088,70,1,3359.45
1089,92,3,1591.57
1089,9,1,11424.27
1089,31,1,1451.87
1089,69,4,1191.69
1090,55,3,1652.62
1091,82,1,300.41
1092,39,3,1121.52
1092,85,1,279.38
1092,33,3,312.93
1093,61,1,356.45
1093,94,0,265.1
1093,9,1,11424.27
1093,43,1,1760.38
1094,20,2,7731.56
1094,25,1,1652.78
1095,23,1,2025.31
1096,77,2,1315.33
1096,13,2,2131.33
1097,10,2,1936.14
1097,98,2,322.02
1097,28,1,579.08
1098,1,3,28043.24
1099,51,2,1385.93
1100,53,1,620.53
1101,6,4,22709.9
1101,1,2,28043.24
1102,99,2,458.92
1102,90,1,492.26
1103,17,1,2276.26
1103,67,4,464.47
1104,86,1,443.28
1104,91,3,432.43
1104,25,1,1652.78
1104,10,1,1936.14
1105,60,3,579.94
1105,25,2,1652.78
1106,8,1,2448.97
1107,87,1,979.4
1108,80,3,629.19
1108,45,2,1626.32
1109,97,4,423.56
1109,40,1,1418.4
1109,22,5,1475.64
1110,20,2,7731.56
1111,31,3,1451.87
1111,98,1,322.02
1112,56,5,868.37
1112,77,1,1315.33
1112,95,4,744.54
1112,7,1,1169.34
1112,41,1,994.52
1113,98,3,322.02
1114,87,1,979.4
1114,75,2,486.62
1115,54,1,1639.4
1116,71,3,704.54
1117,77,1,1315.33
1118,68,1,306.66
1119,31,1,1451.87
1119,43,3,1760.38
1120,30,2,3480.53
1120,41,1,994.52
1121,31,3,1451.87
1121,24,1,2116.77
1121,22,1,1475.64
1122,11,1,9461.52
1122,36,2,601.9
1123,13,1,2131.33
1123,7,1,1169.34
1123,12,1,5690.75
1123,64,2,356.43
1123,9999,1,1180.99
1124,100,3,828.75
1124,21,1,836.3
1124,62,1,398.9
1125,47,1,493.52
1125,23,1,2025.31
1126,2,1,3011.06
1126,55,3,1652.62
1126,59,3,488.56
1127,72,1,1918.28
1127,20,1,7731.56
1127,51,1,1385.93
1128,66,1,728.79
1129,77,1,1315.33
1129,78,1,876.32
1130,30,1,3480.53
1130,33,1,312.93
1131,12,3,5690.75
1131,71,2,704.54
1131,35,1,2865.41
1132,60,1,579.94
1132,74,3,1549.39
1132,84,1,605.41
1132,11,3,9461.52
1132,53,2,620.53
1133,83,2,741.33
1134,13,1,2131.33
1135,70,4,3359.45
1136,85,4,279.38
1136,41,1,994.52
1137,37,2,1389.36
1137,4,1,2324.92
1137,97,1,423.56
1138,17,3,2276.26
1139,62,2,398.9
1140,1,1,28043.24
1140,17,2,2276.26
1141,97,2,423.56
1142,74,1,1549.39
1142,9999,1,2714.07
1143,67,1,464.47
1144,46,3,253.36
1145,6,1,22709.9
1145,86,1,443.28
1145,33,1,312.93
1146,6,1,22709.9
1146,61,1,356.45
1147,92,2,1591.57
1147,1,1,28043.24
1147,70,3,3359.45
1148,6,3,22709.9
1149,96,1,320.77
1149,87,1,979.4
1150,52,1,3818.59
1150,12,3,5690.75
1150,94,1,265.1
1151,72,1,1918.28
1151,47,1,493.52
1152,38,2,1342.05
1152,66,1,728.79
1152,91,1,432.43
1152,9,1,11424.27
1152,94,5,265.1
1153,89,2,366.64
1153,82,1,300.41
1153,84,1,605.41
1154,50,1,1105.68
1154,10,4,1936.14
1154,42,2,800.81
1154,76,3,1151.77
1155,51,1,1385.93
1156,70,2,3359.45
1156,63,1,293.58
1156,25,1,1652.78
1157,51,2,1385.93
1157,31,2,1451.87
1158,3,1,64028.3
1158,66,1,728.79
1158,55,1,1652.62
1159,55,2,1652.62
1159,2,1,3011.06
1159,94,2,265.1
1159,32,1,910.33
1160,64,1,356.43
1161,52,2,3818.59
1161,87,2,979.4
1161,92,2,1591.57
1162,50,1,1105.68
1163,29,1,4319.5
1163,74,1,1549.39
1164,9,1,11424.27
1164,62,1,398.9
1165,62,1,398.9
1165,87,2,979.4
1165,85,3,279.38
1166,31,1,1451.87
1166,8,5,2448.97
1166,28,1,579.08
1167,36,1,601.9
1167,31,1,1451.87
1168,8,2,2448.97
1168,49,1,1254.37
1169,61,5,356.45
1169,91,2,432.43
1169,42,3,800.81
1169,99,2,458.92
1170,51,2,1385.93
1170,92,2,1591.57
1170,98,1,322.02
1170,15,1,3494.53
1170,1,2,28043.24
1171,29,5,4319.5
1171,8,2,2448.97
1172,86,1,443.28
1173,93,1,186.14
1174,57,2,1180.99
1174,13,4,2131.33
1175,63,1,293.58
1175,12,1,5690.75
1175,85,1,279.38
1175,82,1,300.41
1176,46,1,253.36
1176,8,1,2448.97
1176,40,3,1418.4
1176,59,1,488.56
1176,50,1,1105.68
1177,57,1,1180.99
1177,47,1,493.52
1177,31,1,1451.87
1178,11,1,9461.52
1178,57,1,1180.99
1178,64,3,356.43
1178,26,1,1210.27
1178,33,1,312.93
1179,27,1,2010.3
1179,98,1,322.02
1179,5,1,3026.39
1180,87,3,979.4
1180,45,1,1626.32
1181,74,1,1549.39
1181,1,2,28043.24
1182,84,1,605.41
1182,90,2,492.26
1183,95,1,744.54
1183,99,2,458.92
1183,49,1,1254.37
1184,12,1,5690.75
1184,18,2,1854.55
1184,40,2,1418.4
1185,98,3,322.02
1186,20,1,7731.56
1186,44,2,6528.88
1187,50,1,1105.68
1187,100,1,828.75
1187,47,1,493.52
1187,41,2,994.52
1188,86,1,443.28
1188,19,3,1007.13
1189,98,1,322.02
1190,25,3,1652.78
1190,68,2,306.66
1191,93,2,186.14
1192,77,3,1315.33
1192,3,1,64028.3
1192,88,3,457.85
1193,58,1,470.58
1193,38,1,1342.05
1193,14,1,2714.07
1193,8,4,2448.97
1193,28,2,579.08
1194,88,2,457.85
1194,11,3,9461.52
1194,58,1,470.58
1195,19,1,1007.13
1195,28,2,579.08
1195,39,3,1121.52
1195,46,1,253.36
1196,83,2,741.33
1196,41,3,994.52
1196,45,1,1626.32
1196,78,1,876.32
1196,47,1,493.52
1197,73,1,1195.7
1197,53,1,620.53
1198,22,2,1475.64
1198,61,2,356.45
1199,80,2,629.19
1200,52,1,3818.59
1200,46,1,253.36
1201,77,4,1315.33
1201,36,1,601.9
1202,65,1,386.47
1202,62,1,398.9
1202,76,1,1151.77
1202,50,1,1105.68
1203,95,1,744.54
1203,67,1,464.47
1204,51,5,1385.93
1204,33,5,312.93
1204,59,2,488.56
1205,18,2,1854.55
1206,79,1,1101.69
1207,12,1,5690.75
1207,50,2,1105.68
1207,28,3,579.08
1208,43,1,1760.38
1208,32,2,910.33
1208,75,-2,486.62
1208,84,3,605.41
1209,77,3,1315.33
1209,48,1,1218.45
1209,100,1,828.75
1209,8,1,2448.97
1209,12,2,5690.75
1210,95,1,744.54
1210,50,3,1105.68
1210,25,1,1652.78
1211,94,2,265.1
1212,83,2,741.33
1212,38,1,1342.05
1212,26,1,1210.27
1213,53,1,620.53
1214,43,1,1760.38
1214,24,1,2116.77
1214,86,2,443.28
1215,39,1,1121.52
1215,74,1,1549.39
1216,9,4,11424.27
1216,4,2,2324.92
1217,13,2,2131.33
1217,15,3,3494.53
1218,91,2,432.43
1219,83,1,741.33
1220,98,3,322.02
1220,35,2,2865.41
1221,41,1,994.52
1221,32,1,910.33
1221,78,3,876.32
1222,27,4,2010.3
1222,41,2,994.52
1222,99,2,458.92
1222,68,2,306.66
1223,54,1,1639.4
1224,65,1,386.47
1225,21,3,836.3
1225,73,1,1195.7
1226,53,1,620.53
1227,55,1,1652.62
1227,65,3,386.47
1227,19,0,1007.13
1227,10,1,1936.14
1227,13,1,2131.33
1228,33,1,312.93
1228,86,3,443.28
1228,70,2,3359.45
1229,16,3,13450.97
1229,49,1,1254.37
1229,9,2,11424.27
1229,91,5,432.43
1230,32,2,910.33
1230,36,1,601.9
1230,28,3,579.08
1231,51,1,1385.93
1231,52,1,3818.59
1232,47,1,493.52
1233,2,2,3011.06
1233,13,1,2131.33
1233,25,2,1652.78
1233,8,3,2448.97
1234,44,3,6528.88
1234,37,1,1389.36
1234,50,1,1105.68
1235,6,2,22709.9
1235,7,2,1169.34
1235,23,1,2025.31
1236,5,1,3026.39
1236,65,1,386.47
1237,4,1,2324.92
1237,58,1,470.58
1238,27,1,2010.3
1239,79,1,1101.69
1240,45,3,1626.32
1240,39,1,1121.52
1241,8,3,2448.97
1242,1,1,28043.24
1242,83,1,741.33
1243,54,2,1639.4
1243,10,1,1936.14
1243,77,1,1315.33
1244,3,1,64028.3
1244,29,1,4319.5
1245,97,2,423.56
1246,68,1,306.66
1246,85,2,279.38
1247,100,1,828.75
1247,12,1,5690.75
1248,84,1,605.41
1249,38,1,1342.05
1249,17,2,2276.26
1249,48,1,1218.45
1249,47,1,493.52
1250,46,1,253.36
1251,86,3,443.28
1251,43,1,1760.38
1252,32,1,910.33
1252,5,2,3026.39
1252,63,1,293.58
1252,13,1,2131.33
1253,62,2,398.9
1253,36,2,601.9
1253,23,4,2025.31
1253,72,5,1918.28
1254,14,4,2714.07
1255,9999,2,641.39
1256,80,1,629.19
1256,78,4,876.32
1256,55,2,1652.62
1257,9,1,11424.27
1257,15,2,3494.53
1258,45,5,1626.32
1258,74,1,1549.39
1259,75,2,486.62
1259,28,1,579.08
1259,77,2,1315.33
1260,80,2,629.19
1260,8,1,2448.97
1260,89,4,366.64
1261,30,5,3480.53
1261,45,4,1626.32
1262,100,1,828.75
1262,22,1,1475.64
1262,44,1,6528.88
1262,37,1,1389.36
1263,35,1,2865.41
1263,97,1,423.56
1263,76,3,1151.77
1264,3,1,64028.3
1265,81,3,641.39
1266,67,1,464.47
1266,72,3,1918.28
1267,89,1,366.64
1267,19,1,1007.13
1267,28,1,579.08
1268,89,1,366.64
1268,10,1,1936.14
1268,85,1,279.38
1269,9999,3,464.47
1270,69,1,1191.69
1270,97,3,423.56
1270,18,3,1854.55
1270,44,2,6528.88
1271,35,2,2865.41
1272,58,1,470.58
1272,96,2,320.77
1272,86,3,443.28
1273,94,1,265.1
1273,79,1,1101.69
1273,3,1,64028.3
1274,9,2,11424.27
1274,71,4,704.54
1275,5,1,3026.39
1275,55,3,1652.62
1276,61,2,356.45
1276,12,2,5690.75
1276,69,2,1191.69
1276,40,3,1418.4
1276,16,2,13450.97
1277,78,2,876.32
1278,66,2,728.79
1279,92,3,1591.57
1279,93,1,186.14
1280,15,1,3494.53
1281,68,2,306.66
1281,22,1,1475.64
1281,82,1,300.41
1281,10,1,1936.14
1282,73,3,1195.7
1282,99,1,458.92
1283,46,1,253.36
1283,1,1,28043.24
1284,38,3,1342.05
1284,30,2,3480.53
1285,40,3,1418.4
1285,79,1,1101.69
1286,29,1,4319.5
1287,26,1,1210.27
1287,59,1,488.56
1288,16,5,13450.97
1288,24,1,2116.77
1288,36,1,601.9
1289,73,1,1195.7
1289,75,2,486.62
1290,10,1,1936.14
1291,12,1,5690.75
1292,37,3,1389.36
1292,75,3,486.62
1292,69,1,1191.69
1292,64,2,356.43
1293,29,1,4319.5
1294,47,1,493.52
1294,35,2,2865.41
1294,97,1,423.56
1295,53,2,620.53
1296,71,1,704.54
1297,55,1,1652.62
1297,72,3,1918.28
1298,33,4,312.93
1298,83,1,741.33
1299,44,3,6528.88
1300,38,1,1342.05
1300,79,1,1101.69
1301,90,5,492.26
1301,100,3,828.75
1302,43,5,1760.38
1302,74,3,1549.39
1303,39,1,1121.52
1303,82,2,300.41
1303,9,1,11424.27
1304,23,2,2025.31
1304,5,1,3026.39
1304,32,1,910.33
1304,67,1,464.47
1305,68,1,306.66
1305,76,1,1151.77
1305,89,1,366.64
1306,76,1,1151.77
1307,79,2,1101.69
1307,27,1,2010.3
1307,80,2,629.19
1308,32,1,910.33
1308,69,1,1191.69
1308,60,1,579.94
1308,44,2,6528.88
1309,74,2,1549.39
1309,17,3,2276.26
1310,98,1,322.02
1311,81,2,641.39
1311,23,3,2025.31
1311,3,1,64028.3
1312,99,1,458.92
1312,29,1,4319.5
1313,8,1,2448.97
1314,81,4,641.39
1314,7,2,1169.34
1315,61,5,356.45
1315,28,1,579.08
1315,94,1,265.1
1316,75,1,486.62
1316,65,1,386.47
1316,98,1,322.02
1317,22,1,1475.64
1317,17,1,2276.26
1318,42,1,800.81
1319,32,2,910.33
1320,71,1,704.54
1321,27,2,2010.3
1321,34,1,709.99
1321,100,1,828.75
1322,67,5,464.47
1322,37,2,1389.36
1322,38,3,1342.05
1323,12,1,5690.75
1323,66,2,728.79
1323,58,1,470.58
1323,18,2,1854.55
1324,47,4,493.52
1324,57,1,1180.99
1325,22,1,1475.64
1326,48,1,1218.45
1326,45,1,1626.32
1326,46,3,253.36
1326,61,1,356.45
1326,1,1,28043.24
1327,82,3,300.41
1327,6,1,22709.9
1327,73,2,1195.7
1328,37,4,1389.36
1328,7,1,1169.34
1329,62,1,398.9
1330,62,2,398.9
1330,46,4,253.36
1330,47,1,493.52
1331,63,1,293.58
1331,36,1,601.9
1332,8,2,2448.97
1333,20,2,7731.56
1333,39,3,1121.52
1333,44,4,6528.88
1333,71,0,704.54
1334,36,1,601.9
1334,33,2,312.93
1334,16,3,13450.97
1335,30,2,3480.53
1335,73,4,1195.7
1335,22,1,1475.64
1336,35,1,2865.41
1336,52,1,3818.59
1336,64,1,356.43
1337,10,1,1936.14
1337,96,2,320.77
1338,80,1,629.19
1338,93,1,186.14
1338,43,2,1760.38
1339,65,1,386.47
1339,10,3,1936.14
1339,27,2,2010.3
1340,53,2,620.53
1340,52,-2,3818.59
1340,37,1,1389.36
1340,69,1,1191.69
1341,89,3,366.64
1342,77,1,1315.33
1342,29,2,4319.5
1342,87,1,979.4
1342,24,3,2116.77
1343,65,3,386.47
1343,22,1,1475.64
1343,9999,3,579.94
1343,78,1,876.32
1344,33,1,312.93
1344,81,1,641.39
1344,100,3,828.75
1344,53,1,620.53
1345,40,1,1418.4
1346,32,1,910.33
1347,10,1,1936.14
1347,96,1,320.77
1347,14,4,2714.07
1348,9999,2,1180.99
1348,32,2,910.33
1348,90,1,492.26
1349,3,1,64028.3
1349,14,1,2714.07
1350,5,1,3026.39
1350,13,1,2131.33
1350,73,2,1195.7
1351,64,1,356.43
1352,53,2,620.53
1352,29,1,4319.5
1353,97,1,423.56
1354,45,1,1626.32
1355,45,1,1626.32
1355,51,2,1385.93
1355,18,3,1854.55
1356,64,2,356.43
1357,69,2,1191.69
1358,86,1,443.28
1359,9,1,11424.27
1360,58,1,470.58
1360,19,2,1007.13
1360,6,2,22709.9
1361,92,3,1591.57
1361,72,1,1918.28
1362,41,5,994.52
1362,69,1,1191.69
1363,45,1,1626.32
1363,35,1,2865.41
1364,89,1,366.64
1364,18,2,1854.55
1365,39,1,1121.52
1366,94,2,265.1
1366,79,5,1101.69
1366,89,1,366.64
1366,50,1,1105.68
1366,13,1,2131.33
1367,87,1,979.4
1368,26,1,1210.27
1369,87,1,979.4
1369,60,1,579.94
1370,89,1,366.64
1370,19,1,1007.13
1370,9999,1,253.36
1371,48,1,1218.45
1371,27,2,2010.3
1371,46,1,253.36
1371,79,1,1101.69
1371,7,2,1169.34
1372,39,2,1121.52
1372,66,3,728.79
1373,88,2,457.85
1373,87,1,979.4
1374,18,2,1854.55
1375,45,3,1626.32
1375,84,1,605.41
1376,18,1,1854.55
1377,66,1,728.79
1377,88,3,457.85
1377,20,1,7731.56
1377,84,1,605.41
1378,90,2,492.26
1379,57,1,1180.99
1379,31,3,1451.87
1380,59,1,488.56
1381,27,1,2010.3
1382,89,2,366.64
1382,31,1,1451.87
1382,2,1,3011.06
1382,98,1,322.02
1383,95,2,744.54
1383,31,1,1451.87
1383,34,2,709.99
1383,35,1,2865.41
1383,18,1,1854.55
1384,88,4,457.85
1384,63,0,293.58
1384,26,1,1210.27
1384,42,1,800.81
1384,21,1,836.3
1385,31,1,1451.87
1385,29,2,4319.5
1386,1,2,28043.24
1386,38,1,1342.05
1387,62,1,398.9
1387,12,2,5690.75
1388,73,2,1195.7
1389,23,2,2025.31
1389,26,1,1210.27
1389,36,1,601.9
1390,37,3,1389.36
1390,45,1,1626.32
1391,88,3,457.85
1392,1,1,28043.24
1392,38,1,1342.05
1393,90,3,492.26
1393,23,2,2025.31
1393,37,1,1389.36
1393,41,1,994.52
1394,43,3,1760.38
1394,10,3,1936.14
1395,15,1,3494.53
1395,85,1,279.38
1395,26,1,1210.27
1395,49,2,1254.37
1396,25,1,1652.78
1396,48,2,1218.45
1396,52,1,3818.59
1397,9999,1,2025.31
1398,41,2,994.52
1399,4,2,2324.92
1399,27,3,2010.3
1400,27,1,2010.3
1401,97,1,423.56
1401,98,1,322.02
1402,22,2,1475.64
1403,81,3,641.39
1403,42,1,800.81
1403,63,1,293.58
1403,2,2,3011.06
1404,7,1,1169.34
1404,41,1,994.52
1404,30,2,3480.53
1404,93,1,186.14
1405,71,3,704.54
1405,69,2,1191.69
1406,4,3,2324.92
1407,98,3,322.02
1408,25,1,1652.78
1408,57,3,1180.99
1409,4,1,2324.92
1409,47,3,493.52
1409,53,2,620.53
1410,84,3,605.41
1410,11,2,9461.52
1410,27,2,2010.3
1411,63,1,293.58
1412,17,2,2276.26
1412,35,2,2865.41
1412,58,1,470.58
1413,69,1,1191.69
1414,30,1,3480.53
1414,12,3,5690.75
1415,87,3,979.4
1415,59,1,488.56
1415,68,1,306.66
1416,42,2,800.81
1417,54,3,1639.4
1417,37,3,1389.36
1418,44,1,6528.88
1419,74,1,1549.39
1419,55,2,1652.62
1419,25,1,1652.78
1420,51,2,1385.93
1420,100,3,828.75
1420,24,1,2116.77
1420,93,1,186.14
1421,6,4,22709.9
1421,13,1,2131.33
1421,95,1,744.54
1421,23,1,2025.31
1422,66,1,728.79
1422,33,1,312.93
1423,93,5,186.14
1423,17,2,2276.26
1424,6,2,22709.9
1424,90,1,492.26
1425,79,2,1101.69
1426,43,2,1760.38
1426,42,1,800.81
1426,20,1,7731.56
1427,95,1,744.54
1428,83,1,741.33
1428,66,1,728.79
1429,38,1,1342.05
1429,69,1,1191.69
1429,9999,2,493.52
1430,18,4,1854.55
1430,79,1,1101.69
1430,98,4,322.02
1430,95,1,744.54
1431,28,1,579.08
1431,15,2,3494.53
1432,80,1,629.19
1432,74,1,1549.39
1432,4,2,2324.92
1432,38,2,1342.05
1432,82,1,300.41
1433,77,1,1315.33
1433,72,2,1918.28
1434,99,1,458.92
1434,88,1,457.85
1434,12,2,5690.75
1435,16,3,13450.97
1435,71,1,704.54
1435,80,1,629.19
1435,96,2,320.77
1436,21,2,836.3
1436,34,1,709.99
1436,54,5,1639.4
1437,63,1,293.58
1437,36,2,601.9
1437,73,1,1195.7
1438,88,2,457.85
1438,57,1,1180.99
1439,18,3,1854.55
1440,80,5,629.19
1440,96,3,320.77
1441,50,1,1105.68
1441,74,3,1549.39
1441,82,3,300.41
1441,77,4,1315.33
1442,65,3,386.47
1443,10,2,1936.14
1443,85,2,279.38
1444,35,2,2865.41
1444,73,1,1195.7
1444,8,1,2448.97
1445,23,1,2025.31
1445,70,5,3359.45
1446,62,1,398.9
1446,58,1,470.58
1446,92,2,1591.57
1447,22,3,1475.64
1447,62,1,398.9
1447,23,2,2025.31
1448,52,1,3818.59
1449,1,3,28043.24
1449,14,2,2714.07
1450,76,1,1151.77
1450,44,2,6528.88
1450,28,2,579.08
1451,11,3,9461.52
1451,28,1,579.08
1451,24,3,2116.77
1452,93,1,186.14
1452,63,1,293.58
1453,96,3,320.77
1453,72,2,1918.28
1454,62,4,398.9
1454,45,2,1626.32
1455,35,1,2865.41
1455,25,1,1652.78
1455,24,1,2116.77
1456,8,1,2448.97
1457,74,2,1549.39
1457,7,2,1169.34
1457,43,1,1760.38
1457,41,2,994.52
1457,21,1,836.3
1458,14,1,2714.07
1458,7,2,1169.34
1458,44,1,6528.88
1458,26,3,1210.27
1458,20,2,7731.56
1459,82,2,300.41
1459,61,1,356.45
1460,83,1,741.33
1461,47,1,493.52
1461,33,1,312.93
1461,30,1,3480.53
1461,6,3,22709.9
1461,69,1,1191.69
1462,5,3,3026.39
1462,11,3,9461.52
1462,61,1,356.45
1463,98,1,322.02
1463,62,1,398.9
1463,88,3,457.85
1463,25,1,1652.78
1463,74,2,1549.39
1464,62,2,398.9
1465,80,4,629.19
1465,16,2,13450.97
1466,3,5,64028.3
1466,26,2,1210.27
1467,78,1,876.32
1468,76,1,1151.77
1468,20,1,7731.56
1469,70,1,3359.45
1469,90,1,492.26
1470,25,4,1652.78
1470,58,1,470.58
1471,17,2,2276.26
1471,49,2,1254.37
1471,46,3,253.36
1471,48,1,1218.45
1471,80,2,629.19
1472,54,1,1639.4
1473,28,1,579.08
1473,83,3,741.33
1474,96,2,320.77
1475,74,2,1549.39
1476,20,1,7731.56
1476,92,1,1591.57
1477,31,1,1451.87
1477,26,2,1210.27
1478,17,1,2276.26
1478,47,3,493.52
1478,44,1,6528.88
1478,68,3,306.66
1479,63,1,293.58
1479,81,5,641.39
1479,51,1,1385.93
1480,40,1,1418.4
1480,100,4,828.75
1480,49,1,1254.37
1480,14,1,2714.07
1481,31,1,1451.87
1482,23,4,2025.31
1483,26,2,1210.27
1483,13,3,2131.33
1483,35,1,2865.41
1483,73,1,1195.7
1484,100,4,828.75
1485,55,2,1652.62
1486,74,3,1549.39
1487,83,4,741.33
1487,33,2,312.93
1487,60,4,579.94
1488,90,1,492.26
1488,99,1,458.92
1489,46,1,253.36
1489,98,1,322.02
1489,95,1,744.54
1490,61,1,356.45
1491,10,1,1936.14
1491,38,2,1342.05
1492,92,2,1591.57
1492,18,1,1854.55
1492,54,2,1639.4
1492,72,2,1918.28
1493,69,3,1191.69
1493,22,1,1475.64
1494,64,1,356.43
1495,8,1,2448.97
1495,33,1,312.93
1495,88,3,457.85
1496,90,1,492.26
1496,79,2,1101.69
1496,23,1,2025.31
1497,97,1,423.56
1497,42,1,800.81
1497,45,1,1626.32
1498,49,2,1254.37
1498,21,4,836.3
1498,26,3,1210.27
1498,62,2,398.9
1499,70,2,3359.45
1499,99,1,458.92
1499,17,5,2276.26
1499,75,3,486.62
1500,46,2,253.36
1500,14,1,2714.07
1500,40,1,1418.4
1501,20,4,7731.56
1501,25,2,1652.78
1501,35,1,2865.41
1502,63,2,293.58
1503,12,2,5690.75
1503,77,1,1315.33
1504,96,5,320.77
1504,75,1,486.62
1504,67,1,464.47
1504,13,2,2131.33
1505,57,1,1180.99
1506,11,5,9461.52
1506,22,1,1475.64
1506,53,2,620.53
1506,67,1,464.47
1507,95,3,744.54
1507,70,2,3359.45
1508,54,2,1639.4
1508,2,1,3011.06
1509,13,2,2131.33
1509,58,5,470.58
1510,72,1,1918.28
1510,53,1,620.53
1511,87,1,979.4
1512,12,3,5690.75
1513,29,2,4319.5
1514,26,1,1210.27
1515,87,2,979.4
1515,83,1,741.33
1515,68,3,306.66
1515,99,1,458.92
1516,43,3,1760.38
1516,72,2,1918.28
1517,31,2,1451.87
1517,85,1,279.38
1517,95,1,744.54
1517,87,2,979.4
1518,30,1,3480.53
1518,59,2,488.56
1518,48,2,1218.45
1519,64,3,356.43
1519,90,1,492.26
1519,46,1,253.36
1519,20,1,7731.56
1520,91,1,432.43
1520,36,2,601.9
1520,16,3,13450.97
1520,67,1,464.47
1520,72,3,1918.28
1521,1,2,28043.24
1521,37,3,1389.36
1522,17,1,2276.26
1522,31,1,1451.87
1522,39,1,1121.52
1522,48,1,1218.45
1523,1,1,28043.24
1523,75,2,486.62
1523,9,1,11424.27
1524,37,1,1389.36
1525,72,3,1918.28
1525,83,2,741.33
1526,31,2,1451.87
1526,38,4,1342.05
1527,57,1,1180.99
1527,44,2,6528.88
1527,91,1,432.43
1527,29,4,4319.5
1528,62,1,398.9
1529,63,3,293.58
1529,8,1,2448.97
1530,95,1,744.54
1530,53,1,620.53
1530,99,1,458.92
1530,76,3,1151.77
1531,91,0,432.43
1531,46,2,253.36
1532,91,5,432.43
1532,24,5,2116.77
1533,39,1,1121.52
1533,25,1,1652.78
1533,78,2,876.32
1533,5,1,3026.39
1533,48,3,1218.45
1534,40,2,1418.4
1534,34,4,709.99
1534,42,4,800.81
1535,7,3,1169.34
1535,63,1,293.58
1536,22,3,1475.64
1537,9,1,11424.27
1537,16,1,13450.97
1538,15,2,3494.53
1538,65,1,386.47
1538,62,2,398.9
1539,27,1,2010.3
1539,96,2,320.77
1539,83,1,741.33
1539,23,1,2025.31
1540,76,2,1151.77
1540,7,3,1169.34
1541,92,1,1591.57
1541,14,3,2714.07
1542,18,2,1854.55
1542,22,1,1475.64
1542,73,5,1195.7
1543,75,1,486.62
1544,38,1,1342.05
1545,56,1,868.37
1546,66,2,728.79
1546,58,1,470.58
1547,18,1,1854.55
1548,37,1,1389.36
1548,32,5,910.33
1549,67,1,464.47
1550,90,1,492.26
1550,88,1,457.85
1550,44,3,6528.88
1550,71,1,704.54
1550,43,1,1760.38
1551,74,2,1549.39
1552,88,2,457.85
1553,49,2,1254.37
1554,2,1,3011.06
1555,59,1,488.56
1555,74,1,1549.39
1556,14,3,2714.07
1556,54,1,1639.4
1557,99,1,458.92
1557,5,2,3026.39
1557,1,1,28043.24
1557,37,1,1389.36
1558,21,2,836.3
1558,3,1,64028.3
1558,45,2,1626.32
1559,61,2,356.45
1559,31,2,1451.87
1560,96,2,320.77
1561,90,2,492.26
1561,8,4,2448.97
1562,94,3,265.1
1562,31,2,1451.87
1562,54,1,1639.4
1563,38,2,1342.05
1564,85,5,279.38
1564,96,1,320.77
1564,68,2,306.66
1564,51,2,1385.93
1564,70,1,3359.45
1565,38,3,1342.05
1566,19,2,1007.13
1566,74,2,1549.39
1566,66,1,728.79
1566,4,3,2324.92
1567,70,4,3359.45
1567,76,3,1151.77
1567,5,1,3026.39
1568,14,1,2714.07
1568,88,2,457.85
1568,11,3,9461.52
1569,20,1,7731.56
1569,29,1,4319.5
1570,77,1,1315.33
1570,80,1,629.19
1571,71,1,704.54
1572,66,2,728.79
1573,12,2,5690.75
1573,89,2,366.64
1573,68,1,306.66
1574,36,1,601.9
1574,100,2,828.75
1575,47,3,493.52
1575,72,0,1918.28
1576,58,1,470.58
1577,7,2,1169.34
1577,54,2,1639.4
1577,14,2,2714.07
1578,35,1,2865.41
1578,46,1,253.36
1578,77,3,1315.33
1578,67,1,464.47
1579,51,2,1385.93
1580,68,1,306.66
1580,92,1,1591.57
1581,72,3,1918.28
1581,33,2,312.93
1581,21,3,836.3
1582,35,2,2865.41
1583,84,1,605.41
1584,74,1,1549.39
1584,39,2,1121.52
1585,30,3,3480.53
1585,55,1,1652.62
1586,12,1,5690.75
1586,51,1,1385.93
1587,35,1,2865.41
1587,95,1,744.54
1587,36,2,601.9
1588,5,3,3026.39
1588,29,2,4319.5
1588,68,1,306.66
1589,21,1,836.3
1590,75,1,486.62
1591,39,3,1121.52
1592,81,2,641.39
1592,58,1,470.58
1593,43,1,1760.38
1594,81,5,641.39
1594,1,1,28043.24
1595,21,1,836.3
1596,26,2,1210.27
1596,75,2,486.62
1596,56,1,868.37
1596,25,2,1652.78
1597,37,3,1389.36
1597,64,2,356.43
1598,27,2,2010.3
1599,17,1,2276.26
1599,43,3,1760.38
1600,4,1,2324.92
1601,67,4,464.47
1601,45,3,1626.32
1602,62,3,398.9
1602,57,2,1180.99
1603,61,1,356.45
1604,50,1,1105.68
1604,84,1,605.41
1604,31,3,1451.87
1605,50,2,1105.68
1605,81,3,641.39
1605,73,2,1195.7
1606,84,1,605.41
1607,89,2,366.64
1607,26,1,1210.27
1607,46,1,253.36
1607,93,2,186.14
1608,47,3,493.52
1609,13,2,2131.33
1609,81,2,641.39
1610,67,3,464.47
1611,53,2,620.53
1612,35,3,2865.41
1613,59,1,488.56
1613,62,1,398.9
1614,65,1,386.47
1615,84,1,605.41
1616,70,3,3359.45
1616,86,1,443.28
1617,99,1,458.92
1618,34,1,709.99
1618,9,1,11424.27
1618,22,1,1475.64
1619,87,5,979.4
1620,52,1,3818.59
1621,47,3,493.52
1622,31,2,1451.87
1622,33,1,312.93
1623,38,1,1342.05
1623,51,1,1385.93
1624,80,2,629.19
1624,4,3,2324.92
1625,32,3,910.33
1625,65,1,386.47
1626,43,1,1760.38
1627,16,1,13450.97
1627,46,1,253.36
1627,21,1,836.3
1628,83,1,741.33
1628,18,1,1854.55
1628,16,1,13450.97
1628,55,4,1652.62
1629,40,1,1418.4
1629,21,1,836.3
1629,48,1,1218.45
1630,13,1,2131.33
1630,58,3,470.58
1630,3,2,64028.3
1630,6,2,22709.9
1630,95,1,744.54
1631,54,1,1639.4
1631,98,2,322.02
1632,53,3,620.53
1632,64,1,356.43
1633,92,3,1591.57
1634,92,1,1591.57
1635,79,2,1101.69
1635,57,3,1180.99
1635,73,2,1195.7
1636,88,3,457.85
1636,29,2,4319.5
1637,33,2,312.93
1638,55,1,1652.62
1639,69,4,1191.69
1639,49,2,1254.37
1639,22,1,1475.64
1639,67,2,464.47
1640,24,1,2116.77
1641,37,1,1389.36
1642,85,1,279.38
1642,50,2,1105.68
1642,75,1,486.62
1643,37,2,1389.36
1643,73,1,1195.7
1643,64,3,356.43
1643,68,1,306.66
1643,76,1,1151.77
1644,6,1,22709.9
1644,63,1,293.58
1645,79,1,1101.69
1645,66,1,728.79
1645,7,2,1169.34
1645,21,1,836.3
1645,16,1,13450.97
1646,64,2,356.43
1646,40,1,1418.4
1647,73,1,1195.7
1648,23,1,2025.31
1648,81,1,641.39
1648,73,4,1195.7
1648,52,5,3818.59
1648,80,1,629.19
1649,48,2,1218.45
1649,61,1,356.45
1650,52,1,3818.59
1650,55,1,1652.62
1650,61,1,356.45
1651,60,1,579.94
1651,19,3,1007.13
1651,18,5,1854.55
1651,53,1,620.53
1651,23,2,2025.31
1652,13,2,2131.33
1652,92,1,1591.57
1652,9999,1,2025.31
1652,98,2,322.02
1652,51,2,1385.93
1653,33,2,312.93
1653,56,1,868.37
1653,98,1,322.02
1654,5,2,3026.39
1654,51,2,1385.93
1655,7,1,1169.34
1656,50,1,1105.68
1656,39,1,1121.52
1657,91,1,432.43
1657,23,1,2025.31
1657,94,2,265.1
1658,18,1,1854.55
1658,17,1,2276.26
1658,79,1,1101.69
1659,4,2,2324.92
1660,74,1,1549.39
1661,42,1,800.81
1661,89,2,366.64
1661,15,2,3494.53
1661,78,2,876.32
1662,70,2,3359.45
1663,6,4,22709.9
1663,83,1,741.33
1664,95,3,744.54
1665,48,1,1218.45
1665,84,2,605.41
1666,92,2,1591.57
1667,73,1,1195.7
1667,64,1,356.43
1667,100,2,828.75
1667,51,1,1385.93
1668,81,1,641.39
1668,82,2,300.41
1668,69,1,1191.69
1669,79,5,1101.69
1669,33,1,312.93
1669,40,5,1418.4
1670,13,2,2131.33
1670,53,2,620.53
1670,30,5,3480.53
1671,4,3,2324.92
1671,38,1,1342.05
1672,23,3,2025.31
1672,50,1,1105.68
1672,47,1,493.52
1673,5,1,3026.39
1673,8,1,2448.97
1673,36,1,601.9
1674,54,1,1639.4
1675,78,1,876.32
1675,1,3,28043.24
1675,76,3,1151.77
1675,100,1,828.75
1675,53,1,620.53
1676,1,3,28043.24
1676,44,2,6528.88
1676,98,1,322.02
1677,17,2,2276.26
1677,56,2,868.37
1677,99,1,458.92
1678,100,2,828.75
1679,44,0,6528.88
1680,44,1,6528.88
1681,14,1,2714.07
1682,70,1,3359.45
1682,87,1,979.4
1682,92,3,1591.57
1682,1,1,28043.24
1683,3,1,64028.3
1683,31,1,1451.87
1684,48,1,1218.45
1685,12,2,5690.75
1686,42,1,800.81
1687,1,5,28043.24
1687,71,3,704.54
1688,30,1,3480.53
1689,21,1,836.3
1689,77,1,1315.33
1690,15,1,3494.53
1691,24,3,2116.77
1691,67,1,464.47
1692,18,3,1854.55
1692,32,2,910.33
1692,91,2,432.43
1693,24,1,2116.77
1694,61,1,356.45
1694,28,5,579.08
1694,24,5,2116.77
1695,41,2,994.52
1695,74,1,1549.39
1695,93,1,186.14
1695,88,3,457.85
1695,71,2,704.54
1696,66,1,728.79
1696,100,1,828.75
1697,96,3,320.77
1698,88,3,457.85
1699,26,2,1210.27
1700,53,1,620.53
1701,28,3,579.08
1701,64,3,356.43
1702,87,1,979.4
1702,14,1,2714.07
1702,38,1,1342.05
1702,57,1,1180.99
1703,65,1,386.47
1703,9,1,11424.27
1703,100,3,828.75
1704,56,3,868.37
1704,64,1,356.43
1704,96,2,320.77
1705,45,2,1626.32
1705,30,1,3480.53
1705,47,2,493.52
1706,52,5,3818.59
1707,7,1,1169.34
1707,41,3,994.52
1707,100,1,828.75
1708,61,1,356.45
1709,38,2,1342.05
1709,72,1,1918.28
1709,43,1,1760.38
1710,33,2,312.93
1711,39,2,1121.52
1712,36,1,601.9
1712,65,1,386.47
1713,61,2,356.45
1714,65,1,386.47
1714,34,1,709.99
1714,64,1,356.43
1714,19,2,1007.13
1715,40,1,1418.4
1715,76,1,1151.77
1716,34,1,709.99
1716,4,3,2324.92
1717,40,1,1418.4
1717,46,1,253.36
1717,18,1,1854.55
1717,30,1,3480.53
1718,87,1,979.4
1718,93,1,186.14
1719,45,1,1626.32
1719,15,1,3494.53
1720,53,1,620.53
1721,27,3,2010.3
1721,58,1,470.58
1722,56,1,868.37
1723,61,2,356.45
1723,92,2,1591.57
1723,44,2,6528.88
1723,30,2,3480.53
1724,85,3,279.38
1724,57,2,1180.99
1724,79,3,1101.69
1725,57,1,1180.99
1725,74,1,1549.39
1726,57,2,1180.99
1726,10,1,1936.14
1727,64,1,356.43
1727,14,1,2714.07
1727,5,3,3026.39
1728,3,1,64028.3
1728,68,2,306.66
1728,74,1,1549.39
1728,14,1,2714.07
1729,24,2,2116.77
1729,72,3,1918.28
1730,96,4,320.77
1730,77,2,1315.33
1730,43,2,1760.38
1731,58,1,470.58
1731,49,2,1254.37
1732,23,1,2025.31
1733,12,3,5690.75
1733,90,2,492.26
1734,60,1,579.94
1734,94,1,265.1
1735,35,1,2865.41
1735,77,1,1315.33
1736,13,2,2131.33
1737,83,1,741.33
1737,20,1,7731.56
1737,19,1,1007.13
1737,39,3,1121.52
1738,80,2,629.19
1738,14,1,2714.07
1738,33,2,312.93
1739,89,1,366.64
1739,22,1,1475.64
1739,41,1,994.52
1740,29,2,4319.5
1741,77,1,1315.33
1742,78,2,876.32
1742,28,2,579.08
1742,55,3,1652.62
1743,74,3,1549.39
1743,55,2,1652.62
1743,66,1,728.79
1744,10,1,1936.14
1744,66,2,728.79
1745,56,4,868.37
1745,65,2,386.47
1745,91,2,432.43
1745,4,4,2324.92
1746,30,1,3480.53
1746,81,1,641.39
1747,88,1,457.85
1748,59,1,488.56
1748,74,3,1549.39
1749,91,4,432.43
1750,93,2,186.14
1750,74,2,1549.39
1751,51,2,1385.93
1751,32,1,910.33
1752,44,1,6528.88
1753,48,1,1218.45
1753,12,1,5690.75
1753,63,1,293.58
1754,68,1,306.66
1754,11,2,9461.52
1755,17,1,2276.26
1755,6,1,22709.9
1755,63,2,293.58
1755,48,1,1218.45
1756,29,1,4319.5
1757,9,1,11424.27
1757,88,2,457.85
1758,78,1,876.32
1758,21,1,836.3
1759,82,2,300.41
1760,9999,2,2448.97
1760,61,4,356.45
1761,48,2,1218.45
1761,61,1,356.45
1762,14,1,2714.07
1762,86,3,443.28
1763,23,1,2025.31
1763,1,3,28043.24
1763,87,1,979.4
1763,58,1,470.58
1763,29,2,4319.5
1764,36,2,601.9
1764,59,1,488.56
1765,89,1,366.64
1765,40,1,1418.4
1765,77,1,1315.33
1765,98,4,322.02
1766,66,1,728.79
1766,100,3,828.75
1766,91,1,432.43
1767,1,1,28043.24
1768,39,4,1121.52
1769,29,1,4319.5
1769,92,1,1591.57
1770,44,1,6528.88
1770,22,1,1475.64
1770,97,1,423.56
1770,4,2,2324.92
1770,90,2,492.26
1771,73,1,1195.7
1771,67,2,464.47
1772,38,1,1342.05
1773,28,1,579.08
1774,8,2,2448.97
1775,16,5,13450.97
1775,95,1,744.54
1776,49,2,1254.37
1776,98,3,322.02
1777,51,2,1385.93
1778,60,1,579.94
1779,56,2,868.37
1780,85,1,279.38
1780,55,2,1652.62
1781,50,3,1105.68
1781,24,1,2116.77
1781,37,3,1389.36
1781,9,1,11424.27
1782,45,2,1626.32
1782,6,1,22709.9
1782,77,1,1315.33
1782,59,1,488.56
1782,85,1,279.38
1783,63,1,293.58
1784,2,1,3011.06
1784,55,1,1652.62
1785,78,3,876.32
1785,32,1,910.33
1785,85,1,279.38
1785,57,1,1180.99
1786,6,1,22709.9
1787,79,3,1101.69
1788,78,1,876.32
1788,90,4,492.26
1789,69,1,1191.69
1789,42,1,800.81
1789,68,2,306.66
1789,70,1,3359.45
1790,78,1,876.32
1791,28,4,579.08
1792,76,2,1151.77
1792,16,1,13450.97
1792,94,1,265.1
1793,71,5,704.54
1794,6,3,22709.9
1795,10,1,1936.14
1795,28,1,579.08
1796,12,2,5690.75
1797,24,4,2116.77
1798,30,2,3480.53
1798,38,2,1342.05
1798,43,4,1760.38
1799,59,3,488.56
1799,29,2,4319.5
1799,10,2,1936.14
1799,96,2,320.77
1799,27,2,2010.3
1800,86,2,443.28
1801,20,1,7731.56
1801,57,1,1180.99
1802,9999,1,458.92
1802,85,2,279.38
1802,91,1,432.43
1802,45,2,1626.32
1802,66,1,728.79
1803,32,1,910.33
1803,8,1,2448.97
1804,33,2,312.93
1804,60,1,579.94
1804,2,1,3011.06
1805,96,1,320.77
1805,38,2,1342.05
1806,6,1,22709.9
1807,43,2,1760.38
1807,1,1,28043.24
1808,75,1,486.62
1808,72,5,1918.28
1809,26,1,1210.27
1810,42,3,800.81
1810,70,3,3359.45
1810,40,3,1418.4
1811,39,2,1121.52
1812,28,2,579.08
1812,73,1,1195.7
1813,75,1,486.62
1814,34,4,709.99
1814,15,1,3494.53
1815,59,2,488.56
1815,82,2,300.41
1816,90,5,492.26
1816,27,1,2010.3
1816,92,2,1591.57
1817,81,2,641.39
1817,37,1,1389.36
1818,17,2,2276.26
1819,45,2,1626.32
1819,10,1,1936.14
1820,26,2,1210.27
1820,15,1,3494.53
1820,18,1,1854.55
1820,31,1,1451.87
1820,67,1,464.47
1821,79,1,1101.69
1822,87,1,979.4
1822,3,1,64028.3
1822,40,1,1418.4
1822,10,3,1936.14
1823,74,1,1549.39
1824,50,1,1105.68
1824,98,1,322.02
1824,12,3,5690.75
1824,27,1,2010.3
1824,99,1,458.92
1825,21,1,836.3
1825,11,1,9461.52
1826,62,2,398.9
1827,77,1,1315.33
1827,82,2,300.41
1828,100,1,828.75
1829,3,1,64028.3
1829,75,1,486.62
1830,97,1,423.56
1831,95,4,744.54
1831,8,1,2448.97
1832,12,1,5690.75
1833,71,1,704.54
1833,79,2,1101.69
1834,27,2,2010.3
1835,49,1,1254.37
1835,82,2,300.41
1835,67,2,464.47
1835,38,3,1342.05
1836,8,1,2448.97
1837,11,1,9461.52
1838,37,1,1389.36
1838,97,1,423.56
1838,49,1,1254.37
1838,93,3,186.14
1839,13,1,2131.33
1840,30,1,3480.53
1841,38,5,1342.05
1841,76,1,1151.77
1842,59,1,488.56
1843,56,3,868.37
1844,98,1,322.02
1844,42,2,800.81
1844,29,2,4319.5
1844,89,3,366.64
1844,61,1,356.45
1845,49,1,1254.37
1846,81,2,641.39
1847,38,1,1342.05
1847,55,2,1652.62
1848,63,1,293.58
1848,74,1,1549.39
1848,7,1,1169.34
1848,92,1,1591.57
1849,12,1,5690.75
1850,65,1,386.47
1851,4,1,2324.92
1851,40,4,1418.4
1851,17,2,2276.26
1851,48,2,1218.45
1852,95,1,744.54
1853,29,1,4319.5
1853,77,1,1315.33
1854,91,3,432.43
1855,48,1,1218.45
1855,64,3,356.43
1855,34,2,709.99
1856,94,2,265.1
1857,70,2,3359.45
1858,73,1,1195.7
1858,39,1,1121.52
1859,98,3,322.02
1860,26,1,1210.27
1861,34,1,709.99
1861,35,1,2865.41
1862,87,1,979.4
1862,25,1,1652.78
1862,62,1,398.9
1863,15,1,3494.53
1863,38,1,1342.05
1863,25,4,1652.78
1864,42,1,800.81
1864,52,2,3818.59
1864,74,1,1549.39
1864,38,1,1342.05
1864,48,3,1218.45
1865,41,1,994.52
1865,44,1,6528.88
1865,56,1,868.37
1865,54,1,1639.4
1866,57,1,1180.99
1866,20,2,7731.56
1866,85,1,279.38
1867,9,1,11424.27
1867,81,1,641.39
1868,69,1,1191.69
1868,71,4,704.54
1869,67,1,464.47
1869,17,2,2276.26
1869,39,1,1121.52
1870,45,2,1626.32
1870,64,2,356.43
1871,85,1,279.38
1871,59,2,488.56
1871,79,1,1101.69
1872,36,2,601.9
1872,22,1,1475.64
1872,78,5,876.32
1873,21,1,836.3
1873,79,1,1101.69
1874,26,2,1210.27
1875,41,1,994.52
1875,7,1,1169.34
1875,59,1,488.56
1876,71,3,704.54
1876,4,1,2324.92
1877,61,1,356.45
1878,21,1,836.3
1879,83,1,741.33
1879,94,1,265.1
1879,77,4,1315.33
1880,49,1,1254.37
1880,97,3,423.56
1881,20,2,7731.56
1881,33,3,312.93
1881,32,3,910.33
1882,82,-2,300.41
1882,15,1,3494.53
1883,36,1,601.9
1884,21,1,836.3
1884,40,2,1418.4
1884,47,1,493.52
1885,88,1,457.85
1886,6,1,22709.9
1886,37,3,1389.36
1887,93,1,186.14
1887,3,2,64028.3
1887,78,1,876.32
1887,35,2,2865.41
1888,36,2,601.9
1889,86,1,443.28
1889,52,3,3818.59
1889,48,1,1218.45
1889,46,1,253.36
1889,89,1,366.64
1890,15,3,3494.53
1890,1,1,28043.24
1891,40,1,1418.4
1891,100,2,828.75
1892,71,1,704.54
1893,44,1,6528.88
1894,24,1,2116.77
1894,35,1,2865.41
1895,2,1,3011.06
1896,43,1,1760.38
1896,6,2,22709.9
1897,84,1,605.41
1898,21,1,836.3
1898,71,2,704.54
1899,63,1,293.58
1900,13,2,2131.33
1901,49,1,1254.37
1901,32,3,910.33
1902,92,3,1591.57
1902,48,1,1218.45
1902,23,3,2025.31
1902,15,3,3494.53
1903,20,2,7731.56
1904,53,1,620.53
1905,3,1,64028.3
1905,7,1,1169.34
1905,44,2,6528.88
1906,69,2,1191.69
1907,77,2,1315.33
1908,68,2,306.66
1909,70,2,3359.45
1910,60,1,579.94
1910,30,1,3480.53
1911,96,1,320.77
1911,57,1,1180.99
1911,29,1,4319.5
1912,55,2,1652.62
1912,47,4,493.52
1912,20,2,7731.56
1913,50,1,1105.68
1914,17,1,2276.26
1914,76,2,1151.77
1914,99,4,458.92
1915,78,1,876.32
1916,45,1,1626.32
1916,37,3,1389.36
1917,67,1,464.47
1917,11,1,9461.52
1918,76,5,1151.77
1918,78,2,876.32
1919,95,1,744.54
1919,76,2,1151.77
1920,16,1,13450.97
1921,76,1,1151.77
1921,48,2,1218.45
1921,35,1,2865.41
1921,71,1,704.54
1922,65,1,386.47
1922,3,1,64028.3
1923,81,3,641.39
1923,91,2,432.43
1923,99,1,458.92
1923,15,4,3494.53
1923,9,1,11424.27
1924,49,2,1254.37
1925,16,1,13450.97
1925,42,3,800.81
1926,54,1,1639.4
1926,29,1,4319.5
1926,24,1,2116.77
1927,56,4,868.37
1927,63,2,293.58
1928,94,1,265.1
1928,87,3,979.4
1928,81,2,641.39
1928,85,1,279.38
1929,94,3,265.1
1930,43,1,1760.38
1931,90,2,492.26
1932,27,3,2010.3
1933,17,4,2276.26
1934,97,1,423.56
1934,64,1,356.43
1934,51,1,1385.93
1935,72,1,1918.28
1936,95,1,744.54
1937,34,1,709.99
1937,60,4,579.94
1938,2,2,3011.06
1939,46,1,253.36
1940,80,1,629.19
1941,83,2,741.33
1942,4,1,2324.92
1942,29,2,4319.5
1942,90,1,492.26
1942,48,1,1218.45
1943,96,5,320.77
1943,60,1,579.94
1943,84,3,605.41
1943,69,1,1191.69
1944,75,1,486.62
1944,3,1,64028.3
1945,96,2,320.77
1945,88,2,457.85
1945,98,3,322.02
1946,67,1,464.47
1946,52,1,3818.59
1946,15,1,3494.53
1946,49,2,1254.37
1946,20,1,7731.56
1947,30,1,3480.53
1948,44,1,6528.88
1948,48,1,1218.45
1949,27,2,2010.3
1949,24,2,2116.77
1949,73,1,1195.7
1949,83,2,741.33
1950,61,1,356.45
1950,9999,1,3359.45
1950,46,2,253.36
1951,37,1,1389.36
1951,57,1,1180.99
1952,6,2,22709.9
1952,57,1,1180.99
1952,83,3,741.33
1952,1,1,28043.24
1952,35,1,2865.41
1953,3,1,64028.3
1953,71,4,704.54
1954,50,1,1105.68
1954,97,2,423.56
1955,14,3,2714.07
1956,17,1,2276.26
1956,86,2,443.28
1957,81,2,641.39
1957,26,1,1210.27
1957,80,1,629.19
1958,63,5,293.58
1959,49,1,1254.37
1959,74,1,1549.39
1959,82,1,300.41
1959,22,3,1475.64
1960,15,1,3494.53
1960,23,3,2025.31
1961,88,1,457.85
1962,54,1,1639.4
1962,40,1,1418.4
1963,26,2,1210.27
1963,68,4,306.66
1963,87,1,979.4
1964,57,2,1180.99
1965,33,1,312.93
1966,52,1,3818.59
1966,47,2,493.52
1967,89,2,366.64
1968,94,1,265.1
1968,87,2,979.4
1968,50,2,1105.68
1969,30,2,3480.53
1969,38,2,1342.05
1969,76,1,1151.77
1969,16,3,13450.97
1969,80,1,629.19
1970,36,1,601.9
1970,46,1,253.36
1971,62,1,398.9
1972,14,2,2714.07
1972,15,4,3494.53
1973,31,1,1451.87
1974,71,3,704.54
1974,69,1,1191.69
1975,50,2,1105.68
1976,86,1,443.28
1977,46,1,253.36
1978,36,1,601.9
1979,8,1,2448.97
1979,24,1,2116.77
1979,67,5,464.47
1979,45,1,1626.32
1980,92,1,1591.57
1981,19,3,1007.13
1981,15,2,3494.53
1981,83,2,741.33
1982,53,2,620.53
1983,30,1,3480.53
1984,24,1,2116.77
1984,81,1,641.39
1985,30,2,3480.53
1985,33,1,312.93
1986,2,4,3011.06
1986,44,3,6528.88
1987,7,4,1169.34
1987,92,2,1591.57
1987,27,2,2010.3
1987,87,1,979.4
1988,10,1,1936.14
1988,13,1,2131.33
1989,58,1,470.58
1989,37,1,1389.36
1990,17,1,2276.26
1990,85,2,279.38
1990,50,1,1105.68
1991,37,1,1389.36
1992,50,3,1105.68
1993,64,1,356.43
1993,51,2,1385.93
1994,57,1,1180.99
1994,58,3,470.58
1994,2,1,3011.06
1994,49,1,1254.37
1995,11,1,9461.52
1996,85,3,279.38
1996,58,3,470.58
1997,33,1,312.93
1997,19,2,1007.13
1998,65,1,386.47
1998,29,1,4319.5
1998,16,1,13450.97
1999,11,3,9461.52
1999,88,1,457.85
2000,13,1,2131.33
2000,14,2,2714.07
2000,85,3,279.38
2001,60,2,579.94
2002,6,1,22709.9
2003,35,2,2865.41
2004,87,3,979.4
2004,95,1,744.54
2005,11,1,9461.52
2006,31,2,1451.87
2007,99,3,458.92
2007,91,2,432.43
2008,41,1,994.52
2008,37,1,1389.36
2009,50,1,1105.68
2009,68,1,306.66
2010,59,1,488.56
2010,75,1,486.62
2010,87,3,979.4
2010,54,2,1639.4
2011,51,1,1385.93
2011,37,3,1389.36
2012,27,1,2010.3
2012,44,2,6528.88
2013,58,3,470.58
2013,30,2,3480.53
2014,37,4,1389.36
2014,93,2,186.14
2014,99,1,458.92
2014,24,2,2116.77
2014,66,1,728.79
2015,66,2,728.79
2015,27,0,2010.3
2015,2,1,3011.06
2016,63,1,293.58
2017,86,3,443.28
2017,59,1,488.56
2018,19,2,1007.13
2018,78,2,876.32
2019,23,3,2025.31
2019,81,1,641.39
2019,70,1,3359.45
2020,73,1,1195.7
2020,82,1,300.41
2020,29,1,4319.5
2020,38,1,1342.05
2021,63,3,293.58
2022,8,1,2448.97
2022,3,1,64028.3
2022,47,1,493.52
2023,68,2,306.66
2023,28,1,579.08
2023,15,1,3494.53
2024,65,4,386.47
2024,43,1,1760.38
2025,25,2,1652.78
2026,73,2,1195.7
2026,15,2,3494.53
2027,30,2,3480.53
2028,79,2,1101.69
2028,37,1,1389.36
2029,79,1,1101.69
2030,67,1,464.47
2030,71,1,704.54
2030,16,2,13450.97
2030,47,3,493.52
2031,60,1,579.94
2032,80,1,629.19
2032,22,1,1475.64
2032,67,2,464.47
2033,35,2,2865.41
2034,91,1,432.43
2035,10,3,1936.14
2035,99,2,458.92
2035,67,1,464.47
2036,26,3,1210.27
2036,32,1,910.33
2037,26,4,1210.27
2037,1,1,28043.24
2037,40,1,1418.4
2038,40,1,1418.4
2039,10,2,1936.14
2039,65,1,386.47
2040,40,1,1418.4
2040,34,1,709.99
2041,53,2,620.53
2041,70,4,3359.45
2041,35,1,2865.41
2041,40,4,1418.4
2041,83,1,741.33
2042,22,1,1475.64
2043,66,3,728.79
2044,73,2,1195.7
2045,5,2,3026.39
2045,60,2,579.94
2045,77,1,1315.33
2046,25,1,1652.78
2047,86,1,443.28
2047,26,1,1210.27
2047,80,1,629.19
2048,5,1,3026.39
2048,62,1,398.9
2048,59,3,488.56
2049,28,0,579.08
2049,79,1,1101.69
2050,53,1,620.53
2050,42,1,800.81
2051,96,1,320.77
2051,21,1,836.3
2052,93,1,186.14
2053,86,1,443.28
2054,86,1,443.28
2054,26,2,1210.27
2055,85,3,279.38
2055,77,1,1315.33
2055,80,2,629.19
2056,7,3,1169.34
2057,14,1,2714.07
2058,24,1,2116.77
2059,90,2,492.26
2059,1,1,28043.24
2060,6,1,22709.9
2060,41,1,994.52
2061,26,1,1210.27
2061,13,5,2131.33
2061,90,2,492.26
2061,93,2,186.14
2062,77,1,1315.33
2062,39,1,1121.52
2063,64,2,356.43
2064,59,1,488.56
2065,10,1,1936.14
2066,12,2,5690.75
2066,70,1,3359.45
2067,88,2,457.85
2067,38,1,1342.05
2067,100,4,828.75
2068,77,1,1315.33
2068,65,1,386.47
2068,28,1,579.08
2069,8,2,2448.97
2069,28,2,579.08
2069,29,1,4319.5
2070,61,3,356.45
2070,45,1,1626.32
2070,81,1,641.39
2071,10,3,1936.14
2071,99,1,458.92
2072,56,3,868.37
2072,37,1,1389.36
2072,28,1,579.08
2073,91,1,432.43
2074,56,2,868.37
2074,81,2,641.39
2075,6,3,22709.9
2076,23,3,2025.31
2077,38,2,1342.05
2078,17,2,2276.26
2079,57,2,1180.99
2079,83,1,741.33
2080,76,1,1151.77
2081,80,3,629.19
2081,20,2,7731.56
2081,44,1,6528.88
2082,67,2,464.47
2083,4,1,2324.92
2083,38,2,1342.05
2084,9,2,11424.27
2085,65,2,386.47
2085,53,2,620.53
2085,8,4,2448.97
2085,74,1,1549.39
2086,55,2,1652.62
2086,61,1,356.45
2087,55,1,1652.62
2087,7,1,1169.34
2088,81,1,641.39
2088,91,2,432.43
2088,40,1,1418.4
2088,13,3,2131.33
2089,39,2,1121.52
2089,58,1,470.58
2089,100,1,828.75
2089,94,2,265.1
2090,68,2,306.66
2090,94,1,265.1
2090,26,5,1210.27
2090,37,2,1389.36
2091,99,2,458.92
2091,78,1,876.32
2092,25,1,1652.78
2092,92,1,1591.57
2092,83,1,741.33
2092,70,2,3359.45
2093,58,3,470.58
2093,3,1,64028.3
2094,51,1,1385.93
2094,5,1,3026.39
2095,75,1,486.62
2095,60,2,579.94
2095,9,2,11424.27
2096,30,3,3480.53
2097,87,1,979.4
2097,36,2,601.9
2098,19,1,1007.13
2099,21,1,836.3
2099,26,1,1210.27
2099,24,1,2116.77
2099,46,1,253.36
2099,22,1,1475.64
2100,36,1,601.9
2100,62,1,398.9
2101,94,2,265.1
2102,80,1,629.19
2102,1,1,28043.24
2103,18,1,1854.55
2103,89,2,366.64
2104,12,2,5690.75
2104,17,1,2276.26
2105,48,4,1218.45
2106,5,2,3026.39
2106,39,1,1121.52
2107,59,2,488.56
2107,38,4,1342.05
2107,89,1,366.64
2108,77,2,1315.33
2109,42,2,800.81
2110,62,1,398.9
2111,88,1,457.85
2111,76,1,1151.77
2111,50,1,1105.68
2112,65,2,386.47
2113,72,1,1918.28
2114,44,3,6528.88
2115,53,2,620.53
2116,38,1,1342.05
2117,62,1,398.9
2117,39,1,1121.52
2117,63,1,293.58
2118,74,3,1549.39
2118,36,1,601.9
2118,50,3,1105.68
2118,17,2,2276.26
2118,21,3,836.3
2119,9,1,11424.27
2119,34,1,709.99
2120,97,1,423.56
2120,27,2,2010.3
2120,90,2,492.26
2121,7,1,1169.34
2121,46,1,253.36
2121,70,1,3359.45
2122,49,3,1254.37
2122,100,4,828.75
2122,9999,1,728.79
2123,52,1,3818.59
2124,6,1,22709.9
2124,7,2,1169.34
2125,52,1,3818.59
2125,78,4,876.32
2125,27,1,2010.3
2126,26,1,1210.27
2126,58,1,470.58
2126,81,2,641.39
2126,77,2,1315.33
2126,13,2,2131.33
2127,11,3,9461.52
2127,84,5,605.41
2128,82,1,300.41
2129,92,1,1591.57
2130,54,2,1639.4
2130,31,1,1451.87
2131,55,1,1652.62
2131,45,2,1626.32
2132,19,4,1007.13
2132,76,1,1151.77
2133,55,1,1652.62
2133,17,2,2276.26
2134,96,1,320.77
2134,60,2,579.94
2135,56,1,868.37
2135,81,2,641.39
2136,48,2,1218.45
2137,86,1,443.28
2138,38,5,1342.05
2138,45,1,1626.32
2139,64,2,356.43
2140,85,1,279.38
2140,7,1,1169.34
2140,16,1,13450.97
2140,62,1,398.9
2140,83,3,741.33
2141,90,1,492.26
2141,12,1,5690.75
2141,81,2,641.39
2141,68,2,306.66
2142,47,3,493.52
2142,9,1,11424.27
2143,39,3,1121.52
2144,53,1,620.53
2144,83,1,741.33
2144,87,1,979.4
2145,93,1,186.14
2146,85,1,279.38
2146,70,2,3359.45
2146,58,1,470.58
2147,19,1,1007.13
2147,50,2,1105.68
2148,92,2,1591.57
2149,23,2,2025.31
2149,59,3,488.56
2150,82,2,300.41
2150,47,4,493.52
2151,3,1,64028.3
2151,64,2,356.43
2151,63,1,293.58
2151,20,1,7731.56
2152,96,1,320.77
2152,23,1,2025.31
2152,71,3,704.54
2152,65,4,386.47
2153,2,5,3011.06
2153,43,1,1760.38
2154,36,2,601.9
2154,89,3,366.64
2155,37,1,1389.36
2155,42,1,800.81
2156,40,1,1418.4
2156,30,1,3480.53
2156,60,2,579.94
2156,81,1,641.39
2157,98,3,322.02
2158,99,1,458.92
2158,55,1,1652.62
2159,40,1,1418.4
2159,91,1,432.43
2159,61,2,356.45
2160,29,1,4319.5
2160,19,1,1007.13
2160,62,2,398.9
2160,20,1,7731.56
2160,79,1,1101.69
2161,1,2,28043.24
2161,63,1,293.58
2161,62,1,398.9
2162,44,1,6528.88
2162,84,2,605.41
2163,30,1,3480.53
2164,75,2,486.62
2164,39,2,1121.52
2165,28,1,579.08
2165,6,2,22709.9
2165,41,3,994.52
2165,65,2,386.47
2166,12,2,5690.75
2166,79,1,1101.69
2166,61,4,356.45
2167,93,3,186.14
2167,52,2,3818.59
2168,35,1,2865.41
2169,14,1,2714.07
2169,41,4,994.52
2170,19,2,1007.13
2170,97,2,423.56
2170,77,1,1315.33
2170,44,4,6528.88
2171,31,1,1451.87
2171,98,3,322.02
2172,97,2,423.56
2172,56,1,868.37
2172,91,1,432.43
2172,3,4,64028.3
2173,1,1,28043.24
2174,7,2,1169.34
2175,47,3,493.52
2175,12,2,5690.75
2175,99,1,458.92
2175,77,3,1315.33
2176,11,1,9461.52
2177,82,2,300.41
2177,12,1,5690.75
2177,76,1,1151.77
2178,10,2,1936.14
2179,69,1,1191.69
2179,97,2,423.56
2179,85,5,279.38
2179,66,1,728.79
2179,61,2,356.45
2180,26,1,1210.27
2180,46,1,253.36
2181,32,2,910.33
2181,13,1,2131.33
2181,52,1,3818.59
2181,21,2,836.3
2181,29,4,4319.5
2182,46,1,253.36
2183,42,1,800.81
2184,85,3,279.38
2184,52,3,3818.59
2184,30,1,3480.53
2184,90,2,492.26
2185,30,2,3480.53
2185,43,5,1760.38
2185,38,1,1342.05
2186,37,1,1389.36
2186,98,1,322.02
2187,52,1,3818.59
2188,74,5,1549.39
2188,98,1,322.02
2188,92,1,1591.57
2189,83,4,741.33
2190,65,1,386.47
2191,9,1,11424.27
2192,13,1,2131.33
2192,22,1,1475.64
2192,81,1,641.39
2192,21,1,836.3
2192,57,1,1180.99
2193,7,5,1169.34
2194,10,1,1936.14
2194,46,2,253.36
2195,71,1,704.54
2195,28,1,579.08
2196,2,2,3011.06
2196,11,2,9461.52
2196,65,3,386.47
2197,91,1,432.43
2198,65,2,386.47
2198,100,1,828.75
2198,20,1,7731.56
2198,93,1,186.14
2199,42,3,800.81
2199,71,1,704.54
2199,54,1,1639.4
2199,92,1,1591.57
2200,12,2,5690.75
2200,9,5,11424.27
2201,30,3,3480.53
2201,88,1,457.85
2202,39,1,1121.52
2202,6,3,22709.9
2202,82,2,300.41
2203,30,2,3480.53
2204,61,1,356.45
2205,27,1,2010.3
2205,81,1,641.39
2206,41,2,994.52
2207,98,1,322.02
2207,58,4,470.58
2208,52,3,3818.59
2209,7,5,1169.34
2209,72,1,1918.28
2209,9,2,11424.27
2210,98,1,322.02
2210,30,3,3480.53
2211,55,1,1652.62
2212,96,3,320.77
2212,9,2,11424.27
2212,2,4,3011.06
2213,20,1,7731.56
2214,47,2,493.52
2215,69,1,1191.69
2215,72,3,1918.28
2216,54,1,1639.4
2216,26,1,1210.27
2217,95,1,744.54
2217,18,1,1854.55
2218,72,1,1918.28
2219,42,3,800.81
2220,21,2,836.3
2220,14,2,2714.07
2221,63,1,293.58
2221,73,2,1195.7
2222,65,1,386.47
2223,40,3,1418.4
2223,26,1,1210.27
2223,96,2,320.77
2223,58,1,470.58
2224,70,1,3359.45
2224,95,1,744.54
2224,6,4,22709.9
2225,80,2,629.19
2226,53,2,620.53
2226,29,1,4319.5
2226,28,1,579.08
2226,7,1,1169.34
2227,47,1,493.52
2227,82,1,300.41
2228,39,2,1121.52
2229,82,1,300.41
2229,56,1,868.37
2230,9,3,11424.27
2230,65,4,386.47
2230,62,1,398.9
2230,94,1,265.1
2230,13,2,2131.33
2231,94,1,265.1
2232,6,1,22709.9
2232,9,0,11424.27
2233,16,2,13450.97
2234,63,1,293.58
2234,94,1,265.1
2234,51,2,1385.93
2235,78,5,876.32
2236,37,3,1389.36
2236,48,1,1218.45
2236,57,4,1180.99
2237,25,1,1652.78
2237,20,2,7731.56
2238,85,3,279.38
2239,62,1,398.9
2239,59,4,488.56
2240,89,1,366.64
2241,99,1,458.92
2242,8,2,2448.97
2242,14,1,2714.07
2243,83,2,741.33
2243,12,4,5690.75
2244,40,1,1418.4
2244,50,1,1105.68
2244,100,2,828.75
2244,8,1,2448.97
2245,74,1,1549.39
2245,90,3,492.26
2245,35,1,2865.41
2246,56,1,868.37
2247,96,2,320.77
2247,41,2,994.52
2247,90,2,492.26
2248,43,1,1760.38
2248,85,1,279.38
2248,51,1,1385.93
2248,94,2,265.1
2249,60,3,579.94
2249,49,2,1254.37
2249,77,2,1315.33
2250,61,1,356.45
2250,60,4,579.94
2251,33,1,312.93
2251,90,5,492.26
2251,74,5,1549.39
2251,24,4,2116.77
2252,92,1,1591.57
2252,53,4,620.53
2252,70,4,3359.45
2253,61,3,356.45
2253,45,1,1626.32
2253,42,1,800.81
2254,40,2,1418.4
2254,76,1,1151.77
2255,100,5,828.75
2255,56,1,868.37
2255,44,1,6528.88
2256,27,1,2010.3
2256,32,1,910.33
2256,66,4,728.79
2257,67,2,464.47
2257,8,1,2448.97
2258,54,3,1639.4
2259,50,2,1105.68
2260,68,2,306.66
2260,57,2,1180.99
2260,1,1,28043.24
2260,17,5,2276.26
2261,86,2,443.28
2261,90,1,492.26
2261,3,1,64028.3
2262,87,2,979.4
2262,57,1,1180.99
2263,92,3,1591.57
2263,37,2,1389.36
2264,20,1,7731.56
2265,83,2,741.33
2265,26,1,1210.27
2266,48,3,1218.45
2266,11,1,9461.52
2267,11,3,9461.52
2267,38,0,1342.05
2268,30,1,3480.53
2268,63,4,293.58
2269,4,3,2324.92
2269,3,1,64028.3
2270,92,4,1591.57
2271,50,2,1105.68
2272,92,4,1591.57
2272,32,2,910.33
2272,88,2,457.85
2272,28,2,579.08
2273,9999,3,322.02
2273,8,1,2448.97
2273,78,4,876.32
2273,47,1,493.52
2274,14,1,2714.07
2274,40,3,1418.4
2275,41,1,994.52
2276,48,1,1218.45
2277,31,2,1451.87
2278,31,2,1451.87
2279,43,1,1760.38
2279,33,1,312.93
2280,84,1,605.41
2281,4,1,2324.92
2281,94,2,265.1
2282,3,1,64028.3
2282,87,2,979.4
2282,99,1,458.92
2283,26,2,1210.27
2284,49,1,1254.37
2284,5,2,3026.39
2284,77,2,1315.33
2285,54,2,1639.4
2285,10,1,1936.14
2286,33,1,312.93
2287,61,3,356.45
2287,51,3,1385.93
2287,83,1,741.33
2288,11,1,9461.52
2288,52,1,3818.59
2289,10,2,1936.14
2289,48,1,1218.45
2289,74,2,1549.39
2289,65,1,386.47
2290,44,2,6528.88
2290,39,1,1121.52
2290,11,3,9461.52
2290,8,3,2448.97
2291,28,2,579.08
2291,55,2,1652.62
2291,81,1,641.39
2292,12,1,5690.75
2292,38,1,1342.05
2292,27,1,2010.3
2293,57,1,1180.99
2294,83,2,741.33
2295,73,3,1195.7
2295,40,1,1418.4
2295,75,1,486.62
2296,67,1,464.47
2296,2,1,3011.06
2297,62,1,398.9
2298,49,2,1254.37
2298,68,1,306.66
2299,63,3,293.58
2299,89,5,366.64
2299,87,1,979.4
2299,20,1,7731.56
2300,39,4,1121.52
2300,84,1,605.41
2301,14,1,2714.07
2302,89,2,366.64
2302,48,1,1218.45
2302,75,1,486.62
2303,31,4,1451.87
2304,91,1,432.43
2305,90,2,492.26
2305,92,1,1591.57
2306,57,4,1180.99
2307,61,1,356.45
2307,20,1,7731.56
2307,67,1,464.47
2307,74,1,1549.39
2308,38,4,1342.05
2308,29,1,4319.5
2308,90,1,492.26
2309,81,2,641.39
2309,82,4,300.41
2309,60,1,579.94
2310,50,2,1105.68
2310,64,3,356.43
2310,18,3,1854.55
2311,11,4,9461.52
2311,52,1,3818.59
2311,65,1,386.47
2312,72,1,1918.28
2312,2,1,3011.06
2313,99,1,458.92
2313,31,1,1451.87
2313,51,1,1385.93
2313,64,3,356.43
2313,75,1,486.62
2314,72,4,1918.28
2314,23,2,2025.31
2315,54,1,1639.4
2315,68,3,306.66
2315,59,4,488.56
2316,40,5,1418.4
2317,23,1,2025.31
2318,64,2,356.43
2318,2,5,3011.06
2318,90,2,492.26
2319,30,2,3480.53
2319,24,1,2116.77
2320,25,1,1652.78
2321,66,3,728.79
2321,75,1,486.62
2321,95,3,744.54
2322,65,1,386.47
2323,60,2,579.94
2323,82,3,300.41
2323,20,2,7731.56
2323,4,2,2324.92
2324,48,1,1218.45
2324,31,5,1451.87
2324,100,3,828.75
2325,21,1,836.3
2325,57,1,1180.99
2326,38,1,1342.05
2326,97,2,423.56
2327,76,1,1151.77
2327,14,1,2714.07
2327,86,1,443.28
2328,72,1,1918.28
2329,40,1,1418.4
2330,95,3,744.54
2330,36,1,601.9
2330,6,1,22709.9
2331,67,5,464.47
2331,53,1,620.53
2331,62,3,398.9
2331,37,4,1389.36
2332,3,1,64028.3
2332,47,1,493.52
2332,84,2,605.41
2333,29,1,4319.5
2334,90,4,492.26
2334,70,1,3359.45
2335,29,1,4319.5
2336,75,2,486.62
2336,45,2,1626.32
2337,57,1,1180.99
2338,23,1,2025.31
2338,12,1,5690.75
2339,1,4,28043.24
2340,74,1,1549.39
2341,31,1,1451.87
2342,48,5,1218.45
2342,4,3,2324.92
2342,67,2,464.47
2343,18,4,1854.55
2343,98,1,322.02
2343,93,2,186.14
2344,22,2,1475.64
2344,74,3,1549.39
2344,100,1,828.75
2344,1,1,28043.24
2344,48,3,1218.45
2345,28,1,579.08
2345,6,3,22709.9
2346,69,5,1191.69
2346,24,1,2116.77
2346,62,1,398.9
2347,23,2,2025.31
2347,81,1,641.39
2347,16,1,13450.97
2348,47,4,493.52
2348,92,2,1591.57
2348,95,1,744.54
2349,53,1,620.53
2350,38,1,1342.05
2351,73,1,1195.7
2352,62,1,398.9
2352,13,1,2131.33
2352,31,1,1451.87
2353,78,1,876.32
2353,16,2,13450.97
2354,53,3,620.53
2354,24,1,2116.77
2354,12,1,5690.75
2354,89,1,366.64
2354,43,2,1760.38
2355,39,4,1121.52
2355,41,1,994.52
2356,87,1,979.4
2356,76,2,1151.77
2357,13,1,2131.33
2358,56,4,868.37
2358,2,2,3011.06
2358,46,2,253.36
2358,96,3,320.77
2359,12,2,5690.75
2359,49,4,1254.37
2360,40,2,1418.4
2360,53,2,620.53
2361,10,1,1936.14
2361,66,2,728.79
2362,96,1,320.77
2362,9,1,11424.27
2362,98,2,322.02
2363,48,3,1218.45
2363,18,1,1854.55
2363,8,2,2448.97
2363,82,1,300.41
2364,100,2,828.75
2364,1,1,28043.24
2365,63,3,293.58
2365,54,1,1639.4
2365,79,2,1101.69
2365,14,1,2714.07
2366,18,1,1854.55
2366,21,2,836.3
2366,97,1,423.56
2367,13,1,2131.33
2367,41,1,994.52
2368,63,2,293.58
2369,69,1,1191.69
2370,47,1,493.52
2371,87,4,979.4
2371,76,1,1151.77
2372,17,1,2276.26
2372,80,4,629.19
2372,31,5,1451.87
2373,58,1,470.58
2374,98,1,322.02
2374,72,1,1918.28
2374,46,1,253.36
2374,55,1,1652.62
2375,39,1,1121.52
2375,76,2,1151.77
2375,63,1,293.58
2376,77,1,1315.33
2376,82,2,300.41
2376,69,1,1191.69
2377,15,2,3494.53
2377,13,1,2131.33
2377,18,1,1854.55
2377,3,1,64028.3
2377,95,5,744.54
2378,49,2,1254.37
2378,2,1,3011.06
2378,12,1,5690.75
2378,28,1,579.08
2379,78,1,876.32
2379,3,1,64028.3
2379,49,2,1254.37
2380,4,2,2324.92
2381,65,1,386.47
2381,83,1,741.33
2381,77,1,1315.33
2382,88,1,457.85
2382,72,4,1918.28
2383,57,1,1180.99
2383,49,3,1254.37
2384,33,2,312.93
2384,60,1,579.94
2384,2,2,3011.06
2384,70,1,3359.45
2384,35,1,2865.41
2385,56,2,868.37
2385,73,2,1195.7
2386,26,1,1210.27
2386,21,2,836.3
2386,70,1,3359.45
2386,16,1,13450.97
2386,31,1,1451.87
2387,98,1,322.02
2387,26,1,1210.27
2387,48,1,1218.45
2387,75,2,486.62
2387,51,5,1385.93
2388,3,1,64028.3
2389,34,1,709.99
2390,37,2,1389.36
2390,9999,5,2714.07
2390,48,2,1218.45
2390,72,2,1918.28
2391,77,3,1315.33
2392,55,3,1652.62
2392,66,3,728.79
2393,87,1,979.4
2394,10,2,1936.14
2394,88,4,457.85
2394,43,2,1760.38
2395,34,1,709.99
2395,26,1,1210.27
2396,55,2,1652.62
2396,31,1,1451.87
2396,63,1,293.58
2396,24,1,2116.77
2396,40,3,1418.4
2397,57,2,1180.99
2398,9,1,11424.27
2398,97,1,423.56
2399,88,2,457.85
2399,80,1,629.19
2399,28,3,579.08
2399,94,3,265.1
2400,71,2,704.54
2400,13,1,2131.33
2401,46,1,253.36
2401,52,2,3818.59
2401,38,2,1342.05
2402,24,1,2116.77
2403,13,1,2131.33
2403,63,4,293.58
2403,41,3,994.52
2404,15,2,3494.53
2404,71,3,704.54
2405,83,3,741.33
2405,87,1,979.4
2406,46,1,253.36
2406,33,4,312.93
2406,52,1,3818.59
2407,32,3,910.33
2407,48,1,1218.45
2407,59,1,488.56
2407,76,1,1151.77
2408,29,2,4319.5
2408,79,2,1101.69
2409,28,2,579.08
2410,53,3,620.53
2410,4,1,2324.92
2410,18,3,1854.55
2411,17,1,2276.26
2411,71,3,704.54
2412,37,1,1389.36
2412,12,1,5690.75
2413,8,1,2448.97
2413,73,1,1195.7
2413,60,3,579.94
2414,94,4,265.1
2414,96,1,320.77
2414,44,3,6528.88
2414,78,1,876.32
2414,83,1,741.33
2415,37,2,1389.36
2416,45,1,1626.32
2417,6,2,22709.9
2417,100,5,828.75
2418,9,3,11424.27
2419,54,4,1639.4
2419,70,1,3359.45
2419,89,2,366.64
2420,90,2,492.26
2420,8,3,2448.97
2420,11,2,9461.52
2421,4,2,2324.92
2421,71,1,704.54
2421,34,1,709.99
2422,57,1,1180.99
2422,13,2,2131.33
2423,93,1,186.14
2423,4,1,2324.92
2423,65,1,386.47
2423,12,3,5690.75
2424,15,5,3494.53
2424,3,2,64028.3
2424,52,1,3818.59
2424,2,4,3011.06
2425,45,2,1626.32
2425,16,1,13450.97
2426,19,1,1007.13
2426,79,4,1101.69
2426,46,3,253.36
2426,86,4,443.28
2427,25,1,1652.78
2428,69,1,1191.69
2428,87,2,979.4
2428,13,1,2131.33
2428,38,1,1342.05
2429,76,1,1151.77
2429,25,1,1652.78
2430,8,1,2448.97
2431,10,1,1936.14
2431,78,5,876.32
2431,51,2,1385.93
2431,73,2,1195.7
2432,37,3,1389.36
2433,20,1,7731.56
2433,28,1,579.08
2433,40,1,1418.4
2434,99,1,458.92
2435,96,1,320.77
2436,82,2,300.41
2437,10,1,1936.14
2437,50,1,1105.68
2437,21,1,836.3
2437,94,1,265.1
2438,89,2,366.64
2438,52,3,3818.59
2439,64,1,356.43
2439,9,1,11424.27
2440,25,2,1652.78
2440,82,2,300.41
2440,81,1,641.39
2441,28,1,579.08
2442,48,1,1218.45
2442,58,2,470.58
2443,42,2,800.81
2443,30,3,3480.53
2444,96,1,320.77
2445,46,2,253.36
2445,29,2,4319.5
2446,41,3,994.52
2446,34,2,709.99
2446,79,2,1101.69
2447,46,1,253.36
2448,2,1,3011.06
2449,36,1,601.9
2449,47,2,493.52
2450,9999,4,741.33
2451,91,1,432.43
2451,76,2,1151.77
2451,14,2,2714.07
2452,96,1,320.77
2452,61,1,356.45
2452,68,1,306.66
2452,93,3,186.14
2453,23,3,2025.31
2454,32,1,910.33
2454,72,2,1918.28
2454,34,2,709.99
2454,96,1,320.77
2455,46,2,253.36
2456,86,2,443.28
2456,37,2,1389.36
2457,46,1,253.36
2457,81,1,641.39
2458,51,2,1385.93
2458,44,1,6528.88
2458,57,3,1180.99
2459,33,2,312.93
2459,78,1,876.32
2459,69,1,1191.69
2459,91,2,432.43
2460,76,1,1151.77
2460,72,1,1918.28
2461,77,2,1315.33
2461,5,1,3026.39
2461,50,1,1105.68
2461,1,1,28043.24
2461,34,2,709.99
2462,88,1,457.85
2462,30,1,3480.53
2463,52,2,3818.59
2463,58,2,470.58
2464,35,3,2865.41
2464,83,1,741.33
2464,74,1,1549.39
2464,33,1,312.93
2465,9999,1,1451.87
2465,60,3,579.94
2465,25,1,1652.78
2465,3,1,64028.3
2465,98,2,322.02
2466,68,1,306.66
2466,63,2,293.58
2466,16,4,13450.97
2466,21,1,836.3
2467,26,2,1210.27
2467,1,1,28043.24
2467,78,2,876.32
2467,6,2,22709.9
2467,100,2,828.75
2468,7,1,1169.34
2468,54,2,1639.4
2468,3,2,64028.3
2468,29,3,4319.5
2468,34,1,709.99
2469,38,1,1342.05
2469,30,1,3480.53
2469,17,4,2276.26
2469,8,1,2448.97
2470,80,1,629.19
2470,55,1,1652.62
2470,68,1,306.66
2470,87,2,979.4
2471,33,3,312.93
2472,55,2,1652.62
2472,79,1,1101.69
2472,48,3,1218.45
2472,94,1,265.1
2473,28,2,579.08
2473,17,1,2276.26
2474,81,1,641.39
2475,92,1,1591.57
2476,26,2,1210.27
2476,52,3,3818.59
2476,25,1,1652.78
2476,89,1,366.64
2477,12,4,5690.75
2478,96,4,320.77
2478,3,2,64028.3
2478,23,1,2025.31
2479,66,2,728.79
2479,32,1,910.33
2479,65,1,386.47
2479,6,1,22709.9
2480,29,3,4319.5
2481,55,1,1652.62
2481,83,1,741.33
2481,41,1,994.52
2481,11,1,9461.52
2481,32,1,910.33
2482,60,1,579.94
2482,10,1,1936.14
2482,63,3,293.58
2483,27,1,2010.3
2484,43,1,1760.38
2484,94,3,265.1
2484,32,3,910.33
2485,42,1,800.81
2486,7,3,1169.34
2486,15,1,3494.53
2486,9,1,11424.27
2487,73,4,1195.7
2488,65,1,386.47
2488,33,1,312.93
2488,97,2,423.56
2489,75,3,486.62
2489,20,5,7731.56
2489,71,1,704.54
2489,54,3,1639.4
2490,31,5,1451.87
2490,63,1,293.58
2491,66,3,728.79
2492,82,1,300.41
2492,67,1,464.47
2492,95,1,744.54
2493,87,3,979.4
2494,38,2,1342.05
2494,5,2,3026.39
2495,58,1,470.58
2495,60,1,579.94
2495,99,1,458.92
2496,6,2,22709.9
2497,52,3,3818.59
2497,54,2,1639.4
2498,27,2,2010.3
2498,78,3,876.32
2498,71,2,704.54
2499,6,1,22709.9
2499,77,2,1315.33
2499,97,1,423.56
2500,55,1,1652.62
2500,72,1,1918.28
2501,9,1,11424.27
2501,69,5,1191.69
2502,31,1,1451.87
2502,62,1,398.9
2503,5,1,3026.39
2503,68,3,306.66
2504,59,1,488.56
2504,43,1,1760.38
2504,1,1,28043.24
2504,12,2,5690.75
2505,68,2,306.66
2505,27,2,2010.3
2505,43,3,1760.38
2505,44,1,6528.88
2506,34,1,709.99
2506,48,2,1218.45
2506,33,1,312.93
2507,62,1,398.9
2507,65,1,386.47
2508,8,1,2448.97
2508,53,2,620.53
2509,86,1,443.28
2509,95,2,744.54
2509,63,1,293.58
2509,71,1,704.54
2510,28,1,579.08
2511,10,2,1936.14
2511,90,1,492.26
2511,62,4,398.9
2511,71,1,704.54
2512,13,2,2131.33
2512,1,1,28043.24
2513,77,2,1315.33
2513,7,1,1169.34
2513,20,1,7731.56
2514,58,1,470.58
2514,79,2,1101.69
2514,42,1,800.81
2514,17,1,2276.26
2515,38,2,1342.05
2516,13,2,2131.33
2516,38,5,1342.05
2517,46,3,253.36
2517,44,1,6528.88
2518,42,1,800.81
2519,46,3,253.36
2519,39,1,1121.52
2519,34,1,709.99
2520,57,1,1180.99
2520,55,2,1652.62
2521,59,1,488.56
2522,4,1,2324.92
2523,59,1,488.56
2524,17,1,2276.26
2524,90,2,492.26
2524,35,4,2865.41
2525,18,1,1854.55
2525,89,2,366.64
2526,55,2,1652.62
2526,14,1,2714.07
2527,18,2,1854.55
2527,45,1,1626.32
2527,12,1,5690.75
2528,16,3,13450.97
2529,6,1,22709.9
2529,94,2,265.1
2530,27,1,2010.3
2531,82,1,300.41
2532,100,2,828.75
2532,57,1,1180.99
2532,44,2,6528.88
2532,71,3,704.54
2532,45,1,1626.32
2533,88,2,457.85
2534,73,1,1195.7
2535,15,2,3494.53
2536,91,2,432.43
2536,77,2,1315.33
2537,10,1,1936.14
2537,35,2,2865.41
2537,14,1,2714.07
2537,94,2,265.1
2538,99,1,458.92
2539,17,0,2276.26
2540,4,1,2324.92
2540,79,1,1101.69
2540,25,1,1652.78
2541,72,1,1918.28
2542,81,2,641.39
2543,3,1,64028.3
2543,64,2,356.43
2544,99,2,458.92
2544,97,3,423.56
2545,62,2,398.9
2546,75,1,486.62
2546,19,1,1007.13
2546,21,1,836.3
2547,26,1,1210.27
2547,51,2,1385.93
2548,57,2,1180.99
2549,81,1,641.39
2550,93,4,186.14
2551,27,2,2010.3
2551,12,2,5690.75
2551,86,1,443.28
2552,95,4,744.54
2553,32,3,910.33
2554,60,2,579.94
2554,46,5,253.36
2554,74,1,1549.39
2554,4,1,2324.92
2554,16,3,13450.97
2555,95,2,744.54
2555,61,2,356.45
2556,18,1,1854.55
2556,86,4,443.28
2556,26,4,1210.27
2557,6,2,22709.9
2557,65,2,386.47
2558,90,1,492.26
2558,68,3,306.66
2559,33,3,312.93
2559,95,1,744.54
2559,19,3,1007.13
2559,37,1,1389.36
2560,98,1,322.02
2560,75,1,486.62
2561,52,3,3818.59
2561,5,2,3026.39
2561,40,1,1418.4
2562,82,2,300.41
2562,27,1,2010.3
2562,39,4,1121.52
2563,69,1,1191.69
2563,89,1,366.64
2563,53,3,620.53
2563,17,1,2276.26
2564,57,1,1180.99
2564,79,1,1101.69
2564,58,5,470.58
2565,5,5,3026.39
2565,34,3,709.99
2566,19,1,1007.13
2566,62,1,398.9
2567,88,1,457.85
2567,74,1,1549.39
2567,5,1,3026.39
2567,32,1,910.33
2568,63,2,293.58
2569,10,1,1936.14
2569,77,1,1315.33
2570,46,2,253.36
2571,63,3,293.58
2572,84,2,605.41
2573,20,1,7731.56
2574,82,2,300.41
2574,69,1,1191.69
2575,4,2,2324.92
2575,62,4,398.9
2575,51,1,1385.93
2576,7,1,1169.34
2576,10,1,1936.14
2577,14,2,2714.07
2577,52,2,3818.59
2578,45,1,1626.32
2578,51,2,1385.93
2579,57,1,1180.99
2579,54,3,1639.4
2580,91,2,432.43
2580,21,3,836.3
2581,58,1,470.58
2581,57,5,1180.99
2582,37,3,1389.36
2582,17,1,2276.26
2583,30,4,3480.53
2583,52,1,3818.59
2583,82,2,300.41
2583,21,1,836.3
2584,86,1,443.28
2584,2,1,3011.06
2585,50,1,1105.68
2585,73,1,1195.7
2585,98,1,322.02
2586,82,3,300.41
2587,29,1,4319.5
2587,83,3,741.33
2588,56,1,868.37
2588,36,1,601.9
2588,79,5,1101.69
2589,71,2,704.54
2589,81,1,641.39
2590,39,1,1121.52
2591,64,1,356.43
2592,26,3,1210.27
2592,17,1,2276.26
2592,99,1,458.92
2593,81,1,641.39
2594,26,1,1210.27
2595,46,1,253.36
2596,57,1,1180.99
2596,16,1,13450.97
2596,56,2,868.37
2596,11,1,9461.52
2596,94,1,265.1
2597,49,2,1254.37
2598,82,2,300.41
2598,83,2,741.33
2599,86,2,443.28
2599,95,1,744.54
2600,28,5,579.08
2601,31,1,1451.87
2601,24,2,2116.77
2602,91,1,432.43
2602,23,1,2025.31
2602,47,1,493.52
2603,73,2,1195.7
2603,32,2,910.33
2604,46,1,253.36
2604,68,2,306.66
2605,100,1,828.75
2605,39,2,1121.52
2606,26,1,1210.27
2607,36,1,601.9
2607,51,1,1385.93
2608,48,1,1218.45
2608,8,1,2448.97
2609,27,3,2010.3
2610,29,1,4319.5
2611,23,1,2025.31
2611,37,1,1389.36
2612,56,2,868.37
2613,53,1,620.53
2614,51,1,1385.93
2615,96,1,320.77
2615,57,1,1180.99
2616,92,1,1591.57
2616,97,2,423.56
2617,32,2,910.33
2618,82,4,300.41
2618,7,1,1169.34
2619,55,1,1652.62
2619,43,5,1760.38
2619,2,1,3011.06
2619,18,3,1854.55
2619,59,4,488.56
2620,53,2,620.53
2620,20,3,7731.56
2620,50,5,1105.68
2621,84,1,605.41
2621,91,1,432.43
2621,56,1,868.37
2622,30,1,3480.53
2623,51,4,1385.93
2624,56,1,868.37
2625,29,2,4319.5
2625,17,1,2276.26
2625,46,2,253.36
2626,83,1,741.33
2626,85,1,279.38
2626,93,1,186.14
2627,40,4,1418.4
2627,71,2,704.54
2628,69,2,1191.69
2628,68,1,306.66
2629,15,2,3494.53
2629,61,1,356.45
2629,52,2,3818.59
2630,42,1,800.81
2631,18,2,1854.55
2631,52,3,3818.59
2631,8,2,2448.97
2631,69,5,1191.69
2632,30,2,3480.53
2633,20,2,7731.56
2633,89,2,366.64
2634,74,1,1549.39
2634,11,2,9461.52
2634,13,2,2131.33
2634,32,1,910.33
2635,92,1,1591.57
2636,21,1,836.3
2636,79,4,1101.69
2637,72,2,1918.28
2637,87,1,979.4
2638,17,1,2276.26
2639,7,2,1169.34
2639,84,1,605.41
2639,91,1,432.43
2639,86,2,443.28
2640,7,1,1169.34
2641,47,2,493.52
2642,26,2,1210.27
2642,60,1,579.94
2642,89,2,366.64
2642,45,1,1626.32
2642,99,2,458.92
2643,85,1,279.38
2643,65,1,386.47
2644,78,1,876.32
2645,48,1,1218.45
2645,64,2,356.43
2645,85,3,279.38
2645,89,1,366.64
2646,80,1,629.19
2646,4,2,2324.92
2646,65,1,386.47
2646,34,2,709.99
2647,78,2,876.32
2648,51,1,1385.93
2649,84,2,605.41
2650,84,1,605.41
2650,9,2,11424.27
2650,35,1,2865.41
2651,92,1,1591.57
2651,81,3,641.39
2651,52,1,3818.59
2651,75,1,486.62
2652,95,2,744.54
2652,13,1,2131.33
2652,31,1,1451.87
2652,51,2,1385.93
2653,67,1,464.47
2654,35,2,2865.41
2654,31,3,1451.87
2655,48,2,1218.45
2656,31,1,1451.87
2657,33,1,312.93
2657,65,1,386.47
2657,90,3,492.26
2657,97,1,423.56
2658,39,4,1121.52
2658,25,1,1652.78
2659,67,1,464.47
2659,31,1,1451.87
2660,11,2,9461.52
2661,71,1,704.54
2662,94,1,265.1
2662,92,2,1591.57
2662,85,1,279.38
2662,91,3,432.43
2663,9,1,11424.27
2663,60,1,579.94
2664,27,3,2010.3
2664,1,1,28043.24
2665,25,1,1652.78
2665,91,1,432.43
2666,9999,1,356.43
2667,47,1,493.52
2667,18,2,1854.55
2667,74,1,1549.39
2667,72,1,1918.28
2668,24,3,2116.77
2668,88,1,457.85
2669,27,1,2010.3
2670,4,4,2324.92
2670,9,1,11424.27
2670,38,1,1342.05
2671,20,1,7731.56
2672,58,2,470.58
2673,19,1,1007.13
2673,62,1,398.9
2673,11,3,9461.52
2673,64,1,356.43
2674,27,3,2010.3
2674,17,1,2276.26
2674,22,1,1475.64
2674,19,3,1007.13
2675,21,1,836.3
2675,36,1,601.9
2675,85,1,279.38
2675,37,1,1389.36
2676,93,2,186.14
2676,39,3,1121.52
2676,75,1,486.62
2677,35,1,2865.41
2677,52,1,3818.59
2678,76,1,1151.77
2678,80,3,629.19
2679,65,1,386.47
2679,49,1,1254.37
2680,21,1,836.3
2680,80,1,629.19
2680,43,4,1760.38
2681,59,1,488.56
2681,39,3,1121.52
2681,23,4,2025.31
2682,83,5,741.33
2682,65,1,386.47
2682,59,1,488.56
2683,59,1,488.56
2683,28,3,579.08
2683,75,1,486.62
2684,97,2,423.56
2684,31,2,1451.87
2684,91,1,432.43
2685,24,2,2116.77
2685,65,1,386.47
2686,2,1,3011.06
2686,10,5,1936.14
2686,66,1,728.79
2686,16,1,13450.97
2687,25,2,1652.78
2688,1,3,28043.24
2689,65,2,386.47
2689,96,1,320.77
2690,53,1,620.53
2691,59,3,488.56
2692,7,1,1169.34
2692,13,4,2131.33
2693,98,4,322.02
2694,73,4,1195.7
2694,92,2,1591.57
2694,78,4,876.32
2694,6,2,22709.9
2695,94,1,265.1
2695,98,1,322.02
2696,82,1,300.41
2696,66,2,728.79
2696,31,2,1451.87
2697,90,1,492.26
2697,89,1,366.64
2698,50,2,1105.68
2698,31,1,1451.87
2699,91,1,432.43
2700,76,1,1151.77
2701,94,1,265.1
2701,14,4,2714.07
2702,85,1,279.38
2703,36,1,601.9
2703,22,2,1475.64
2704,67,1,464.47
2704,96,1,320.77
2705,54,1,1639.4
2705,66,2,728.79
2705,9,2,11424.27
2705,28,1,579.08
2706,38,1,1342.05
2706,18,2,1854.55
2707,50,3,1105.68
2707,39,3,1121.52
2707,10,1,1936.14
2708,23,1,2025.31
2709,37,3,1389.36
2710,82,2,300.41
2710,92,2,1591.57
2710,59,1,488.56
2711,45,1,1626.32
2712,46,1,253.36
2712,92,-1,1591.57
2712,42,5,800.81
2712,59,1,488.56
2712,63,1,293.58
2713,93,2,186.14
2713,44,1,6528.88
2713,47,2,493.52
2714,42,1,800.81
2714,1,1,28043.24
2714,45,3,1626.32
2715,89,3,366.64
2715,38,2,1342.05
2715,60,3,579.94
2715,99,1,458.92
2715,93,1,186.14
2716,94,2,265.1
2716,74,3,1549.39
2717,66,2,728.79
2718,24,3,2116.77
2718,16,3,13450.97
2718,9,1,11424.27
2718,59,1,488.56
2719,83,1,741.33
2720,29,3,4319.5
2720,4,3,2324.92
2720,38,1,1342.05
2721,33,1,312.93
2721,5,1,3026.39
2722,89,1,366.64
2722,58,1,470.58
2722,12,2,5690.75
2723,66,1,728.79
2724,84,1,605.41
2724,68,2,306.66
2724,92,5,1591.57
2724,8,2,2448.97
2725,19,2,1007.13
2725,96,1,320.77
2725,53,1,620.53
2725,60,4,579.94
2725,17,4,2276.26
2726,97,3,423.56
2727,92,2,1591.57
2728,93,1,186.14
2728,45,3,1626.32
2729,65,2,386.47
2729,76,1,1151.77
2730,69,1,1191.69
2731,89,2,366.64
2732,34,2,709.99
2732,53,1,620.53
2733,36,1,601.9
2733,31,1,1451.87
2733,96,2,320.77
2734,27,3,2010.3
2734,2,1,3011.06
2735,6,1,22709.9
2735,57,2,1180.99
2735,47,1,493.52
2735,26,1,1210.27
2736,100,2,828.75
2736,52,1,3818.59
2737,26,3,1210.27
2737,90,2,492.26
2738,66,1,728.79
2738,59,1,488.56
2739,28,2,579.08
2739,67,3,464.47
2739,1,2,28043.24
2740,15,1,3494.53
2741,50,2,1105.68
2742,69,1,1191.69
2743,20,1,7731.56
2743,1,1,28043.24
2744,40,1,1418.4
2744,13,1,2131.33
2744,41,3,994.52
2744,9,1,11424.27
2744,29,1,4319.5
2745,51,1,1385.93
2745,70,1,3359.45
2745,23,1,2025.31
2745,9,3,11424.27
2745,87,2,979.4
2746,15,1,3494.53
2747,80,1,629.19
2747,6,1,22709.9
2748,19,2,1007.13
2748,82,4,300.41
2748,43,2,1760.38
2749,25,1,1652.78
2749,42,1,800.81
2750,81,1,641.39
2751,5,2,3026.39
2751,94,3,265.1
2752,53,2,620.53
2752,52,2,3818.59
2752,60,1,579.94
2753,87,1,979.4
2754,79,2,1101.69
2754,25,1,1652.78
2754,43,1,1760.38
2755,79,2,1101.69
2755,66,2,728.79
2755,75,1,486.62
2756,68,4,306.66
2756,26,1,1210.27
2757,99,1,458.92
2757,47,2,493.52
2758,39,1,1121.52
2758,10,2,1936.14
2758,55,1,1652.62
2759,94,1,265.1
2759,58,2,470.58
2760,80,2,629.19
2761,71,1,704.54
2761,52,1,3818.59
2762,81,3,641.39
2763,52,3,3818.59
2764,55,2,1652.62
2764,22,1,1475.64
2765,3,1,64028.3
2765,93,3,186.14
2766,17,1,2276.26
2766,49,1,1254.37
2767,17,1,2276.26
2768,39,1,1121.52
2768,86,1,443.28
2768,17,2,2276.26
2769,97,-2,423.56
2770,80,5,629.19
2770,26,2,1210.27
2770,93,3,186.14
2771,6,1,22709.9
2771,97,2,423.56
2772,53,1,620.53
2773,16,3,13450.97
2774,57,2,1180.99
2774,19,1,1007.13
2774,88,3,457.85
2775,45,4,1626.32
2776,24,1,2116.77
2776,66,1,728.79
2776,16,3,13450.97
2777,19,3,1007.13
2777,6,1,22709.9
2777,43,2,1760.38
2778,18,2,1854.55
2778,4,3,2324.92
2778,35,1,2865.41
2778,82,1,300.41
2778,44,2,6528.88
2779,15,1,3494.53
2779,76,1,1151.77
2779,54,1,1639.4
2780,99,1,458.92
2781,80,2,629.19
2781,52,1,3818.59
2781,70,1,3359.45
2782,76,1,1151.77
2783,70,1,3359.45
2783,35,1,2865.41
2784,97,2,423.56
2784,36,1,601.9
2785,29,3,4319.5
2785,23,2,2025.31
2785,50,1,1105.68
2786,10,2,1936.14
2786,3,1,64028.3
2786,73,1,1195.7
2786,20,2,7731.56
2787,14,2,2714.07
2787,12,1,5690.75
2787,18,5,1854.55
2788,14,1,2714.07
2788,81,1,641.39
2788,79,2,1101.69
2788,24,3,2116.77
2789,63,3,293.58
2789,66,1,728.79
2790,44,2,6528.88
2790,49,1,1254.37
2791,81,3,641.39
2791,41,2,994.52
2791,69,1,1191.69
2792,61,4,356.45
2792,24,3,2116.77
2793,23,1,2025.31
2793,48,3,1218.45
2793,89,1,366.64
2794,86,1,443.28
2795,29,1,4319.5
2795,59,1,488.56
2795,27,2,2010.3
2796,44,1,6528.88
2796,78,2,876.32
2797,70,5,3359.45
2797,25,1,1652.78
2797,27,1,2010.3
2798,45,1,1626.32
2799,99,2,458.92
2799,3,1,64028.3
2800,40,2,1418.4
2800,78,2,876.32
2800,8,1,2448.97
2801,41,1,994.52
2801,16,1,13450.97
2802,97,1,423.56
2802,49,1,1254.37
2802,89,3,366.64
2802,25,2,1652.78
2803,90,3,492.26
2803,53,1,620.53
2804,93,1,186.14
2804,42,1,800.81
2805,75,3,486.62
2806,47,2,493.52
2806,98,2,322.02
2806,41,1,994.52
2807,76,2,1151.77
2808,46,1,253.36
2808,71,2,704.54
2808,86,2,443.28
2808,56,1,868.37
2808,32,1,910.33
2809,44,2,6528.88
2809,91,2,432.43
2810,34,3,709.99
2810,46,1,253.36
2811,84,3,605.41
2812,68,1,306.66
2813,4,1,2324.92
2813,21,2,836.3
2813,9,2,11424.27
2814,44,2,6528.88
2814,91,1,432.43
2815,70,1,3359.45
2815,3,1,64028.3
2815,62,1,398.9
2816,89,2,366.64
2817,86,1,443.28
2817,10,1,1936.14
2817,80,2,629.19
2818,94,1,265.1
2819,78,1,876.32
2819,25,1,1652.78
2820,2,3,3011.06
2820,14,1,2714.07
2820,50,3,1105.68
2820,67,4,464.47
2821,100,2,828.75
2821,39,3,1121.52
2822,52,1,3818.59
2823,4,2,2324.92
2823,20,1,7731.56
2824,7,2,1169.34
2825,29,1,4319.5
2825,14,1,2714.07
2825,36,1,601.9
2826,37,1,1389.36
2827,5,1,3026.39
2827,29,1,4319.5
2827,7,2,1169.34
2828,5,2,3026.39
2828,55,1,1652.62
2828,79,1,1101.69
2828,8,2,2448.97
2829,79,1,1101.69
2829,18,2,1854.55
2830,20,3,7731.56
2830,5,1,3026.39
2830,33,5,312.93
2831,63,2,293.58
2831,30,1,3480.53
2832,10,1,1936.14
2833,13,1,2131.33
2834,11,3,9461.52
2834,99,1,458.92
2835,16,5,13450.97
2835,4,1,2324.92
2836,41,1,994.52
2837,21,1,836.3
2838,58,3,470.58
2838,14,4,2714.07
2838,60,1,579.94
2839,68,1,306.66
2839,20,1,7731.56
2839,100,2,828.75
2839,41,3,994.52
2840,3,2,64028.3
2840,9,1,11424.27
2840,63,1,293.58
2840,61,3,356.45
2841,22,1,1475.64
2841,21,2,836.3
2842,17,1,2276.26
2842,57,4,1180.99
2842,15,3,3494.53
2842,25,2,1652.78
2843,16,4,13450.97
2843,26,1,1210.27
2843,32,1,910.33
2844,2,1,3011.06
2844,39,4,1121.52
2844,24,1,2116.77
2845,23,1,2025.31
2845,57,1,1180.99
2846,61,1,356.45
2846,9,1,11424.27
2847,15,1,3494.53
2847,96,2,320.77
2848,94,1,265.1
2848,27,1,2010.3
2849,91,1,432.43
2850,94,5,265.1
2851,50,1,1105.68
2852,8,1,2448.97
2853,89,1,366.64
2853,58,3,470.58
2853,53,1,620.53
2853,36,3,601.9
2854,91,1,432.43
2855,77,4,1315.33
2855,41,1,994.52
2855,72,1,1918.28
2855,54,1,1639.4
2856,55,3,1652.62
2857,4,2,2324.92
2857,52,1,3818.59
2857,93,1,186.14
2857,25,2,1652.78
2858,1,3,28043.24
2858,99,2,458.92
2859,90,3,492.26
2860,48,3,1218.45
2860,71,4,704.54
2860,13,1,2131.33
2860,98,1,322.02
2861,70,1,3359.45
2861,82,1,300.41
2862,10,3,1936.14
2862,81,1,641.39
2863,73,3,1195.7
2863,40,1,1418.4
2864,91,1,432.43
2865,7,1,1169.34
2866,56,1,868.37
2866,79,2,1101.69
2866,43,1,1760.38
2866,72,1,1918.28
2866,39,1,1121.52
2867,79,2,1101.69
2868,4,1,2324.92
2869,7,0,1169.34
2870,12,3,5690.75
2870,3,3,64028.3
2871,88,1,457.85
2871,62,1,398.9
2872,67,2,464.47
2872,74,2,1549.39
2872,93,1,186.14
2872,3,2,64028.3
2873,42,1,800.81
2873,95,2,744.54
2874,49,2,1254.37
2875,85,1,279.38
2876,20,1,7731.56
2877,56,4,868.37
2878,22,1,1475.64
2878,60,1,579.94
2879,19,2,1007.13
2879,69,1,1191.69
2880,96,1,320.77
2880,80,2,629.19
2880,50,1,1105.68
2881,13,1,2131.33
2882,73,1,1195.7
2882,86,5,443.28
2883,16,4,13450.97
2884,9,0,11424.27
2885,37,1,1389.36
2885,33,1,312.93
2885,72,1,1918.28
2886,94,1,265.1
2886,76,2,1151.77
2887,44,3,6528.88
2888,53,2,620.53
2888,98,1,322.02
2888,38,1,1342.05
2889,48,1,1218.45
2889,14,1,2714.07
2890,81,1,641.39
2891,9,1,11424.27
2892,82,1,300.41
2892,46,1,253.36
2892,49,1,1254.37
2893,5,2,3026.39
2894,81,1,641.39
2895,3,3,64028.3
2895,39,1,1121.52
2895,94,2,265.1
2896,30,2,3480.53
2897,25,0,1652.78
2897,71,1,704.54
2897,92,1,1591.57
2897,11,1,9461.52
2897,49,1,1254.37
2898,38,1,1342.05
2898,37,1,1389.36
2898,67,1,464.47
2898,11,1,9461.52
2899,22,1,1475.64
2899,45,1,1626.32
2899,16,3,13450.97
2900,96,2,320.77
2900,58,1,470.58
2900,2,1,3011.06
2900,95,1,744.54
2901,95,2,744.54
2902,10,1,1936.14
2902,72,4,1918.28
2902,54,1,1639.4
2903,78,2,876.32
2903,100,3,828.75
2903,56,1,868.37
2903,55,4,1652.62
2903,28,2,579.08
2904,53,1,620.53
2904,99,1,458.92
2905,56,1,868.37
2905,52,4,3818.59
2906,92,2,1591.57
2907,8,1,2448.97
2908,31,1,1451.87
2909,74,5,1549.39
2909,13,2,2131.33
2909,34,1,709.99
2909,86,1,443.28
2910,51,1,1385.93
2910,12,1,5690.75
2911,65,3,386.47
2911,41,1,994.52
2911,27,1,2010.3
2912,86,1,443.28
2912,7,3,1169.34
2913,61,1,356.45
2913,44,2,6528.88
2914,77,2,1315.33
2915,19,1,1007.13
2916,17,1,2276.26
2916,19,1,1007.13
2917,29,1,4319.5
2918,15,1,3494.53
2918,64,2,356.43
2919,47,2,493.52
2919,57,1,1180.99
2919,96,1,320.77
2919,9999,-3,1389.36
2919,4,3,2324.92
2920,55,1,1652.62
2921,95,1,744.54
2921,76,1,1151.77
2921,61,2,356.45
2921,46,1,253.36
2922,36,2,601.9
2922,34,1,709.99
2922,58,4,470.58
2923,46,1,253.36
2923,19,1,1007.13
2923,51,1,1385.93
2923,62,4,398.9
2924,35,1,2865.41
2924,28,1,579.08
2924,69,1,1191.69
2924,66,4,728.79
2925,87,3,979.4
2926,84,1,605.41
2926,93,1,186.14
2926,12,1,5690.75
2927,11,2,9461.52
2927,97,1,423.56
2927,20,4,7731.56
2928,41,4,994.52
2929,83,3,741.33
2929,39,1,1121.52
2930,44,5,6528.88
2930,56,2,868.37
2931,16,1,13450.97
2931,80,1,629.19
2931,24,1,2116.77
2931,52,2,3818.59
2932,51,1,1385.93
2932,34,2,709.99
2933,45,1,1626.32
2933,7,2,1169.34
2934,94,1,265.1
2934,63,0,293.58
2934,32,1,910.33
2935,38,2,1342.05
2935,86,5,443.28
2935,85,1,279.38
2935,100,2,828.75
2935,71,1,704.54
2936,77,1,1315.33
2936,3,2,64028.3
2937,95,1,744.54
2937,72,2,1918.28
2938,60,2,579.94
2939,59,1,488.56
2939,58,2,470.58
2940,52,1,3818.59
2940,41,3,994.52
2940,97,1,423.56
2941,76,1,1151.77
2941,18,3,1854.55
2942,3,1,64028.3
2942,19,2,1007.13
2942,28,1,579.08
2943,56,2,868.37
2943,4,1,2324.92
2944,46,2,253.36
2944,71,3,704.54
2945,74,2,1549.39
2945,84,2,605.41
2946,44,1,6528.88
2946,86,1,443.28
2946,68,1,306.66
2947,61,1,356.45
2948,70,1,3359.45
2949,92,1,1591.57
2949,63,1,293.58
2950,37,2,1389.36
2951,26,1,1210.27
2952,18,3,1854.55
2952,10,2,1936.14
2953,5,1,3026.39
2953,26,1,1210.27
2953,13,1,2131.33
2953,77,1,1315.33
2954,92,3,1591.57
2955,65,1,386.47
2955,29,1,4319.5
2956,66,1,728.79
2956,36,1,601.9
2956,33,3,312.93
2957,68,1,306.66
2958,40,1,1418.4
2958,38,1,1342.05
2958,7,4,1169.34
2958,72,2,1918.28
2958,42,1,800.81
2959,33,1,312.93
2959,34,1,709.99
2960,34,1,709.99
2961,38,1,1342.05
2961,78,2,876.32
2962,1,1,28043.24
2963,73,1,1195.7
2964,71,1,704.54
2964,19,1,1007.13
2965,69,4,1191.69
2965,75,1,486.62
2966,51,3,1385.93
2966,82,2,300.41
2966,94,1,265.1
2967,51,1,1385.93
2968,63,5,293.58
2968,22,1,1475.64
2969,64,2,356.43
2970,43,2,1760.38
2970,29,2,4319.5
2971,5,1,3026.39
2972,99,1,458.92
2972,50,1,1105.68
2972,94,1,265.1
2973,65,1,386.47
2974,32,1,910.33
2974,26,1,1210.27
2974,95,1,744.54
2974,81,3,641.39
2974,19,2,1007.13
2975,88,1,457.85
2976,62,1,398.9
2976,40,1,1418.4
2976,94,1,265.1
2977,67,2,464.47
2977,31,1,1451.87
2977,76,1,1151.77
2978,57,5,1180.99
2978,64,1,356.43
2978,71,1,704.54
2978,1,2,28043.24
2978,79,4,1101.69
2979,59,1,488.56
2979,43,3,1760.38
2979,60,1,579.94
2980,67,3,464.47
2980,60,1,579.94
2980,24,1,2116.77
2981,30,2,3480.53
2981,22,1,1475.64
2981,7,1,1169.34
2981,43,3,1760.38
2981,46,4,253.36
2982,48,1,1218.45
2983,58,1,470.58
2983,55,4,1652.62
2984,53,2,620.53
2984,81,4,641.39
2985,72,2,1918.28
2986,78,1,876.32
2986,90,3,492.26
2986,18,3,1854.55
2986,8,1,2448.97
2987,3,1,64028.3
2987,81,2,641.39
2988,27,2,2010.3
2988,55,2,1652.62
2989,73,1,1195.7
2989,69,1,1191.69
2989,56,4,868.37
2990,83,2,741.33
2991,77,1,1315.33
2991,25,4,1652.78
2991,76,2,1151.77
2992,18,1,1854.55
2992,90,2,492.26
2993,44,5,6528.88
2993,31,5,1451.87
2993,17,1,2276.26
2993,81,1,641.39
2994,87,1,979.4
2995,17,1,2276.26
2995,4,2,2324.92
2996,68,1,306.66
2997,100,2,828.75
2997,29,1,4319.5
2997,86,2,443.28
2997,88,1,457.85
2998,69,1,1191.69
2998,44,2,6528.88
2998,86,3,443.28
2999,85,1,279.38
2999,37,1,1389.36
2999,62,1,398.9
3000,50,1,1105.68
3000,56,1,868.37
3001,34,2,709.99
3001,44,4,6528.88
3002,8,1,2448.97
3002,74,1,1549.39
3003,18,1,1854.55
3004,75,3,486.62
3004,55,1,1652.62
3005,51,2,1385.93
3005,88,2,457.85
3005,64,1,356.43
3006,47,2,493.52
3006,96,2,320.77
3006,12,2,5690.75
3007,34,5,709.99
3007,14,2,2714.07
3007,35,2,2865.41
3008,47,1,493.52
3008,34,3,709.99
3009,89,1,366.64
3009,64,3,356.43
3010,12,2,5690.75
3011,28,5,579.08
3012,9,1,11424.27
3012,19,1,1007.13
3013,73,1,1195.7
3014,94,2,265.1
3015,11,1,9461.52
3016,67,2,464.47
3016,81,4,641.39
3016,80,3,629.19
3017,58,1,470.58
3017,9999,1,704.54
3017,35,1,2865.41
3018,44,3,6528.88
3019,61,2,356.45
3019,82,1,300.41
3020,37,1,1389.36
3021,47,2,493.52
3021,67,2,464.47
3021,58,1,470.58
3021,21,2,836.3
3022,89,1,366.64
3022,15,2,3494.53
3022,16,2,13450.97
3023,98,1,322.02
3024,30,1,3480.53
3024,64,1,356.43
3025,54,3,1639.4
3026,1,4,28043.24
3027,99,1,458.92
3027,68,2,306.66
3027,17,1,2276.26
3027,71,2,704.54
3028,76,1,1151.77
3028,26,2,1210.27
3029,95,1,744.54
3029,40,2,1418.4
3030,20,1,7731.56
3031,10,1,1936.14
3032,54,2,1639.4
3032,78,4,876.32
3033,79,1,1101.69
3033,67,1,464.47
3033,12,1,5690.75
3034,51,2,1385.93
3035,65,1,386.47
3035,3,1,64028.3
3035,98,1,322.02
3036,63,1,293.58
3036,1,3,28043.24
3037,41,2,994.52
3038,23,1,2025.31
3038,22,3,1475.64
3038,12,2,5690.75
3039,81,1,641.39
3040,15,1,3494.53
3041,10,1,1936.14
3041,95,1,744.54
3042,35,1,2865.41
3042,94,1,265.1
3043,23,3,2025.31
3043,40,1,1418.4
3043,29,5,4319.5
3044,19,2,1007.13
3045,64,1,356.43
3045,24,1,2116.77
3045,60,2,579.94
3045,45,1,1626.32
3046,22,1,1475.64
3046,5,1,3026.39
3046,75,1,486.62
3047,52,1,3818.59
3047,89,1,366.64
3047,92,1,1591.57
3047,8,1,2448.97
3048,90,1,492.26
3048,66,4,728.79
3048,88,1,457.85
3048,99,2,458.92
3049,95,3,744.54
3050,95,3,744.54
3050,24,5,2116.77
3050,6,1,22709.9
3051,51,1,1385.93
3051,81,3,641.39
3051,42,1,800.81
3052,9,3,11424.27
3053,86,1,443.28
3053,68,1,306.66
3054,94,1,265.1
3054,88,1,457.85
3055,35,1,2865.41
3056,25,5,1652.78
3056,35,3,2865.41
3057,28,1,579.08
3057,25,3,1652.78
3058,15,1,3494.53
3058,72,4,1918.28
3058,27,2,2010.3
3059,83,1,741.33
3059,48,1,1218.45
3059,46,2,253.36
3059,39,1,1121.52
3060,81,1,641.39
3061,20,1,7731.56
3061,42,1,800.81
3062,84,2,605.41
3063,79,1,1101.69
3063,92,3,1591.57
3064,53,2,620.53
3064,38,1,1342.05
3065,50,1,1105.68
3066,50,1,1105.68
3067,72,3,1918.28
3068,41,2,994.52
3068,49,1,1254.37
3068,84,4,605.41
3069,50,2,1105.68
3070,68,3,306.66
3071,96,1,320.77
3071,68,4,306.66
3072,53,4,620.53
3072,72,1,1918.28
3073,32,1,910.33
3073,99,2,458.92
3074,71,2,704.54
3074,85,1,279.38
3074,21,1,836.3
3074,88,2,457.85
3075,44,1,6528.88
3076,44,1,6528.88
3076,6,1,22709.9
3076,38,3,1342.05
3077,60,3,579.94
3077,79,5,1101.69
3077,66,4,728.79
3077,36,1,601.9
3078,79,1,1101.69
3078,44,2,6528.88
3078,72,1,1918.28
3079,23,3,2025.31
3079,85,4,279.38
3080,62,1,398.9
3080,95,3,744.54
3081,55,1,1652.62
3081,27,5,2010.3
3081,32,1,910.33
3082,69,2,1191.69
3082,42,3,800.81
3083,48,1,1218.45
3083,30,1,3480.53
3084,37,1,1389.36
3084,41,2,994.52
3085,43,2,1760.38
3085,11,4,9461.52
3085,60,2,579.94
3086,6,3,22709.9
3087,13,1,2131.33
3087,33,2,312.93
3087,61,2,356.45
3087,31,1,1451.87
3088,98,1,322.02
3088,64,3,356.43
3089,19,1,1007.13
3089,83,1,741.33
3089,90,3,492.26
3089,75,3,486.62
3090,96,2,320.77
3090,11,1,9461.52
3090,68,2,306.66
3091,36,4,601.9
3091,65,1,386.47
3091,28,1,579.08
3092,12,2,5690.75
3092,5,1,3026.39
3093,37,1,1389.36
3093,73,3,1195.7
3094,29,1,4319.5
3095,8,1,2448.97
3095,13,1,2131.33
3095,61,1,356.45
3096,22,1,1475.64
3097,96,1,320.77
3097,45,1,1626.32
3098,16,2,13450.97
3098,6,2,22709.9
3099,90,2,492.26
3099,53,5,620.53
3099,20,2,7731.56
3100,39,1,1121.52
3101,16,1,13450.97
3101,52,1,3818.59
3101,100,4,828.75
3101,94,1,265.1
3102,33,1,312.93
3102,94,1,265.1
3102,80,1,629.19
3103,30,-2,3480.53
3103,77,3,1315.33
3104,72,2,1918.28
3105,51,2,1385.93
3106,43,2,1760.38
3107,54,1,1639.4
3107,83,3,741.33
3108,37,1,1389.36
3108,16,2,13450.97
3108,33,2,312.93
3109,53,1,620.53
3109,81,2,641.39
3110,100,1,828.75
3110,7,1,1169.34
3111,7,3,1169.34
3111,25,2,1652.78
3111,86,1,443.28
3112,75,3,486.62
3112,86,2,443.28
3112,44,1,6528.88
3112,48,1,1218.45
3113,92,1,1591.57
3114,28,2,579.08
3114,60,1,579.94
3114,7,1,1169.34
3114,89,1,366.64
3114,95,2,744.54
3115,59,1,488.56
3115,94,2,265.1
3115,29,1,4319.5
3116,54,2,1639.4
3117,65,1,386.47
3117,69,1,1191.69
3118,75,3,486.62
3118,35,1,2865.41
3118,99,2,458.92
3119,79,2,1101.69
3119,12,1,5690.75
3120,66,2,728.79
3121,48,1,1218.45
3122,9,1,11424.27
3122,39,1,1121.52
3123,49,1,1254.37
3123,27,1,2010.3
3124,20,5,7731.56
3124,52,2,3818.59
3125,5,0,3026.39
3126,53,2,620.53
3126,83,5,741.33
3127,49,1,1254.37
3127,95,1,744.54
3127,100,1,828.75
3128,39,3,1121.52
3129,87,2,979.4
3129,8,1,2448.97
3129,83,1,741.33
3130,42,1,800.81
3131,53,1,620.53
3131,9999,4,356.43
3131,83,3,741.33
3132,33,4,312.93
3132,50,1,1105.68
3133,14,2,2714.07
3133,58,1,470.58
3134,26,1,1210.27
3135,48,1,1218.45
3135,80,3,629.19
3135,41,2,994.52
3136,74,3,1549.39
3137,2,2,3011.06
3137,64,2,356.43
3138,18,1,1854.55
3138,97,1,423.56
3139,97,1,423.56
3140,42,3,800.81
3140,20,1,7731.56
3141,33,1,312.93
3141,60,1,579.94
3141,14,3,2714.07
3142,39,2,1121.52
3142,48,1,1218.45
3143,88,1,457.85
3143,95,1,744.54
3143,32,2,910.33
3143,14,2,2714.07
3144,40,2,1418.4
3145,9,1,11424.27
3145,36,1,601.9
3146,77,3,1315.33
3146,22,2,1475.64
3147,61,1,356.45
3147,28,1,579.08
3148,100,1,828.75
3148,82,2,300.41
3149,38,2,1342.05
3150,56,1,868.37
3151,21,1,836.3
3151,10,3,1936.14
3152,10,1,1936.14
3153,21,2,836.3
3154,21,2,836.3
3154,52,1,3818.59
3155,19,1,1007.13
3155,10,2,1936.14
3156,40,5,1418.4
3156,65,2,386.47
3156,71,4,704.54
3157,51,1,1385.93
3157,15,1,3494.53
3157,89,1,366.64
3158,55,1,1652.62
3158,45,1,1626.32
3158,68,3,306.66
3159,10,1,1936.14
3159,18,1,1854.55
3159,33,2,312.93
3160,20,1,7731.56
3161,9,1,11424.27
3162,8,2,2448.97
3163,100,1,828.75
3164,23,5,2025.31
3164,6,1,22709.9
3165,92,3,1591.57
3165,20,1,7731.56
3166,37,1,1389.36
3166,83,2,741.33
3166,66,4,728.79
3166,56,2,868.37
3166,6,2,22709.9
3167,4,2,2324.92
3168,71,1,704.54
3168,60,2,579.94
3168,96,1,320.77
3169,86,1,443.28
3170,88,4,457.85
3170,49,2,1254.37
3170,22,3,1475.64
3171,66,1,728.79
3171,9,1,11424.27
3171,93,1,186.14
3172,52,3,3818.59
3172,37,2,1389.36
3173,6,1,22709.9
3174,36,1,601.9
3174,57,2,1180.99
3174,81,2,641.39
3174,76,1,1151.77
3175,53,5,620.53
3176,41,2,994.52
3177,62,1,398.9
3177,13,1,2131.33
3177,47,1,493.52
3177,22,2,1475.64
3177,49,2,1254.37
3178,93,4,186.14
3178,73,3,1195.7
3179,55,1,1652.62
3179,59,2,488.56
3180,4,2,2324.92
3180,79,4,1101.69
3181,63,2,293.58
3181,35,4,2865.41
3181,55,1,1652.62
3182,24,1,2116.77
3183,60,4,579.94
3183,41,1,994.52
3183,69,2,1191.69
3183,22,3,1475.64
3184,40,1,1418.4
3184,85,2,279.38
3184,59,2,488.56
3184,71,1,704.54
3185,96,1,320.77
3185,89,3,366.64
3185,29,2,4319.5
3185,47,2,493.52
3186,73,4,1195.7
3186,16,5,13450.97
3187,46,3,253.36
3187,47,1,493.52
3187,48,2,1218.45
3188,15,1,3494.53
3188,10,1,1936.14
3189,6,0,22709.9
3190,63,1,293.58
3190,55,1,1652.62
3191,63,1,293.58
3192,83,2,741.33
3193,82,2,300.41
3194,95,1,744.54
3195,10,3,1936.14
3195,80,2,629.19
3195,89,1,366.64
3196,52,2,3818.59
3196,63,1,293.58
3197,56,1,868.37
3197,53,1,620.53
3197,27,2,2010.3
3197,19,1,1007.13
3198,40,1,1418.4
3198,57,2,1180.99
3199,14,3,2714.07
3200,88,3,457.85
3201,1,1,28043.24
3201,78,2,876.32
3201,38,2,1342.05
3202,9,1,11424.27
3203,73,1,1195.7
3204,22,1,1475.64
3205,28,2,579.08
3206,2,1,3011.06
3207,12,2,5690.75
3207,61,2,356.45
3208,82,2,300.41
3208,90,3,492.26
3208,66,1,728.79
3209,14,1,2714.07
3210,68,1,306.66
3210,66,5,728.79
3211,64,5,356.43
3212,29,1,4319.5
3212,13,1,2131.33
3212,76,3,1151.77
3213,38,2,1342.05
3213,66,1,728.79
3213,61,1,356.45
3214,80,3,629.19
3214,36,1,601.9
3214,32,1,910.33
3215,51,1,1385.93
3215,7,1,1169.34
3216,69,3,1191.69
3217,84,3,605.41
3218,63,1,293.58
3218,55,5,1652.62
3218,61,2,356.45
3219,23,1,2025.31
3219,45,2,1626.32
3220,90,1,492.26
3221,57,1,1180.99
3222,98,2,322.02
3222,82,1,300.41
3222,3,2,64028.3
3222,48,1,1218.45
3223,93,1,186.14
3224,37,1,1389.36
3224,26,1,1210.27
3224,87,2,979.4
3225,99,2,458.92
3225,77,1,1315.33
3226,47,1,493.52
3226,38,1,1342.05
3227,31,1,1451.87
3227,86,2,443.28
3228,41,1,994.52
3228,9999,2,2116.77
3228,45,2,1626.32
3228,52,2,3818.59
3229,2,1,3011.06
3230,99,1,458.92
3230,79,3,1101.69
3231,79,1,1101.69
3231,23,2,2025.31
3231,94,1,265.1
3232,49,2,1254.37
3232,39,2,1121.52
3233,49,1,1254.37
3233,62,3,398.9
3233,74,1,1549.39
3234,83,1,741.33
3234,80,3,629.19
3234,98,2,322.02
3234,77,1,1315.33
3235,99,1,458.92
3235,47,3,493.52
3235,25,3,1652.78
3236,81,2,641.39
3236,76,1,1151.77
3236,33,3,312.93
3236,23,2,2025.31
3237,73,2,1195.7
3238,16,1,13450.97
3238,91,1,432.43
3239,76,4,1151.77
3240,73,2,1195.7
3240,97,5,423.56
3240,17,2,2276.26
3241,50,1,1105.68
3242,12,2,5690.75
3243,28,1,579.08
3244,56,1,868.37
3245,61,2,356.45
3246,96,1,320.77
3246,33,4,312.93
3247,9999,2,493.52
3248,26,1,1210.27
3249,71,1,704.54
3249,58,1,470.58
3250,84,2,605.41
3250,7,1,1169.34
3250,21,3,836.3
3251,36,2,601.9
3251,19,1,1007.13
3251,84,1,605.41
3252,72,5,1918.28
3252,88,3,457.85
3253,89,2,366.64
3254,85,1,279.38
3255,19,1,1007.13
3256,99,5,458.92
3257,32,1,910.33
3258,16,4,13450.97
3259,31,-1,1451.87
3259,64,1,356.43
3259,50,1,1105.68
3260,96,2,320.77
3260,47,1,493.52
3260,95,2,744.54
3261,29,1,4319.5
3261,52,2,3818.59
3261,25,2,1652.78
3261,11,1,9461.52
3262,3,4,64028.3
3263,32,4,910.33
3264,80,1,629.19
3265,81,1,641.39
3266,66,2,728.79
3266,68,1,306.66
3266,37,3,1389.36
3267,52,1,3818.59
3267,32,1,910.33
3267,63,2,293.58
3268,53,2,620.53
3268,61,1,356.45
3268,52,4,3818.59
3268,89,3,366.64
3269,43,2,1760.38
3270,64,1,356.43
3270,81,1,641.39
3270,91,1,432.43
3271,39,1,1121.52
3272,46,1,253.36
3272,16,5,13450.97
3272,63,1,293.58
3273,26,1,1210.27
3273,17,1,2276.26
3274,87,1,979.4
3274,94,2,265.1
3274,24,2,2116.77
3274,88,2,457.85
3274,92,1,1591.57
3275,9,1,11424.27
3275,53,1,620.53
3276,66,3,728.79
3276,51,2,1385.93
3277,65,1,386.47
3278,33,1,312.93
3279,79,1,1101.69
3279,80,1,629.19
3279,71,3,704.54
3279,74,4,1549.39
3280,48,2,1218.45
3280,26,4,1210.27
3281,47,2,493.52
3282,73,1,1195.7
3282,70,1,3359.45
3282,55,1,1652.62
3283,2,3,3011.06
3284,55,5,1652.62
3284,29,1,4319.5
3284,12,3,5690.75
3284,76,2,1151.77
3285,53,1,620.53
3286,54,3,1639.4
3287,50,3,1105.68
3287,28,2,579.08
3287,69,4,1191.69
3287,70,3,3359.45
3287,42,1,800.81
3288,49,1,1254.37
3288,29,1,4319.5
3289,79,1,1101.69
3289,53,1,620.53
3290,73,1,1195.7
3290,30,1,3480.53
3291,57,1,1180.99
3291,33,4,312.93
3291,6,2,22709.9
3292,23,3,2025.31
3292,98,2,322.02
3292,66,3,728.79
3293,52,2,3818.59
3294,66,3,728.79
3294,69,1,1191.69
3295,48,2,1218.45
3295,26,1,1210.27
3296,49,1,1254.37
3296,22,2,1475.64
3296,30,1,3480.53
3296,76,1,1151.77
3297,88,1,457.85
3297,4,2,2324.92
3298,64,3,356.43
3298,89,2,366.64
3299,93,1,186.14
3299,24,1,2116.77
3300,76,1,1151.77
3300,75,1,486.62
3301,98,1,322.02
3302,40,2,1418.4
3302,22,2,1475.64
3302,36,4,601.9
3303,87,1,979.4
3303,2,1,3011.06
3303,23,2,2025.31
3304,59,2,488.56
3304,2,3,3011.06
3304,93,2,186.14
3304,23,2,2025.31
3305,18,1,1854.55
3305,27,1,2010.3
3306,58,3,470.58
3306,13,1,2131.33
3306,80,2,629.19
3306,81,1,641.39
3307,9,1,11424.27
3307,64,1,356.43
3307,21,2,836.3
3308,75,2,486.62
3308,67,3,464.47
3309,62,1,398.9
3309,69,1,1191.69
3310,10,3,1936.14
3311,61,1,356.45
3312,94,1,265.1
3312,67,4,464.47
3313,41,3,994.52
3313,82,1,300.41
3314,35,1,2865.41
3314,20,1,7731.56
3314,15,1,3494.53
3314,84,1,605.41
3314,89,1,366.64
3315,5,1,3026.39
3315,39,1,1121.52
3316,99,2,458.92
3317,21,4,836.3
3318,32,1,910.33
3319,32,2,910.33
3319,50,1,1105.68
3320,60,1,579.94
3320,29,5,4319.5
3320,87,2,979.4
3321,77,1,1315.33
3322,84,1,605.41
3323,86,2,443.28
3324,40,1,1418.4
3324,21,1,836.3
3325,16,1,13450.97
3325,12,1,5690.75
3326,85,1,279.38
3326,40,3,1418.4
3326,48,3,1218.45
3327,9,1,11424.27
3327,38,2,1342.05
3327,91,5,432.43
3328,6,1,22709.9
3328,47,-3,493.52
3328,13,2,2131.33
3329,39,2,1121.52
3329,84,2,605.41
3330,90,3,492.26
3331,32,1,910.33
3331,69,1,1191.69
3331,55,1,1652.62
3332,57,1,1180.99
3332,24,1,2116.77
3332,20,3,7731.56
3333,54,2,1639.4
3333,89,1,366.64
3333,27,1,2010.3
3333,83,1,741.33
3334,99,1,458.92
3335,59,1,488.56
3335,65,1,386.47
3335,1,1,28043.24
3336,45,1,1626.32
3337,60,3,579.94
3338,7,1,1169.34
3339,37,1,1389.36
3339,89,1,366.64
3339,38,2,1342.05
3340,88,1,457.85
3340,89,1,366.64
3341,27,2,2010.3
3341,77,1,1315.33
3341,43,3,1760.38
3342,12,1,5690.75
3342,85,3,279.38
3342,58,2,470.58
3343,67,1,464.47
3343,57,1,1180.99
3344,81,1,641.39
3345,38,1,1342.05
3346,2,2,3011.06
3346,70,3,3359.45
3347,25,2,1652.78
3348,56,1,868.37
3348,81,2,641.39
3348,72,2,1918.28
3349,52,1,3818.59
3349,2,2,3011.06
3350,76,4,1151.77
3350,7,4,1169.34
3350,48,2,1218.45
3350,26,2,1210.27
3350,100,1,828.75
3351,45,2,1626.32
3352,69,4,1191.69
3352,27,3,2010.3
3353,54,2,1639.4
3354,28,1,579.08
3354,68,2,306.66
3354,35,1,2865.41
3354,82,1,300.41
3355,54,2,1639.4
3355,9,1,11424.27
3356,48,1,1218.45
3356,93,2,186.14
3356,87,0,979.4
3357,94,1,265.1
3358,51,1,1385.93
3358,29,3,4319.5
3358,68,1,306.66
3359,50,1,1105.68
3360,44,1,6528.88
3360,15,3,3494.53
3361,19,2,1007.13
3361,48,1,1218.45
3362,24,1,2116.77
3362,27,4,2010.3
3363,94,3,265.1
3363,41,1,994.52
3363,59,2,488.56
3363,84,2,605.41
3363,50,3,1105.68
3364,37,1,1389.36
3364,88,4,457.85
3364,69,1,1191.69
3364,90,2,492.26
3364,9,1,11424.27
3365,38,2,1342.05
3366,28,1,579.08
3366,39,3,1121.52
3366,15,4,3494.53
3366,44,1,6528.88
3367,83,2,741.33
3367,79,2,1101.69
3367,60,2,579.94
3367,49,3,1254.37
3368,70,1,3359.45
3369,68,3,306.66
3369,4,2,2324.92
3369,30,3,3480.53
3369,77,3,1315.33
3370,46,1,253.36
3370,18,3,1854.55
3370,41,1,994.52
3370,99,1,458.92
3371,36,3,601.9
3371,57,2,1180.99
3371,41,3,994.52
3371,3,1,64028.3
3371,33,1,312.93
3372,15,1,3494.53
3372,7,1,1169.34
3373,57,1,1180.99
3373,31,3,1451.87
3374,19,1,1007.13
3375,52,1,3818.59
3376,58,5,470.58
3376,31,1,1451.87
3376,50,2,1105.68
3376,96,2,320.77
3376,16,2,13450.97
3377,60,2,579.94
3378,23,1,2025.31
3379,7,3,1169.34
3380,68,2,306.66
3380,79,1,1101.69
3381,100,2,828.75
3381,64,2,356.43
3382,42,1,800.81
3383,4,1,2324.92
3383,64,3,356.43
3384,69,1,1191.69
3385,92,4,1591.57
3386,60,1,579.94
3386,91,1,432.43
3386,46,3,253.36
3387,96,1,320.77
3388,19,3,1007.13
3388,52,2,3818.59
3388,95,2,744.54
3388,53,5,620.53
3388,80,3,629.19
3389,18,1,1854.55
3390,14,2,2714.07
3391,25,1,1652.78
3391,10,1,1936.14
3391,29,1,4319.5
3391,75,1,486.62
3392,70,1,3359.45
3393,86,1,443.28
3393,26,1,1210.27
3394,24,1,2116.77
3394,74,1,1549.39
3394,52,1,3818.59
3394,28,1,579.08
3395,100,4,828.75
3396,23,1,2025.31
3397,6,1,22709.9
3398,61,2,356.45
3399,100,4,828.75
3400,78,1,876.32
3401,44,3,6528.88
3402,44,1,6528.88
3402,87,3,979.4
3403,49,1,1254.37
3404,81,2,641.39
3404,55,1,1652.62
3404,41,1,994.52
3405,68,1,306.66
3405,79,2,1101.69
3405,87,4,979.4
3406,75,2,486.62
3407,9,1,11424.27
3407,3,1,64028.3
3407,67,1,464.47
3408,74,3,1549.39
3408,41,1,994.52
3409,71,1,704.54
3409,27,1,2010.3
3409,29,2,4319.5
3410,86,5,443.28
3411,90,2,492.26
3412,98,2,322.02
3412,39,3,1121.52
3412,96,1,320.77
3413,1,1,28043.24
3414,69,2,1191.69
3415,71,1,704.54
3415,14,3,2714.07
3415,8,1,2448.97
3416,82,1,300.41
3417,90,1,492.26
3418,89,1,366.64
3419,48,1,1218.45
3419,63,1,293.58
3419,87,2,979.4
3420,20,2,7731.56
3420,78,2,876.32
3420,19,1,1007.13
3420,80,1,629.19
3421,16,5,13450.97
3421,49,1,1254.37
3421,22,1,1475.64
3421,17,1,2276.26
3422,94,2,265.1
3422,9999,2,1760.38
3422,85,1,279.38
3423,27,3,2010.3
3424,21,1,836.3
3424,30,2,3480.53
3424,55,1,1652.62
3424,72,1,1918.28
3425,69,2,1191.69
3426,1,1,28043.24
3427,26,2,1210.27
3427,46,2,253.36
3428,46,3,253.36
3428,44,1,6528.88
3428,99,4,458.92
3428,26,3,1210.27
3428,5,2,3026.39
3429,80,1,629.19
3429,84,1,605.41
3429,34,1,709.99
3430,46,1,253.36
3430,61,1,356.45
3430,16,1,13450.97
3430,94,1,265.1
3430,47,1,493.52
3431,73,1,1195.7
3432,6,1,22709.9
3432,24,3,2116.77
3433,63,3,293.58
3433,3,1,64028.3
3433,72,1,1918.28
3433,23,2,2025.31
3434,65,4,386.47
3435,38,3,1342.05
3435,25,1,1652.78
3435,75,1,486.62
3436,97,2,423.56
3437,53,1,620.53
3437,13,2,2131.33
3437,98,2,322.02
3438,90,2,492.26
3438,26,1,1210.27
3438,29,1,4319.5
3438,56,2,868.37
3439,68,1,306.66
3439,2,5,3011.06
3440,46,2,253.36
3441,61,1,356.45
3442,94,2,265.1
3442,55,1,1652.62
3442,89,3,366.64
3443,88,2,457.85
3443,87,2,979.4
3443,75,1,486.62
3444,25,1,1652.78
3444,47,1,493.52
3445,68,1,306.66
3445,43,1,1760.38
3446,63,1,293.58
3446,36,5,601.9
3446,85,2,279.38
3447,68,1,306.66
3448,21,1,836.3
3449,87,5,979.4
3449,4,1,2324.92
3449,21,2,836.3
3449,42,1,800.81
3449,51,1,1385.93
3450,63,1,293.58
3450,85,1,279.38
3451,20,5,7731.56
3451,41,4,994.52
3452,25,1,1652.78
3453,71,1,704.54
3453,52,1,3818.59
3453,7,2,1169.34
3453,8,1,2448.97
3453,79,1,1101.69
3454,11,3,9461.52
3454,19,1,1007.13
3454,7,1,1169.34
3455,44,1,6528.88
3455,56,1,868.37
3455,58,2,470.58
3455,93,4,186.14
3456,60,2,579.94
3457,85,2,279.38
3458,53,2,620.53
3458,70,2,3359.45
3458,35,1,2865.41
3458,38,4,1342.05
3459,18,1,1854.55
3459,29,1,4319.5
3459,37,2,1389.36
3459,43,1,1760.38
3460,61,2,356.45
3461,35,1,2865.41
3462,45,5,1626.32
3463,59,4,488.56
3463,3,1,64028.3
3463,88,2,457.85
3463,34,2,709.99
3463,13,3,2131.33
3464,90,2,492.26
3464,85,2,279.38
3465,78,1,876.32
3465,2,1,3011.06
3466,99,1,458.92
3466,15,2,3494.53
3467,39,1,1121.52
3468,67,1,464.47
3469,17,3,2276.26
3469,35,3,2865.41
3469,10,2,1936.14
3469,34,2,709.99
3470,71,1,704.54
3470,47,1,493.52
3470,21,1,836.3
3470,26,1,1210.27
3471,71,-3,704.54
3471,83,2,741.33
3472,28,2,579.08
3472,34,1,709.99
3472,87,1,979.4
3472,31,2,1451.87
3473,25,1,1652.78
3474,46,1,253.36
3475,69,1,1191.69
3476,97,2,423.56
3476,88,3,457.85
3477,28,3,579.08
3478,38,1,1342.05
3479,49,2,1254.37
3479,12,1,5690.75
3479,11,1,9461.52
3480,48,1,1218.45
3480,12,1,5690.75
3481,9,3,11424.27
3482,68,2,306.66
3483,29,3,4319.5
3483,12,1,5690.75
3483,8,3,2448.97
3483,23,4,2025.31
3483,53,2,620.53
3484,46,2,253.36
3485,15,1,3494.53
3485,31,3,1451.87
3486,4,1,2324.92
3487,1,2,28043.24
3487,62,2,398.9
3488,35,2,2865.41
3489,85,1,279.38
3489,66,2,728.79
3489,87,2,979.4
3490,76,1,1151.77
3490,60,1,579.94
3491,37,1,1389.36
3492,45,2,1626.32
3493,77,1,1315.33
3494,93,2,186.14
3494,11,2,9461.52
3495,90,-1,492.26
3495,41,1,994.52
3496,95,1,744.54
3496,68,1,306.66
3497,89,3,366.64
3498,35,2,2865.41
3498,9,2,11424.27
3498,42,3,800.81
3498,43,3,1760.38
3499,86,1,443.28
3499,8,3,2448.97
3500,42,1,800.81
3500,36,4,601.9
3501,60,3,579.94
3502,77,2,1315.33
3503,9,1,11424.27
3504,18,4,1854.55
3504,55,1,1652.62
3505,88,2,457.85
3506,25,2,1652.78
3507,4,3,2324.92
3507,77,3,1315.33
3507,98,3,322.02
3508,66,4,728.79
3508,98,1,322.02
3509,11,2,9461.52
3509,71,1,704.54
3509,8,2,2448.97
3510,44,1,6528.88
3510,49,4,1254.37
3511,87,4,979.4
3512,91,3,432.43
3512,52,1,3818.59
3512,9999,2,1652.62
3513,6,2,22709.9
3513,89,2,366.64
3513,95,1,744.54
3513,53,1,620.53
3514,42,2,800.81
3515,88,1,457.85
3515,7,2,1169.34
3516,85,1,279.38
3516,49,3,1254.37
3516,88,1,457.85
3517,20,1,7731.56
3518,47,2,493.52
3518,80,1,629.19
3519,40,1,1418.4
3519,80,1,629.19
3519,36,2,601.9
3520,46,4,253.36
3520,78,1,876.32
3520,38,1,1342.05
3521,18,1,1854.55
3521,74,1,1549.39
3522,41,2,994.52
3522,2,1,3011.06
3522,94,1,265.1
3523,7,5,1169.34
3524,96,3,320.77
3524,73,3,1195.7
3525,30,4,3480.53
3526,20,1,7731.56
3526,65,1,386.47
3526,8,4,2448.97
3526,32,1,910.33
3526,72,2,1918.28
3527,75,1,486.62
3528,42,2,800.81
3528,6,3,22709.9
3528,51,1,1385.93
3529,76,1,1151.77
3530,36,1,601.9
3531,3,1,64028.3
3532,38,3,1342.05
3533,33,3,312.93
3533,1,4,28043.24
3534,87,0,979.4
3534,43,3,1760.38
3535,9,1,11424.27
3535,19,2,1007.13
3535,84,1,605.41
3535,4,4,2324.92
3536,89,2,366.64
3536,37,2,1389.36
3536,43,1,1760.38
3537,97,2,423.56
3538,48,1,1218.45
3539,98,1,322.02
3539,93,1,186.14
3539,23,2,2025.31
3540,59,1,488.56
3540,11,3,9461.52
3541,37,3,1389.36
3541,47,2,493.52
3541,12,1,5690.75
3542,93,4,186.14
3542,33,1,312.93
3542,43,2,1760.38
3542,97,1,423.56
3542,44,2,6528.88
3543,74,2,1549.39
3544,6,1,22709.9
3544,96,2,320.77
3544,51,1,1385.93
3545,28,1,579.08
3545,91,3,432.43
3545,81,3,641.39
3545,36,1,601.9
3546,29,3,4319.5
3547,47,2,493.52
3548,67,2,464.47
3549,92,2,1591.57
3550,36,4,601.9
3551,56,3,868.37
3551,81,4,641.39
3551,47,2,493.52
3551,94,2,265.1
3552,79,2,1101.69
3552,60,5,579.94
3552,2,4,3011.06
3553,6,1,22709.9
3553,57,1,1180.99
3554,11,1,9461.52
3554,2,2,3011.06
3554,65,3,386.47
3555,86,2,443.28
3555,35,1,2865.41
3555,94,1,265.1
3556,50,1,1105.68
3556,8,-1,2448.97
3557,65,1,386.47
3557,50,1,1105.68
3557,44,4,6528.88
3558,2,1,3011.06
3558,29,2,4319.5
3559,45,2,1626.32
3559,74,2,1549.39
3560,20,3,7731.56
3560,13,1,2131.33
3560,56,3,868.37
3561,3,2,64028.3
3561,47,2,493.52
3562,94,1,265.1
3562,25,3,1652.78
3562,49,1,1254.37
3562,60,1,579.94
3563,5,1,3026.39
3564,90,2,492.26
3564,76,2,1151.77
3565,64,2,356.43
3565,67,2,464.47
3565,28,1,579.08
3565,10,2,1936.14
3565,40,1,1418.4
3566,48,2,1218.45
3567,89,1,366.64
3567,53,1,620.53
3567,34,2,709.99
3568,3,1,64028.3
3568,23,1,2025.31
3568,10,1,1936.14
3569,56,3,868.37
3570,81,2,641.39
3571,95,1,744.54
3571,44,2,6528.88
3571,27,1,2010.3
3572,23,1,2025.31
3573,36,2,601.9
3573,74,0,1549.39
3573,57,1,1180.99
3574,46,3,253.36
3575,32,1,910.33
3575,62,2,398.9
3576,64,1,356.43
3577,29,1,4319.5
3577,97,1,423.56
3577,36,3,601.9
3578,44,3,6528.88
3578,100,1,828.75
3579,100,1,828.75
3579,63,1,293.58
3580,41,1,994.52
3580,15,1,3494.53
3580,4,1,2324.92
3580,6,3,22709.9
3581,89,2,366.64
3581,42,1,800.81
3581,32,2,910.33
3582,66,1,728.79
3582,59,3,488.56
3582,30,5,3480.53
3583,45,1,1626.32
3583,55,1,1652.62
3583,10,2,1936.14
3584,25,1,1652.78
3584,99,3,458.92
3584,81,3,641.39
3585,95,1,744.54
3585,90,4,492.26
3586,95,2,744.54
3586,55,1,1652.62
3586,49,2,1254.37
3587,86,1,443.28
3587,21,1,836.3
3588,11,1,9461.52
3588,45,1,1626.32
3589,100,1,828.75
3589,25,2,1652.78
3589,30,1,3480.53
3590,95,2,744.54
3590,37,2,1389.36
3591,70,1,3359.45
3591,26,1,1210.27
3592,64,5,356.43
3593,57,1,1180.99
3593,35,1,2865.41
3593,52,1,3818.59
3594,28,1,579.08
3594,64,1,356.43
3594,86,1,443.28
3594,75,1,486.62
3594,46,2,253.36
3595,23,1,2025.31
3596,92,2,1591.57
3597,73,2,1195.7
3598,88,1,457.85
3599,94,1,265.1
3600,89,3,366.64
3600,67,1,464.47
3601,87,2,979.4
3602,23,2,2025.31
3603,84,2,605.41
3603,25,5,1652.78
3603,99,1,458.92
3604,80,1,629.19
3604,47,3,493.52
3605,57,2,1180.99
3605,88,2,457.85
3605,93,2,186.14
3606,69,1,1191.69
3607,23,1,2025.31
3607,83,1,741.33
3607,62,1,398.9
3608,30,1,3480.53
3608,24,1,2116.77
3608,86,1,443.28
3609,92,1,1591.57
3609,1,3,28043.24
3609,60,1,579.94
3610,77,1,1315.33
3611,98,1,322.02
3611,33,2,312.93
3612,5,2,3026.39
3613,65,3,386.47
3614,39,1,1121.52
3614,99,2,458.92
3615,79,1,1101.69
3616,51,1,1385.93
3617,42,3,800.81
3617,13,1,2131.33
3618,59,1,488.56
3619,26,2,1210.27
3620,13,1,2131.33
3621,65,1,386.47
3621,37,2,1389.36
3622,18,1,1854.55
3623,38,2,1342.05
3624,14,1,2714.07
3625,96,2,320.77
3625,16,3,13450.97
3626,99,1,458.92
3626,75,2,486.62
3627,43,1,1760.38
3627,81,1,641.39
3627,60,3,579.94
3628,37,4,1389.36
3629,15,2,3494.53
3629,63,2,293.58
3629,45,2,1626.32
3630,3,4,64028.3
3630,30,2,3480.53
3630,73,2,1195.7
3631,38,1,1342.05
3631,33,1,312.93
3632,35,3,2865.41
3632,37,3,1389.36
3633,62,3,398.9
3633,67,3,464.47
3633,85,1,279.38
3633,37,3,1389.36
3634,25,2,1652.78
3634,99,2,458.92
3634,68,1,306.66
3635,28,1,579.08
3636,52,2,3818.59
3636,59,1,488.56
3636,60,1,579.94
3636,41,2,994.52
3636,89,2,366.64
3637,77,2,1315.33
3637,56,3,868.37
3637,85,3,279.38
3638,13,1,2131.33
3639,80,1,629.19
3640,33,1,312.93
3640,62,1,398.9
3640,95,1,744.54
3641,73,1,1195.7
3642,26,1,1210.27
3643,98,1,322.02
3643,79,1,1101.69
3644,21,2,836.3
3644,97,1,423.56
3645,73,1,1195.7
3646,87,1,979.4
3647,61,3,356.45
3647,95,1,744.54
3648,83,1,741.33
3648,10,5,1936.14
3648,56,2,868.37
3649,23,2,2025.31
3649,88,1,457.85
3649,48,1,1218.45
3649,89,4,366.64
3649,53,1,620.53
3650,21,4,836.3
3650,59,1,488.56
3650,57,1,1180.99
3651,83,1,741.33
3651,11,1,9461.52
3652,71,2,704.54
3652,19,3,1007.13
3653,65,2,386.47
3654,29,1,4319.5
3654,60,1,579.94
3655,36,1,601.9
3655,80,1,629.19
3656,95,1,744.54
3656,39,1,1121.52
3656,29,2,4319.5
3656,86,5,443.28
3657,47,1,493.52
3658,94,1,265.1
3659,99,1,458.92
3659,43,1,1760.38
3659,72,3,1918.28
3660,23,2,2025.31
3661,69,2,1191.69
3661,17,4,2276.26
3661,51,2,1385.93
3662,14,3,2714.07
3663,39,1,1121.52
3663,88,2,457.85
3663,11,1,9461.52
3663,51,1,1385.93
3664,5,1,3026.39
3664,91,1,432.43
3665,20,3,7731.56
3665,95,3,744.54
3665,50,3,1105.68
3665,85,2,279.38
3665,29,1,4319.5
3666,94,1,265.1
3667,9,1,11424.27
3667,68,1,306.66
3668,76,1,1151.77
3668,30,1,3480.53
3668,88,1,457.85
3669,64,2,356.43
3669,33,4,312.93
3669,25,1,1652.78
3669,15,1,3494.53
3669,51,1,1385.93
3670,22,2,1475.64
3671,41,1,994.52
3672,8,1,2448.97
3672,48,1,1218.45
3673,39,1,1121.52
3673,9,2,11424.27
3673,37,2,1389.36
3674,70,1,3359.45
3674,64,4,356.43
3674,76,1,1151.77
3675,67,1,464.47
3675,91,2,432.43
3676,55,1,1652.62
3676,48,2,1218.45
3676,88,2,457.85
3676,40,0,1418.4
3676,18,1,1854.55
3677,69,1,1191.69
3678,83,1,741.33
3678,98,2,322.02
3679,1,1,28043.24
3680,60,3,579.94
3680,47,2,493.52
3681,45,1,1626.32
3681,18,2,1854.55
3682,35,1,2865.41
3682,14,1,2714.07
3683,100,1,828.75
3684,15,1,3494.53
3684,7,1,1169.34
3684,4,2,2324.92
3685,83,2,741.33
3686,55,1,1652.62
3686,63,2,293.58
3687,27,5,2010.3
3687,33,1,312.93
3688,31,2,1451.87
3688,81,1,641.39
3688,50,1,1105.68
3688,94,3,265.1
3689,68,1,306.66
3689,64,1,356.43
3689,34,3,709.99
3690,58,1,470.58
3691,13,1,2131.33
3692,98,5,322.02
3693,74,3,1549.39
3694,77,1,1315.33
3694,2,1,3011.06
3695,80,3,629.19
3695,69,1,1191.69
3696,88,1,457.85
3697,5,2,3026.39
3698,10,3,1936.14
3698,5,1,3026.39
3698,30,1,3480.53
3699,90,1,492.26
3700,4,2,2324.92
3701,9,1,11424.27
3702,1,1,28043.24
3702,74,1,1549.39
3702,75,5,486.62
3703,60,3,579.94
3704,82,1,300.41
3704,84,5,605.41
3705,53,1,620.53
3705,74,1,1549.39
3706,52,1,3818.59
3707,75,1,486.62
3708,47,2,493.52
3708,100,2,828.75
3709,81,2,641.39
3709,5,1,3026.39
3709,87,1,979.4
3709,22,2,1475.64
3710,31,2,1451.87
3710,71,1,704.54
3711,82,2,300.41
3711,71,4,704.54
3711,70,1,3359.45
3711,22,1,1475.64
3712,41,2,994.52
3713,70,1,3359.45
3713,96,2,320.77
3713,64,1,356.43
3714,2,1,3011.06
3714,63,3,293.58
3714,85,1,279.38
3714,68,2,306.66
3715,49,3,1254.37
3715,59,1,488.56
3715,31,1,1451.87
3715,78,1,876.32
3715,100,4,828.75
3716,98,2,322.02
3717,14,3,2714.07
3717,21,1,836.3
3717,75,1,486.62
3717,100,1,828.75
3718,25,1,1652.78
3718,6,1,22709.9
3718,37,2,1389.36
3718,56,2,868.37
3719,24,4,2116.77
3720,11,1,9461.52
3721,9999,1,579.08
3722,89,2,366.64
3723,40,2,1418.4
3723,82,3,300.41
3724,65,3,386.47
3724,92,1,1591.57
3725,58,4,470.58
3726,13,1,2131.33
3727,9,4,11424.27
3727,98,2,322.02
3727,6,3,22709.9
3727,11,3,9461.52
3728,91,2,432.43
3728,26,1,1210.27
3729,50,1,1105.68
3729,8,1,2448.97
3730,44,1,6528.88
3730,94,1,265.1
3731,99,1,458.92
3731,56,5,868.37
3731,11,1,9461.52
3731,80,5,629.19
3731,66,2,728.79
3732,11,1,9461.52
3733,81,3,641.39
3734,35,3,2865.41
3735,68,5,306.66
3735,44,2,6528.88
3735,45,4,1626.32
3735,37,1,1389.36
3735,5,2,3026.39
3736,16,3,13450.97
3737,21,1,836.3
3738,62,2,398.9
3738,12,2,5690.75
3739,26,1,1210.27
3739,9,1,11424.27
3740,25,4,1652.78
3740,15,1,3494.53
3740,44,1,6528.88
3740,77,1,1315.33
3740,11,1,9461.52
3741,95,1,744.54
3742,64,1,356.43
3742,47,2,493.52
3743,56,1,868.37
3744,92,1,1591.57
3745,14,2,2714.07
3745,93,2,186.14
3746,97,2,423.56
3747,42,2,800.81
3747,47,4,493.52
3747,52,2,3818.59
3748,33,3,312.93
3749,66,3,728.79
3749,68,1,306.66
3749,26,1,1210.27
3750,22,3,1475.64
3750,99,2,458.92
3750,61,1,356.45
3751,87,2,979.4
3752,9,1,11424.27
3752,60,5,579.94
3753,68,2,306.66
3754,11,1,9461.52
3755,11,2,9461.52
3756,52,4,3818.59
3756,4,5,2324.92
3756,80,2,629.19
3756,11,1,9461.52
3757,83,4,741.33
3757,60,3,579.94
3758,61,1,356.45
3758,44,2,6528.88
3758,79,2,1101.69
3758,47,2,493.52
3759,59,1,488.56
3759,6,1,22709.9
3760,82,1,300.41
3761,8,2,2448.97
3761,94,2,265.1
3761,63,1,293.58
3761,16,1,13450.97
3761,44,1,6528.88
3762,98,3,322.02
3762,29,1,4319.5
3763,59,1,488.56
3763,81,1,641.39
3763,46,1,253.36
3764,83,2,741.33
3764,22,1,1475.64
3764,8,1,2448.97
3764,45,2,1626.32
3765,92,2,1591.57
3765,66,1,728.79
3766,91,2,432.43
3766,41,2,994.52
3767,12,1,5690.75
3768,72,2,1918.28
3768,17,3,2276.26
3768,70,2,3359.45
3768,20,1,7731.56
3769,10,1,1936.14
3770,9,3,11424.27
3770,68,2,306.66
3770,85,5,279.38
3770,62,1,398.9
3770,28,1,579.08
3771,18,4,1854.55
3771,5,1,3026.39
3771,58,1,470.58
3772,6,2,22709.9
3772,83,1,741.33
3772,82,1,300.41
3772,61,1,356.45
3773,48,1,1218.45
3774,58,2,470.58
3774,35,1,2865.41
3775,30,2,3480.53
3776,49,1,1254.37
3776,82,1,300.41
3776,2,3,3011.06
3776,29,1,4319.5
3776,7,1,1169.34
3777,73,4,1195.7
3777,62,4,398.9
3777,51,3,1385.93
3778,42,5,800.81
3778,100,1,828.75
3778,29,2,4319.5
3778,69,1,1191.69
3778,11,1,9461.52
3779,6,1,22709.9
3780,65,2,386.47
3780,27,1,2010.3
3781,85,2,279.38
3781,56,1,868.37
3781,91,1,432.43
3782,77,2,1315.33
3782,74,1,1549.39
3782,40,2,1418.4
3783,31,3,1451.87
3783,80,2,629.19
3784,55,1,1652.62
3785,19,1,1007.13
3786,30,1,3480.53
3787,58,1,470.58
3787,19,2,1007.13
3787,51,1,1385.93
3787,32,2,910.33
3788,88,1,457.85
3788,24,1,2116.77
3789,62,2,398.9
3789,55,1,1652.62
3790,36,1,601.9
3791,41,1,994.52
3792,23,5,2025.31
3793,62,1,398.9
3794,99,1,458.92
3795,3,1,64028.3
3795,92,1,1591.57
3795,48,1,1218.45
3796,29,4,4319.5
3797,48,2,1218.45
3797,80,1,629.19
3798,31,1,1451.87
3799,70,1,3359.45
3799,43,1,1760.38
3800,98,2,322.02
3801,61,1,356.45
3802,44,5,6528.88
3802,20,3,7731.56
3802,84,3,605.41
3803,26,1,1210.27
3803,13,1,2131.33
3803,4,1,2324.92
3804,11,2,9461.52
3804,67,1,464.47
3805,61,2,356.45
3805,72,2,1918.28
3805,91,4,432.43
3806,98,3,322.02
3806,16,3,13450.97
3807,66,1,728.79
3808,11,1,9461.52
3808,61,3,356.45
3808,49,1,1254.37
3809,27,3,2010.3
3810,94,1,265.1
3810,57,5,1180.99
3810,26,5,1210.27
3810,22,2,1475.64
3811,98,1,322.02
3812,73,1,1195.7
3812,23,1,2025.31
3813,6,2,22709.9
3813,40,1,1418.4
3814,54,2,1639.4
3814,56,3,868.37
3815,9999,1,306.66
3816,49,2,1254.37
3817,69,2,1191.69
3817,29,1,4319.5
3818,74,1,1549.39
3819,54,2,1639.4
3819,37,4,1389.36
3820,9,1,11424.27
3820,95,1,744.54
3821,70,2,3359.45
3822,33,2,312.93
3822,4,4,2324.92
3823,92,1,1591.57
3823,14,1,2714.07
3824,4,1,2324.92
3825,92,2,1591.57
3825,60,3,579.94
3825,96,3,320.77
3825,31,1,1451.87
3826,85,3,279.38
3827,16,1,13450.97
3827,9,1,11424.27
3827,53,1,620.53
3828,33,1,312.93
3828,92,2,1591.57
3829,92,3,1591.57
3829,94,5,265.1
3830,31,1,1451.87
3831,16,2,13450.97
3831,28,2,579.08
3831,35,2,2865.41
3832,86,2,443.28
3832,2,1,3011.06
3833,30,1,3480.53
3833,23,1,2025.31
3833,9,2,11424.27
3834,52,3,3818.59
3834,44,2,6528.88
3834,66,1,728.79
3835,98,1,322.02
3835,39,1,1121.52
3835,2,1,3011.06
3835,35,2,2865.41
3836,93,1,186.14
3837,47,1,493.52
3838,65,1,386.47
3839,78,1,876.32
3839,92,1,1591.57
3840,89,3,366.64
3840,23,1,2025.31
3841,37,0,1389.36
3841,68,1,306.66
3841,41,4,994.52
3841,57,2,1180.99
3842,15,1,3494.53
3843,41,1,994.52
3843,19,1,1007.13
3844,89,1,366.64
3844,22,2,1475.64
3845,83,1,741.33
3846,63,5,293.58
3847,32,1,910.33
3847,58,1,470.58
3847,13,1,2131.33
3848,33,2,312.93
3849,72,4,1918.28
3849,19,1,1007.13
3850,8,2,2448.97
3850,6,3,22709.9
3851,49,1,1254.37
3851,15,2,3494.53
3852,94,3,265.1
3852,3,4,64028.3
3853,4,4,2324.92
3853,80,2,629.19
3854,98,3,322.02
3854,94,2,265.1
3855,74,0,1549.39
3855,43,1,1760.38
3856,99,1,458.92
3857,79,2,1101.69
3857,39,1,1121.52
3857,86,1,443.28
3857,6,3,22709.9
3857,93,1,186.14
3858,17,1,2276.26
3858,85,2,279.38
3858,9,4,11424.27
3858,43,1,1760.38
3859,14,1,2714.07
3859,5,2,3026.39
3859,69,1,1191.69
3859,84,2,605.41
3859,91,2,432.43
3860,19,4,1007.13
3861,17,3,2276.26
3862,77,1,1315.33
3862,53,1,620.53
3863,98,1,322.02
3864,87,1,979.4
3864,47,2,493.52
3864,94,5,265.1
3865,56,2,868.37
3866,71,4,704.54
3867,28,2,579.08
3868,70,1,3359.45
3868,33,1,312.93
3868,97,1,423.56
3868,10,1,1936.14
3868,51,1,1385.93
3869,53,2,620.53
3870,34,1,709.99
3870,87,4,979.4
3870,30,1,3480.53
3870,27,5,2010.3
3870,70,3,3359.45
3871,90,3,492.26
3872,22,1,1475.64
3872,74,5,1549.39
3872,96,2,320.77
3872,21,5,836.3
3872,61,1,356.45
3873,76,1,1151.77
3874,11,1,9461.52
3874,85,1,279.38
3874,28,1,579.08
3874,73,3,1195.7
3874,66,3,728.79
3875,62,2,398.9
3876,10,2,1936.14
3876,15,1,3494.53
3876,53,2,620.53
3877,39,1,1121.52
3877,91,1,432.43
3878,80,1,629.19
3879,59,2,488.56
3879,64,3,356.43
3879,45,3,1626.32
3879,31,1,1451.87
3879,51,2,1385.93
3880,39,4,1121.52
3881,84,5,605.41
3881,57,2,1180.99
3882,39,1,1121.52
3882,8,1,2448.97
3883,99,2,458.92
3884,26,1,1210.27
3884,55,1,1652.62
3884,23,4,2025.31
3884,100,4,828.75
3884,72,1,1918.28
3885,95,1,744.54
3885,21,1,836.3
3886,86,1,443.28
3887,51,1,1385.93
3888,5,2,3026.39
3888,50,3,1105.68
3888,20,1,7731.56
3888,71,2,704.54
3889,53,1,620.53
3889,22,1,1475.64
3890,2,1,3011.06
3891,59,1,488.56
3892,2,3,3011.06
3892,23,1,2025.31
3893,31,2,1451.87
3894,36,1,601.9
3894,78,2,876.32
3894,72,2,1918.28
3895,100,1,828.75
3896,90,1,492.26
3896,14,2,2714.07
3896,94,5,265.1
3897,14,2,2714.07
3897,62,1,398.9
3898,86,1,443.28
3898,80,1,629.19
3899,67,1,464.47
3899,48,2,1218.45
3900,27,2,2010.3
3901,91,1,432.43
3901,77,1,1315.33
3901,42,5,800.81
3902,50,2,1105.68
3902,47,1,493.52
3903,52,3,3818.59
3904,84,1,605.41
3904,49,1,1254.37
3905,45,1,1626.32
3905,25,1,1652.78
3905,53,3,620.53
3906,99,2,458.92
3907,65,3,386.47
3908,77,1,1315.33
3908,65,1,386.47
3908,25,1,1652.78
3909,82,2,300.41
3909,31,1,1451.87
3909,78,1,876.32
3910,22,4,1475.64
3911,45,2,1626.32
3912,28,2,579.08
3912,38,1,1342.05
3912,50,4,1105.68
3913,80,2,629.19
3913,63,1,293.58
3914,74,2,1549.39
3914,34,3,709.99
3914,32,3,910.33
3914,64,1,356.43
3914,52,1,3818.59
3915,61,3,356.45
3915,79,3,1101.69
3915,66,1,728.79
3915,15,2,3494.53
3916,21,3,836.3
3916,12,2,5690.75
3916,86,1,443.28
3917,40,1,1418.4
3917,49,1,1254.37
3918,87,4,979.4
3918,34,1,709.99
3919,92,1,1591.57
3920,33,1,312.93
3921,72,1,1918.28
3921,74,1,1549.39
3921,24,2,2116.77
3922,36,1,601.9
3922,67,1,464.47
3922,39,2,1121.52
3923,100,3,828.75
3923,86,1,443.28
3923,99,2,458.92
3924,83,2,741.33
3924,68,3,306.66
3925,26,2,1210.27
3925,66,2,728.79
3925,50,4,1105.68
3925,88,1,457.85
3926,79,1,1101.69
3927,24,1,2116.77
3927,65,1,386.47
3927,74,1,1549.39
3927,17,1,2276.26
3927,31,1,1451.87
3928,56,1,868.37
3928,28,2,579.08
3928,62,3,398.9
3929,89,1,366.64
3929,26,2,1210.27
3929,2,1,3011.06
3929,21,1,836.3
3930,72,5,1918.28
3931,76,1,1151.77
3932,48,2,1218.45
3933,56,2,868.37
3934,12,4,5690.75
3935,60,1,579.94
3936,41,1,994.52
3936,26,2,1210.27
3937,52,0,3818.59
3937,2,4,3011.06
3937,89,1,366.64
3938,38,2,1342.05
3938,88,5,457.85
3939,97,2,423.56
3939,98,2,322.02
3940,89,1,366.64
3940,72,3,1918.28
3940,93,1,186.14
3941,44,1,6528.88
3942,26,3,1210.27
3942,8,1,2448.97
3942,96,2,320.77
3943,12,5,5690.75
3943,3,2,64028.3
3944,85,4,279.38
3944,47,2,493.52
3945,23,1,2025.31
3946,91,1,432.43
3946,9999,1,1918.28
3946,61,1,356.45
3946,10,1,1936.14
3946,8,2,2448.97
3947,88,1,457.85
3947,11,2,9461.52
3948,7,2,1169.34
3948,5,1,3026.39
3948,65,1,386.47
3949,1,1,28043.24
3949,9,1,11424.27
3950,43,1,1760.38
3951,54,2,1639.4
3951,44,2,6528.88
3951,24,1,2116.77
3952,56,3,868.37
3953,26,1,1210.27
3954,12,2,5690.75
3955,49,1,1254.37
3955,68,2,306.66
3956,81,1,641.39
3956,80,3,629.19
3957,19,5,1007.13
3958,91,2,432.43
3958,1,2,28043.24
3959,81,1,641.39
3959,65,1,386.47
3959,9999,1,605.41
3960,11,2,9461.52
3960,100,2,828.75
3961,87,1,979.4
3961,35,2,2865.41
3962,85,2,279.38
3963,8,1,2448.97
3964,100,2,828.75
3964,56,1,868.37
3964,32,1,910.33
3964,43,2,1760.38
3964,57,5,1180.99
3965,53,4,620.53
3965,99,1,458.92
3965,21,5,836.3
3965,41,2,994.52
3966,77,3,1315.33
3967,98,1,322.02
3967,26,2,1210.27
3968,38,2,1342.05
3968,52,3,3818.59
3968,33,1,312.93
3968,68,1,306.66
3969,52,1,3818.59
3969,21,3,836.3
3969,81,3,641.39
3970,22,2,1475.64
3970,16,1,13450.97
3970,92,4,1591.57
3971,58,2,470.58
3972,44,1,6528.88
3972,97,2,423.56
3972,82,1,300.41
3972,76,3,1151.77
3973,26,2,1210.27
3973,15,2,3494.53
3974,54,1,1639.4
3974,17,2,2276.26
3974,43,1,1760.38
3974,6,3,22709.9
3975,100,2,828.75
3975,7,1,1169.34
3975,13,2,2131.33
3976,47,2,493.52
3976,71,1,704.54
3977,83,1,741.33
3978,7,1,1169.34
3979,86,1,443.28
3979,76,1,1151.77
3979,77,3,1315.33
3979,62,4,398.9
3979,98,2,322.02
3980,72,3,1918.28
3980,50,3,1105.68
3980,90,2,492.26
3980,49,1,1254.37
3981,41,1,994.52
3981,66,1,728.79
3982,27,3,2010.3
3982,71,2,704.54
3982,26,1,1210.27
3982,69,1,1191.69
3983,49,2,1254.37
3983,8,2,2448.97
3983,39,1,1121.52
3984,16,1,13450.97
3984,81,2,641.39
3984,61,1,356.45
3985,92,2,1591.57
3985,93,3,186.14
3985,78,3,876.32
3986,93,1,186.14
3987,1,1,28043.24
3988,24,1,2116.77
3989,31,1,1451.87
3989,99,1,458.92
3989,93,1,186.14
3989,45,3,1626.32
3989,8,2,2448.97
3990,52,1,3818.59
3990,95,4,744.54
3991,74,5,1549.39
3991,20,2,7731.56
3991,19,1,1007.13
3992,56,3,868.37
3992,89,1,366.64
3993,79,1,1101.69
3993,77,4,1315.33
3993,72,3,1918.28
3994,25,5,1652.78
3994,42,1,800.81
3994,40,2,1418.4
3995,82,1,300.41
3995,27,3,2010.3
3995,77,1,1315.33
3996,38,1,1342.05
3996,56,1,868.37
3996,25,2,1652.78
3996,84,5,605.41
3997,13,1,2131.33
3998,8,1,2448.97
3998,78,1,876.32
3999,2,1,3011.06
4000,51,1,1385.93
4001,99,5,458.92
4001,69,1,1191.69
4001,33,2,312.93
4001,22,2,1475.64
4002,83,2,741.33
4002,33,2,312.93
4003,11,2,9461.52
4004,83,2,741.33
4004,88,1,457.85
4004,10,1,1936.14
4005,55,1,1652.62
4006,51,1,1385.93
4006,61,4,356.45
4006,48,1,1218.45
4006,82,3,300.41
4007,87,1,979.4
4007,36,1,601.9
4007,51,2,1385.93
4007,48,1,1218.45
4007,49,2,1254.37
4008,64,1,356.43
4009,16,1,13450.97
4009,44,4,6528.88
4009,9,1,11424.27
4010,20,1,7731.56
4010,89,3,366.64
4011,92,2,1591.57
4011,77,1,1315.33
4011,27,1,2010.3
4012,10,3,1936.14
4012,94,1,265.1
4013,37,1,1389.36
4013,13,1,2131.33
4013,3,2,64028.3
4013,29,2,4319.5
4013,97,1,423.56
4014,45,1,1626.32
4015,100,1,828.75
4015,14,2,2714.07
4016,32,1,910.33
4017,4,2,2324.92
4018,9999,1,1195.7
4019,57,1,1180.99
4019,90,1,492.26
4019,9999,1,601.9
4019,88,1,457.85
4020,61,4,356.45
4020,19,1,1007.13
4021,86,2,443.28
4022,93,2,186.14
4022,69,2,1191.69
4023,31,1,1451.87
4023,94,1,265.1
4024,82,1,300.41
4025,55,1,1652.62
4026,45,3,1626.32
4027,12,1,5690.75
4028,7,1,1169.34
4028,8,3,2448.97
4029,56,3,868.37
4029,23,2,2025.31
4030,3,1,64028.3
4030,48,1,1218.45
4031,51,1,1385.93
4031,61,1,356.45
4032,21,1,836.3
4032,55,2,1652.62
4033,80,2,629.19
4033,76,1,1151.77
4034,84,1,605.41
4035,32,4,910.33
4035,4,1,2324.92
4035,12,2,5690.75
4035,23,1,2025.31
4036,17,2,2276.26
4037,90,4,492.26
4038,6,1,22709.9
4038,8,4,2448.97
4038,37,1,1389.36
4038,57,3,1180.99
4038,61,1,356.45
4039,68,3,306.66
4039,94,3,265.1
4040,54,4,1639.4
4040,92,1,1591.57
4040,71,1,704.54
4040,76,1,1151.77
4040,6,1,22709.9
4041,28,1,579.08
4041,14,1,2714.07
4041,16,1,13450.97
4041,32,1,910.33
4042,51,3,1385.93
4042,45,1,1626.32
4043,47,1,493.52
4043,85,1,279.38
4043,20,2,7731.56
4044,26,1,1210.27
4044,86,1,443.28
4044,51,1,1385.93
4045,45,3,1626.32
4045,49,3,1254.37
4046,30,4,3480.53
4046,7,3,1169.34
4047,51,1,1385.93
4048,27,2,2010.3
4048,58,1,470.58
4048,99,1,458.92
4049,4,1,2324.92
4050,20,2,7731.56
4051,63,2,293.58
4051,44,2,6528.88
4052,5,2,3026.39
4052,37,1,1389.36
4052,14,4,2714.07
4053,72,2,1918.28
4054,80,1,629.19
4055,66,5,728.79
4055,31,1,1451.87
4055,79,1,1101.69
4056,9999,5,605.41
4056,93,2,186.14
4056,6,1,22709.9
4056,32,1,910.33
4057,19,1,1007.13
4057,5,1,3026.39
4058,76,1,1151.77
4059,98,1,322.02
4059,95,1,744.54
4059,90,1,492.26
4059,36,1,601.9
4059,96,2,320.77
4060,16,1,13450.97
4061,1,1,28043.24
4062,13,2,2131.33
4062,16,1,13450.97
4062,73,3,1195.7
4063,4,1,2324.92
4063,19,3,1007.13
4063,52,5,3818.59
4064,58,1,470.58
4065,88,4,457.85
4065,56,2,868.37
4066,22,2,1475.64
4066,60,1,579.94
4067,14,2,2714.07
4068,71,1,704.54
4068,69,-1,1191.69
4068,76,4,1151.77
4069,67,2,464.47
4069,96,2,320.77
4069,97,1,423.56
4070,99,5,458.92
4070,87,2,979.4
4070,31,1,1451.87
4071,90,1,492.26
4071,73,2,1195.7
4072,89,1,366.64
4073,100,1,828.75
4073,31,2,1451.87
4074,73,2,1195.7
4075,66,2,728.79
4075,35,2,2865.41
4075,57,1,1180.99
4076,64,3,356.43
4077,80,1,629.19
4078,77,0,1315.33
4078,67,2,464.47
4079,86,2,443.28
4079,20,1,7731.56
4079,56,1,868.37
4080,80,1,629.19
4081,76,1,1151.77
4081,25,1,1652.78
4081,88,2,457.85
4081,84,1,605.41
4082,84,3,605.41
4083,40,3,1418.4
4084,40,1,1418.4
4084,69,1,1191.69
4084,6,1,22709.9
4085,4,2,2324.92
4086,57,1,1180.99
4086,26,1,1210.27
4086,51,1,1385.93
4086,22,2,1475.64
4086,79,2,1101.69
4087,38,1,1342.05
4087,79,2,1101.69
4087,35,4,2865.41
4087,53,1,620.53
4087,78,2,876.32
4088,62,5,398.9
4089,52,1,3818.59
4089,3,1,64028.3
4089,60,1,579.94
4089,42,4,800.81
4090,19,3,1007.13
4091,13,1,2131.33
4092,89,2,366.64
4093,35,1,2865.41
4093,92,1,1591.57
4093,87,1,979.4
4094,54,3,1639.4
4094,63,2,293.58
4095,28,1,579.08
4096,8,3,2448.97
4096,3,1,64028.3
4096,30,3,3480.53
4096,19,2,1007.13
4097,68,1,306.66
4098,47,2,493.52
4099,60,2,579.94
4099,63,1,293.58
4099,75,2,486.62
4100,60,1,579.94
4100,49,1,1254.37
4100,20,1,7731.56
4101,68,1,306.66
4102,72,1,1918.28
4103,20,1,7731.56
4103,58,1,470.58
4104,94,1,265.1
4104,26,1,1210.27
4104,70,3,3359.45
4105,91,1,432.43
4106,76,3,1151.77
4106,80,1,629.19
4106,5,1,3026.39
4106,52,4,3818.59
4107,2,4,3011.06
4107,73,1,1195.7
4108,50,2,1105.68
4108,91,1,432.43
4108,94,2,265.1
4108,35,4,2865.41
4109,60,1,579.94
4109,35,1,2865.41
4109,19,2,1007.13
4109,29,3,4319.5
4110,91,1,432.43
4110,18,1,1854.55
4111,13,2,2131.33
4111,39,1,1121.52
4111,2,1,3011.06
4112,90,2,492.26
4112,20,1,7731.56
4112,99,1,458.92
4112,83,1,741.33
4113,9,1,11424.27
4114,56,2,868.37
4114,85,1,279.38
4114,37,1,1389.36
4115,58,1,470.58
4115,39,2,1121.52
4116,79,3,1101.69
4117,21,1,836.3
4117,56,1,868.37
4118,12,1,5690.75
4119,45,1,1626.32
4119,28,2,579.08
4120,70,1,3359.45
4120,22,1,1475.64
4121,85,1,279.38
4121,55,2,1652.62
4122,89,5,366.64
4122,83,3,741.33
4123,65,3,386.47
4123,86,2,443.28
4124,51,1,1385.93
4124,25,4,1652.78
4125,69,2,1191.69
4125,37,3,1389.36
4126,83,1,741.33
4127,66,5,728.79
4127,16,1,13450.97
4128,5,1,3026.39
4129,74,1,1549.39
4130,11,1,9461.52
4130,27,1,2010.3
4131,84,1,605.41
4132,4,1,2324.92
4132,78,1,876.32
4133,18,2,1854.55
4133,64,3,356.43
4133,4,4,2324.92
4134,82,1,300.41
4134,59,2,488.56
4135,6,1,22709.9
4136,66,5,728.79
4136,6,5,22709.9
4137,97,4,423.56
4137,11,1,9461.52
4137,82,2,300.41
4138,13,2,2131.33
4139,5,2,3026.39
4139,53,2,620.53
4139,68,3,306.66
4140,29,1,4319.5
4140,57,1,1180.99
4141,18,1,1854.55
4141,80,1,629.19
4142,21,1,836.3
4143,79,3,1101.69
4143,33,1,312.93
4144,89,1,366.64
4144,39,1,1121.52
4144,13,3,2131.33
4144,71,1,704.54
4145,39,3,1121.52
4145,65,3,386.47
4146,21,2,836.3
4147,40,1,1418.4
4148,60,1,579.94
4149,40,2,1418.4
4150,24,1,2116.77
4151,25,1,1652.78
4151,91,1,432.43
4151,55,1,1652.62
4151,100,3,828.75
4151,17,3,2276.26
4152,100,1,828.75
4152,14,1,2714.07
4152,34,3,709.99
4152,22,4,1475.64
4152,65,3,386.47
4153,72,2,1918.28
4153,23,2,2025.31
4154,45,1,1626.32
4155,33,1,312.93
4156,42,3,800.81
4156,55,1,1652.62
4157,55,1,1652.62
4157,75,4,486.62
4157,22,2,1475.64
4157,59,1,488.56
4158,97,1,423.56
4158,32,1,910.33
4159,56,1,868.37
4159,3,1,64028.3
4160,78,1,876.32
4160,100,1,828.75
4161,57,1,1180.99
4162,37,1,1389.36
4162,64,2,356.43
4162,31,1,1451.87
4163,16,3,13450.97
4163,31,2,1451.87
4164,80,2,629.19
4164,90,3,492.26
4165,33,1,312.93
4166,41,1,994.52
4166,88,3,457.85
4166,90,1,492.26
4167,40,2,1418.4
4167,70,2,3359.45
4167,51,5,1385.93
4167,68,2,306.66
4168,53,1,620.53
4168,96,1,320.77
4169,70,3,3359.45
4169,41,3,994.52
4169,39,1,1121.52
4170,64,3,356.43
4170,85,1,279.38
4170,74,1,1549.39
4171,35,3,2865.41
4171,39,1,1121.52
4172,5,3,3026.39
4173,16,1,13450.97
4174,61,1,356.45
4175,60,2,579.94
4175,6,1,22709.9
4175,89,2,366.64
4176,71,2,704.54
4176,77,2,1315.33
4177,54,1,1639.4
4177,86,2,443.28
4177,20,2,7731.56
4177,75,1,486.62
4178,33,1,312.93
4178,69,1,1191.69
4179,15,3,3494.53
4180,93,5,186.14
4181,18,1,1854.55
4181,83,1,741.33
4181,61,1,356.45
4182,62,3,398.9
4182,53,1,620.53
4183,67,2,464.47
4183,12,2,5690.75
4183,97,3,423.56
4184,94,1,265.1
4184,45,3,1626.32
4185,54,3,1639.4
4186,37,1,1389.36
4187,34,3,709.99
4187,42,4,800.81
4187,15,1,3494.53
4188,46,3,253.36
4188,54,2,1639.4
4189,13,1,2131.33
4189,37,2,1389.36
4189,15,1,3494.53
4189,81,1,641.39
4190,6,3,22709.9
4190,95,1,744.54
4191,14,2,2714.07
4192,38,5,1342.05
4192,97,2,423.56
4192,64,2,356.43
4193,34,2,709.99
4193,99,2,458.92
4194,6,1,22709.9
4194,37,1,1389.36
4194,21,1,836.3
4194,20,2,7731.56
4195,25,2,1652.78
4195,68,2,306.66
4195,30,2,3480.53
4196,1,1,28043.24
4197,63,5,293.58
4197,65,1,386.47
4198,38,2,1342.05
4198,39,1,1121.52
4199,96,5,320.77
4199,17,2,2276.26
4199,83,1,741.33
4199,87,1,979.4
4199,28,1,579.08
4200,61,2,356.45
4200,22,2,1475.64
4201,11,3,9461.52
4202,41,5,994.52
4202,79,1,1101.69
4202,15,1,3494.53
4203,44,3,6528.88
4204,76,4,1151.77
4204,18,2,1854.55
4205,15,2,3494.53
4205,23,1,2025.31
4206,76,1,1151.77
4207,87,1,979.4
4207,68,3,306.66
4208,26,3,1210.27
4208,53,1,620.53
4208,10,1,1936.14
4209,36,1,601.9
4209,61,3,356.45
4209,63,1,293.58
4210,30,1,3480.53
4210,78,4,876.32
4210,45,2,1626.32
4211,31,2,1451.87
4211,97,3,423.56
4211,39,3,1121.52
4211,40,1,1418.4
4211,56,1,868.37
4212,52,1,3818.59
4212,62,5,398.9
4213,58,2,470.58
4214,64,1,356.43
4214,81,1,641.39
4214,70,2,3359.45
4215,47,1,493.52
4215,15,1,3494.53
4215,62,1,398.9
4216,54,2,1639.4
4217,4,1,2324.92
4218,4,4,2324.92
4219,61,1,356.45
4220,51,2,1385.93
4220,21,2,836.3
4221,98,5,322.02
4221,12,1,5690.75
4221,29,3,4319.5
4222,86,2,443.28
4222,87,1,979.4
4222,62,1,398.9
4222,100,4,828.75
4222,93,2,186.14
4223,77,1,1315.33
4223,24,2,2116.77
4223,30,1,3480.53
4224,39,1,1121.52
4224,69,3,1191.69
4225,98,1,322.02
4225,34,1,709.99
4225,55,1,1652.62
4226,3,3,64028.3
4226,43,2,1760.38
4227,50,1,1105.68
4228,51,1,1385.93
4229,11,1,9461.52
4229,65,5,386.47
4229,39,1,1121.52
4229,25,1,1652.78
4229,62,1,398.9
4230,61,2,356.45
4230,28,1,579.08
4231,46,1,253.36
4231,3,3,64028.3
4231,7,2,1169.34
4231,57,1,1180.99
4231,19,5,1007.13
4232,19,1,1007.13
4232,47,1,493.52
4233,89,1,366.64
4233,10,1,1936.14
4234,61,1,356.45
4234,31,1,1451.87
4234,64,2,356.43
4234,72,1,1918.28
4234,27,1,2010.3
4235,64,1,356.43
4235,29,1,4319.5
4235,37,1,1389.36
4236,68,1,306.66
4237,13,1,2131.33
4238,71,1,704.54
4238,19,1,1007.13
4238,7,1,1169.34
4238,41,1,994.52
4239,30,2,3480.53
4239,47,2,493.52
4239,65,3,386.47
4239,31,1,1451.87
4240,40,0,1418.4
4240,37,2,1389.36
4241,85,1,279.38
4242,13,2,2131.33
4243,97,1,423.56
4243,34,2,709.99
4243,23,5,2025.31
4244,65,4,386.47
4245,35,1,2865.41
4246,68,1,306.66
4246,51,3,1385.93
4246,63,2,293.58
4246,27,2,2010.3
4247,40,2,1418.4
4248,18,1,1854.55
4249,60,1,579.94
4249,84,1,605.41
4250,72,1,1918.28
4251,83,1,741.33
4251,38,1,1342.05
4252,81,2,641.39
4252,25,1,1652.78
4252,53,3,620.53
4253,81,3,641.39
4253,58,3,470.58
4253,19,2,1007.13
4254,46,1,253.36
4254,3,2,64028.3
4254,76,1,1151.77
4254,71,1,704.54
4255,37,5,1389.36
4256,60,3,579.94
4256,87,1,979.4
4257,67,1,464.47
4258,40,1,1418.4
4258,70,3,3359.45
4258,91,2,432.43
4259,77,1,1315.33
4260,12,2,5690.75
4260,92,1,1591.57
4260,47,4,493.52
4261,30,2,3480.53
4262,9,2,11424.27
4262,64,5,356.43
4263,70,1,3359.45
4264,48,3,1218.45
4264,7,1,1169.34
4265,5,2,3026.39
4266,61,1,356.45
4266,96,2,320.77
4266,27,2,2010.3
4266,43,0,1760.38
4266,73,1,1195.7
4267,61,1,356.45
4268,8,2,2448.97
4269,36,1,601.9
4270,47,1,493.52
4270,43,1,1760.38
4271,71,1,704.54
4272,62,3,398.9
4272,44,1,6528.88
4272,36,2,601.9
4273,13,1,2131.33
4274,83,1,741.33
4274,87,1,979.4
4275,75,4,486.62
4275,32,1,910.33
4275,72,1,1918.28
4276,10,1,1936.14
4277,42,5,800.81
4277,81,1,641.39
4277,21,4,836.3
4277,61,1,356.45
4277,9,2,11424.27
4278,16,1,13450.97
4278,84,1,605.41
4279,41,1,994.52
4279,76,2,1151.77
4280,76,3,1151.77
4281,40,1,1418.4
4281,18,1,1854.55
4281,83,3,741.33
4282,62,1,398.9
4282,11,1,9461.52
4283,91,3,432.43
4284,54,1,1639.4
4285,72,2,1918.28
4285,69,1,1191.69
4285,51,1,1385.93
4286,25,1,1652.78
4286,45,1,1626.32
4287,65,1,386.47
4287,35,1,2865.41
4288,26,1,1210.27
4288,93,3,186.14
4288,32,2,910.33
4288,55,2,1652.62
4289,47,2,493.52
4289,67,1,464.47
4289,54,1,1639.4
4289,97,1,423.56
4289,38,1,1342.05
4290,79,3,1101.69
4290,34,2,709.99
4290,9,1,11424.27
4291,14,2,2714.07
4291,44,1,6528.88
4292,20,2,7731.56
4293,16,3,13450.97
4293,64,1,356.43
4294,72,1,1918.28
4294,11,1,9461.52
4294,7,4,1169.34
4294,4,1,2324.92
4295,59,2,488.56
4295,73,2,1195.7
4295,39,1,1121.52
4295,69,2,1191.69
4296,22,1,1475.64
4296,71,4,704.54
4297,17,1,2276.26
4297,96,1,320.77
4298,35,1,2865.41
4299,33,3,312.93
4299,88,1,457.85
4300,32,1,910.33
4301,52,1,3818.59
4301,51,1,1385.93
4301,60,1,579.94
4302,9,1,11424.27
4303,69,1,1191.69
4303,19,3,1007.13
4304,53,1,620.53
4304,83,1,741.33
4304,5,4,3026.39
4304,31,1,1451.87
4305,71,3,704.54
4306,64,3,356.43
4306,54,1,1639.4
4306,76,2,1151.77
4307,16,2,13450.97
4307,32,5,910.33
4307,6,1,22709.9
4308,79,2,1101.69
4308,96,1,320.77
4309,40,1,1418.4
4309,83,1,741.33
4309,48,3,1218.45
4309,15,1,3494.53
4310,41,2,994.52
4310,81,4,641.39
4311,13,2,2131.33
4312,70,2,3359.45
4312,84,2,605.41
4312,35,4,2865.41
4313,39,2,1121.52
4313,72,2,1918.28
4314,96,1,320.77
4314,62,2,398.9
4315,6,1,22709.9
4316,26,1,1210.27
4316,6,3,22709.9
4316,32,2,910.33
4316,4,1,2324.92
4317,49,4,1254.37
4318,80,2,629.19
4319,86,2,443.28
4319,85,2,279.38
4320,53,3,620.53
4321,47,5,493.52
4322,22,1,1475.64
4323,35,1,2865.41
4323,26,1,1210.27
4323,8,1,2448.97
4323,63,1,293.58
4324,22,1,1475.64
4324,66,1,728.79
4324,25,1,1652.78
4325,50,1,1105.68
4325,58,2,470.58
4326,53,1,620.53
4326,36,3,601.9
4327,52,3,3818.59
4327,56,1,868.37
4328,81,1,641.39
4328,16,1,13450.97
4328,54,1,1639.4
4329,5,1,3026.39
4329,67,1,464.47
4330,84,1,605.41
4330,62,5,398.9
4330,72,4,1918.28
4330,91,1,432.43
4331,10,1,1936.14
4331,89,1,366.64
4331,2,5,3011.06
4331,34,3,709.99
4332,38,3,1342.05
4333,78,2,876.32
4333,11,3,9461.52
4334,11,2,9461.52
4334,43,2,1760.38
4334,10,1,1936.14
4335,21,1,836.3
4336,13,1,2131.33
4336,9,1,11424.27
4337,21,1,836.3
4338,10,1,1936.14
4338,99,1,458.92
4338,37,1,1389.36
4339,74,3,1549.39
4339,12,1,5690.75
4340,88,2,457.85
4341,64,2,356.43
4341,46,1,253.36
4341,30,3,3480.53
4341,96,1,320.77
4341,14,1,2714.07
4342,37,2,1389.36
4343,1,1,28043.24
4343,100,1,828.75
4344,86,4,443.28
4344,36,3,601.9
4345,17,1,2276.26
4345,43,2,1760.38
4345,6,1,22709.9
4346,38,1,1342.05
4346,2,1,3011.06
4346,61,3,356.45
4347,88,1,457.85
4348,78,1,876.32
4348,76,1,1151.77
4349,32,1,910.33
4350,19,5,1007.13
4350,8,4,2448.97
4350,57,2,1180.99
4351,4,2,2324.92
4351,66,1,728.79
4352,84,-2,605.41
4353,2,3,3011.06
4353,83,2,741.33
4353,79,2,1101.69
4354,44,1,6528.88
4355,26,2,1210.27
4355,97,1,423.56
4355,43,1,1760.38
4355,90,1,492.26
4356,41,2,994.52
4356,56,4,868.37
4356,93,2,186.14
4356,28,1,579.08
4357,37,1,1389.36
4357,13,1,2131.33
4358,77,1,1315.33
4358,66,1,728.79
4358,27,2,2010.3
4358,96,1,320.77
4358,69,3,1191.69
4359,68,1,306.66
4359,73,4,1195.7
4359,65,3,386.47
4360,92,1,1591.57
4360,95,2,744.54
4360,13,2,2131.33
4361,52,3,3818.59
4361,48,3,1218.45
4361,44,3,6528.88
4361,37,3,1389.36
4361,15,5,3494.53
4362,95,1,744.54
4362,81,1,641.39
4362,54,1,1639.4
4362,23,2,2025.31
4363,59,1,488.56
4363,40,3,1418.4
4364,58,3,470.58
4364,100,2,828.75
4365,4,1,2324.92
4366,20,1,7731.56
4367,54,1,1639.4
4368,58,3,470.58
4368,53,2,620.53
4368,14,1,2714.07
4368,56,2,868.37
4368,77,1,1315.33
4369,50,3,1105.68
4369,81,2,641.39
4369,16,2,13450.97
4370,85,1,279.38
4370,40,3,1418.4
4370,44,2,6528.88
4371,97,1,423.56
4372,75,1,486.62
4373,100,1,828.75
4374,66,1,728.79
4375,46,1,253.36
4376,75,1,486.62
4376,23,2,2025.31
4376,11,3,9461.52
4376,38,1,1342.05
4377,83,1,741.33
4377,49,1,1254.37
4378,3,1,64028.3
4379,86,1,443.28
4380,19,1,1007.13
4381,100,2,828.75
4382,27,1,2010.3
4383,50,1,1105.68
4384,23,2,2025.31
4384,29,2,4319.5
4384,45,3,1626.32
4385,44,1,6528.88
4385,46,2,253.36
4386,90,1,492.26
4386,27,1,2010.3
4386,19,1,1007.13
4387,9999,4,910.33
4388,51,5,1385.93
4388,42,1,800.81
4389,33,1,312.93
4389,31,1,1451.87
4389,86,1,443.28
4389,95,1,744.54
4390,20,2,7731.56
4390,50,2,1105.68
4391,9,1,11424.27
4392,60,1,579.94
4392,86,2,443.28
4392,88,0,457.85
4393,1,1,28043.24
4393,9,1,11424.27
4394,34,2,709.99
4394,86,2,443.28
4394,1,4,28043.24
4395,29,2,4319.5
4395,17,5,2276.26
4395,92,2,1591.57
4395,11,2,9461.52
4396,53,2,620.53
4397,5,1,3026.39
4397,40,1,1418.4
4398,10,1,1936.14
4398,99,-3,458.92
4398,74,1,1549.39
4399,26,1,1210.27
4399,12,1,5690.75
4399,58,2,470.58
4400,26,2,1210.27
4400,51,2,1385.93
4400,34,1,709.99
4401,86,1,443.28
4401,82,1,300.41
4402,47,1,493.52
4403,54,4,1639.4
4403,61,1,356.45
4404,57,1,1180.99
4404,58,0,470.58
4405,96,1,320.77
4405,60,1,579.94
4405,99,1,458.92
4405,17,1,2276.26
4405,37,2,1389.36
4406,73,2,1195.7
4406,18,1,1854.55
4407,30,3,3480.53
4408,8,1,2448.97
4408,47,2,493.52
4409,95,2,744.54
4409,61,2,356.45
4410,43,2,1760.38
4411,64,1,356.43
4412,68,1,306.66
4412,29,5,4319.5
4412,30,1,3480.53
4412,39,1,1121.52
4413,40,1,1418.4
4413,70,2,3359.45
4414,87,1,979.4
4415,44,3,6528.88
4415,67,2,464.47
4415,83,2,741.33
4416,90,1,492.26
4417,25,2,1652.78
4417,61,1,356.45
4417,56,1,868.37
4418,15,1,3494.53
4418,99,1,458.92
4419,4,1,2324.92
4419,59,1,488.56
4420,83,1,741.33
4421,93,1,186.14
4422,92,2,1591.57
4423,95,4,744.54
4423,41,1,994.52
4423,1,5,28043.24
4424,8,2,2448.97
4425,85,1,279.38
4425,12,1,5690.75
4426,85,1,279.38
4426,13,2,2131.33
4426,74,1,1549.39
4426,90,1,492.26
4427,1,1,28043.24
4427,54,5,1639.4
4427,83,2,741.33
4428,89,1,366.64
4429,9,0,11424.27
4429,40,2,1418.4
4430,84,1,605.41
4430,32,3,910.33
4430,14,3,2714.07
4431,74,2,1549.39
4432,25,1,1652.78
4432,57,1,1180.99
4432,73,3,1195.7
4432,33,1,312.93
4433,52,1,3818.59
4434,79,2,1101.69
4435,71,4,704.54
4435,97,1,423.56
4435,40,2,1418.4
4435,80,2,629.19
4435,26,1,1210.27
4436,73,1,1195.7
4436,83,2,741.33
4437,59,2,488.56
4437,62,1,398.9
4437,71,2,704.54
4438,37,2,1389.36
4439,50,1,1105.68
4439,58,1,470.58
4440,22,1,1475.64
4440,15,1,3494.53
4440,66,3,728.79
4441,12,5,5690.75
4441,20,2,7731.56
4441,45,2,1626.32
4441,70,1,3359.45
4441,5,2,3026.39
4442,77,1,1315.33
4442,43,4,1760.38
4442,53,1,620.53
4443,51,1,1385.93
4443,56,3,868.37
4443,99,4,458.92
4443,97,1,423.56
4443,32,3,910.33
4444,11,1,9461.52
4444,28,2,579.08
4445,36,1,601.9
4445,52,1,3818.59
4446,68,1,306.66
4447,92,4,1591.57
4448,5,2,3026.39
4448,47,1,493.52
4448,87,5,979.4
4449,69,1,1191.69
4449,36,1,601.9
4450,22,1,1475.64
4450,81,1,641.39
4451,97,2,423.56
4452,64,2,356.43
4452,90,1,492.26
4453,75,1,486.62
4454,29,1,4319.5
4455,14,1,2714.07
4455,86,1,443.28
4455,23,2,2025.31
4455,42,3,800.81
4456,15,2,3494.53
4457,66,1,728.79
4457,48,3,1218.45
4457,58,1,470.58
4458,94,-2,265.1
4458,32,2,910.33
4458,2,1,3011.06
4458,43,1,1760.38
4459,54,2,1639.4
4460,37,4,1389.36
4461,55,4,1652.62
4461,35,2,2865.41
4461,56,5,868.37
4461,58,1,470.58
4461,2,3,3011.06
4462,31,1,1451.87
4462,38,1,1342.05
4463,82,2,300.41
4464,3,1,64028.3
4464,69,2,1191.69
4464,59,1,488.56
4464,2,1,3011.06
4464,26,4,1210.27
4465,51,1,1385.93
4465,20,1,7731.56
4465,4,1,2324.92
4465,91,2,432.43
4466,19,1,1007.13
4466,3,3,64028.3
4466,18,1,1854.55
4466,58,1,470.58
4467,74,1,1549.39
4467,64,4,356.43
4467,58,1,470.58
4468,21,1,836.3
4468,20,1,7731.56
4468,91,2,432.43
4469,98,2,322.02
4469,34,1,709.99
4470,92,3,1591.57
4471,79,1,1101.69
4471,66,1,728.79
4472,70,1,3359.45
4472,50,1,1105.68
4472,6,1,22709.9
4472,82,1,300.41
4472,57,1,1180.99
4473,68,1,306.66
4473,33,1,312.93
4474,72,2,1918.28
4475,64,3,356.43
4476,26,2,1210.27
4477,5,2,3026.39
4478,92,1,1591.57
4478,100,1,828.75
4478,46,5,253.36
4478,20,1,7731.56
4479,73,1,1195.7
4480,85,1,279.38
4481,76,1,1151.77
4482,49,1,1254.37
4483,85,1,279.38
4483,31,1,1451.87
4483,61,1,356.45
4484,11,1,9461.52
4484,20,1,7731.56
4484,26,3,1210.27
4484,67,2,464.47
4485,16,2,13450.97
4485,25,4,1652.78
4486,12,1,5690.75
4486,100,1,828.75
4486,69,2,1191.69
4487,26,1,1210.27
4487,59,3,488.56
4487,19,1,1007.13
4488,92,3,1591.57
4489,5,2,3026.39
4490,29,1,4319.5
4491,47,1,493.52
4492,43,1,1760.38
4492,24,3,2116.77
4492,27,3,2010.3
4492,15,1,3494.53
4492,97,1,423.56
4493,64,4,356.43
4493,36,1,601.9
4493,10,2,1936.14
4493,48,2,1218.45
4493,23,5,2025.31
4494,74,2,1549.39
4494,21,5,836.3
4494,35,1,2865.41
4495,9,2,11424.27
4495,85,4,279.38
4495,75,2,486.62
4495,25,1,1652.78
4496,36,1,601.9
4496,21,1,836.3
4496,97,1,423.56
4496,86,2,443.28
4496,12,2,5690.75
4497,60,1,579.94
4498,34,4,709.99
4498,46,1,253.36
4498,15,1,3494.53
4499,30,2,3480.53
4499,43,2,1760.38
4500,44,1,6528.88
4500,81,1,641.39
4501,75,1,486.62
4501,98,5,322.02
4501,87,1,979.4
4502,56,1,868.37
4503,34,1,709.99
4504,27,2,2010.3
4504,38,1,1342.05
4504,57,2,1180.99
4504,67,4,464.47
4505,83,1,741.33
4505,30,2,3480.53
4505,9,3,11424.27
4505,19,2,1007.13
4506,52,5,3818.59
4506,55,1,1652.62
4507,23,1,2025.31
4507,64,5,356.43
4508,94,1,265.1
4508,35,1,2865.41
4509,61,1,356.45
4510,74,1,1549.39
4510,4,4,2324.92
4511,28,2,579.08
4511,20,2,7731.56
4512,98,2,322.02
4512,63,1,293.58
4512,2,1,3011.06
4512,22,5,1475.64
4513,29,3,4319.5
4513,100,3,828.75
4514,68,1,306.66
4514,42,1,800.81
4514,92,1,1591.57
4515,56,1,868.37
4515,38,2,1342.05
4515,27,1,2010.3
4515,65,1,386.47
4516,83,2,741.33
4517,23,3,2025.31
4517,80,1,629.19
4518,98,1,322.02
4518,48,1,1218.45
4519,42,2,800.81
4520,37,1,1389.36
4520,49,3,1254.37
4520,83,1,741.33
4520,43,0,1760.38
4521,33,2,312.93
4521,81,1,641.39
4522,52,1,3818.59
4522,9,1,11424.27
4523,51,4,1385.93
4523,74,2,1549.39
4523,25,3,1652.78
4524,96,1,320.77
4525,70,2,3359.45
4526,72,0,1918.28
4526,33,1,312.93
4527,90,1,492.26
4527,54,5,1639.4
4528,76,2,1151.77
4528,62,2,398.9
4528,72,1,1918.28
4528,27,1,2010.3
4529,37,2,1389.36
4529,11,1,9461.52
4530,58,1,470.58
4531,75,1,486.62
4531,12,5,5690.75
4531,4,1,2324.92
4531,61,2,356.45
4532,26,5,1210.27
4532,85,3,279.38
4533,37,2,1389.36
4533,29,2,4319.5
4534,45,2,1626.32
4534,90,1,492.26
4535,68,1,306.66
4535,64,1,356.43
4535,79,3,1101.69
4535,78,1,876.32
4536,51,1,1385.93
4537,41,5,994.52
4537,82,4,300.41
4538,24,3,2116.77
4539,86,1,443.28
4540,51,2,1385.93
4541,48,2,1218.45
4541,20,1,7731.56
4542,71,1,704.54
4542,99,2,458.92
4542,65,1,386.47
4542,66,1,728.79
4542,63,1,293.58
4543,74,1,1549.39
4543,78,1,876.32
4543,75,2,486.62
4543,69,3,1191.69
4544,70,1,3359.45
4544,84,1,605.41
4545,26,1,1210.27
4545,78,2,876.32
4546,56,1,868.37
4546,61,1,356.45
4546,67,1,464.47
4547,29,3,4319.5
4548,45,1,1626.32
4548,86,1,443.28
4548,96,1,320.77
4548,17,1,2276.26
4548,40,3,1418.4
4549,56,4,868.37
4549,74,1,1549.39
4550,44,1,6528.88
4550,87,1,979.4
4551,69,1,1191.69
4551,21,1,836.3
4551,24,5,2116.77
4551,78,2,876.32
4551,61,1,356.45
4552,26,1,1210.27
4553,5,3,3026.39
4553,46,1,253.36
4554,96,1,320.77
4554,1,1,28043.24
4555,76,2,1151.77
4556,3,1,64028.3
4557,34,1,709.99
4557,16,1,13450.97
4557,31,3,1451.87
4558,65,1,386.47
4558,14,2,2714.07
4558,1,2,28043.24
4558,39,2,1121.52
4559,61,2,356.45
4560,59,3,488.56
4561,77,2,1315.33
4561,41,1,994.52
4561,84,1,605.41
4561,15,2,3494.53
4561,99,1,458.92
4562,53,5,620.53
4562,59,1,488.56
4563,41,2,994.52
4563,2,1,3011.06
4564,82,1,300.41
4564,6,1,22709.9
4564,37,1,1389.36
4564,70,2,3359.45
4565,94,2,265.1
4565,96,2,320.77
4565,88,3,457.85
4566,3,1,64028.3
4567,9,2,11424.27
4568,65,2,386.47
4569,57,1,1180.99
4570,3,1,64028.3
4570,28,1,579.08
4570,29,4,4319.5
4570,9,2,11424.27
4571,38,2,1342.05
4571,30,1,3480.53
4572,99,2,458.92
4572,63,2,293.58
4572,46,1,253.36
4572,76,4,1151.77
4572,42,1,800.81
4573,37,1,1389.36
4573,56,4,868.37
4574,21,4,836.3
4574,28,1,579.08
4574,35,4,2865.41
4574,75,1,486.62
4574,9,3,11424.27
4575,38,1,1342.05
4575,91,1,432.43
4575,41,1,994.52
4575,92,2,1591.57
4576,63,2,293.58
4577,14,1,2714.07
4577,73,1,1195.7
4578,9,1,11424.27
4579,3,1,64028.3
4580,8,2,2448.97
4580,67,3,464.47
4581,53,1,620.53
4581,87,1,979.4
4582,13,1,2131.33
4582,61,2,356.45
4582,74,2,1549.39
4583,45,4,1626.32
4583,1,3,28043.24
4583,31,2,1451.87
4584,37,2,1389.36
4584,10,1,1936.14
4585,71,3,704.54
4586,96,1,320.77
4586,86,4,443.28
4587,22,1,1475.64
4588,98,1,322.02
4589,9,1,11424.27
4590,48,3,1218.45
4591,84,3,605.41
4592,36,1,601.9
4592,85,4,279.38
4592,28,2,579.08
4593,97,1,423.56
4593,88,1,457.85
4594,55,4,1652.62
4594,62,1,398.9
4594,73,1,1195.7
4595,89,1,366.64
4596,13,4,2131.33
4596,17,2,2276.26
4596,83,2,741.33
4597,87,2,979.4
4597,23,1,2025.31
4598,3,5,64028.3
4598,72,1,1918.28
4599,33,2,312.93
4599,44,2,6528.88
4600,20,3,7731.56
4601,18,2,1854.55
4602,25,1,1652.78
4603,17,1,2276.26
4603,85,1,279.38
4603,28,1,579.08
4604,26,2,1210.27
4605,34,1,709.99
4605,39,1,1121.52
4606,97,1,423.56
4606,42,1,800.81
4606,81,1,641.39
4607,50,1,1105.68
4608,36,1,601.9
4608,24,1,2116.77
4609,85,1,279.38
4609,20,1,7731.56
4610,33,3,312.93
4610,32,1,910.33
4610,21,1,836.3
4611,71,2,704.54
4611,84,1,605.41
4612,45,1,1626.32
4613,99,1,458.92
4614,46,3,253.36
4614,80,1,629.19
4615,29,1,4319.5
4616,56,1,868.37
4616,66,4,728.79
4616,16,5,13450.97
4617,16,1,13450.97
4617,29,2,4319.5
4617,85,1,279.38
4617,12,1,5690.75
4618,77,2,1315.33
4619,43,3,1760.38
4620,47,2,493.52
4620,56,3,868.37
4620,27,1,2010.3
4620,50,1,1105.68
4621,77,1,1315.33
4621,76,1,1151.77
4621,60,1,579.94
4621,22,1,1475.64
4622,12,2,5690.75
4622,56,1,868.37
4622,86,2,443.28
4623,54,2,1639.4
4623,47,1,493.52
4624,16,1,13450.97
4624,50,1,1105.68
4624,58,1,470.58
4625,10,1,1936.14
4625,59,1,488.56
4625,58,1,470.58
4626,9,2,11424.27
4627,19,3,1007.13
4628,41,1,994.52
4628,11,1,9461.52
4629,92,3,1591.57
4629,55,2,1652.62
4629,39,2,1121.52
4630,30,3,3480.53
4631,89,4,366.64
4632,83,1,741.33
4632,51,1,1385.93
4633,69,1,1191.69
4634,82,3,300.41
4634,99,1,458.92
4634,62,2,398.9
4635,100,1,828.75
4636,82,1,300.41
4636,38,1,1342.05
4637,29,1,4319.5
4638,85,1,279.38
4638,49,1,1254.37
4638,27,3,2010.3
4639,66,1,728.79
4639,2,2,3011.06
4639,53,1,620.53
4640,63,2,293.58
4641,20,2,7731.56
4642,24,1,2116.77
4642,30,1,3480.53
4642,79,1,1101.69
4642,96,4,320.77
4643,8,1,2448.97
4643,28,1,579.08
4643,40,1,1418.4
4644,47,2,493.52
4644,39,1,1121.52
4644,74,3,1549.39
4645,22,1,1475.64
4645,73,4,1195.7
4646,99,3,458.92
4646,5,1,3026.39
4646,39,2,1121.52
4646,90,1,492.26
4647,100,2,828.75
4647,94,1,265.1
4647,12,1,5690.75
4648,41,3,994.52
4648,76,2,1151.77
4648,58,1,470.58
4649,7,2,1169.34
4650,32,1,910.33
4650,85,2,279.38
4650,23,1,2025.31
4650,79,2,1101.69
4650,28,1,579.08
4651,6,1,22709.9
4652,68,3,306.66
4652,53,1,620.53
4653,32,1,910.33
4654,85,1,279.38
4654,45,1,1626.32
4655,98,3,322.02
4655,74,1,1549.39
4656,84,4,605.41
4656,42,5,800.81
4657,84,3,605.41
4657,48,1,1218.45
4658,8,1,2448.97
4658,54,1,1639.4
4658,39,1,1121.52
4658,91,1,432.43
4659,68,3,306.66
4659,31,1,1451.87
4660,38,1,1342.05
4660,34,2,709.99
4661,97,4,423.56
4662,58,3,470.58
4663,27,3,2010.3
4664,30,2,3480.53
4665,91,3,432.43
4665,55,2,1652.62
4665,15,1,3494.53
4666,3,1,64028.3
4666,74,1,1549.39
4666,85,1,279.38
4666,84,2,605.41
4667,90,1,492.26
4668,3,3,64028.3
4668,77,3,1315.33
4669,71,1,704.54
4669,33,2,312.93
4669,98,3,322.02
4670,16,1,13450.97
4670,55,1,1652.62
4670,19,1,1007.13
4671,97,2,423.56
4671,85,1,279.38
4672,6,3,22709.9
4673,79,2,1101.69
4673,45,1,1626.32
4674,4,2,2324.92
4674,48,1,1218.45
4674,12,1,5690.75
4674,7,1,1169.34
4675,5,1,3026.39
4675,15,1,3494.53
4676,71,2,704.54
4676,14,1,2714.07
4677,63,3,293.58
4677,49,1,1254.37
4678,93,1,186.14
4678,68,1,306.66
4678,65,2,386.47
4678,56,1,868.37
4678,82,1,300.41
4679,61,1,356.45
4680,99,2,458.92
4680,90,3,492.26
4680,66,5,728.79
4680,40,1,1418.4
4681,60,2,579.94
4681,28,1,579.08
4681,32,1,910.33
4682,47,1,493.52
4682,56,2,868.37
4682,31,1,1451.87
4682,100,1,828.75
4682,66,1,728.79
4683,95,1,744.54
4683,65,2,386.47
4684,9,4,11424.27
4684,93,2,186.14
4685,96,1,320.77
4686,34,1,709.99
4686,6,1,22709.9
4687,6,3,22709.9
4687,29,1,4319.5
4687,93,1,186.14
4688,18,3,1854.55
4688,87,1,979.4
4688,98,1,322.02
4689,24,2,2116.77
4689,4,1,2324.92
4689,59,4,488.56
4690,34,1,709.99
4690,9,2,11424.27
4691,21,1,836.3
4692,90,2,492.26
4693,33,3,312.93
4694,32,2,910.33
4694,62,2,398.9
4695,27,1,2010.3
4695,16,2,13450.97
4696,17,1,2276.26
4697,63,2,293.58
4698,1,1,28043.24
4698,35,1,2865.41
4699,7,2,1169.34
4700,89,2,366.64
4700,85,2,279.38
4700,69,1,1191.69
4700,46,1,253.36
4701,34,1,709.99
4701,81,1,641.39
4702,100,1,828.75
4702,35,1,2865.41
4702,10,1,1936.14
4702,99,1,458.92
4702,12,2,5690.75
4703,63,1,293.58
4703,55,2,1652.62
4703,9999,2,1180.99
4703,36,1,601.9
4704,46,2,253.36
4704,19,1,1007.13
4705,20,2,7731.56
4705,65,1,386.47
4705,43,2,1760.38
4706,34,2,709.99
4707,36,1,601.9
4707,92,1,1591.57
4707,47,1,493.52
4708,69,3,1191.69
4708,67,2,464.47
4708,17,2,2276.26
4709,9,1,11424.27
4709,2,1,3011.06
4710,5,1,3026.39
4710,31,2,1451.87
4711,9999,1,3359.45
4711,15,1,3494.53
4711,39,1,1121.52
4712,6,2,22709.9
4712,92,1,1591.57
4712,78,1,876.32
4712,93,1,186.14
4713,45,1,1626.32
4713,67,2,464.47
4714,99,2,458.92
4714,65,1,386.47
4715,99,1,458.92
4716,48,1,1218.45
4716,24,2,2116.77
4716,72,2,1918.28
4717,32,2,910.33
4717,69,3,1191.69
4717,41,0,994.52
4718,37,1,1389.36
4719,6,3,22709.9
4719,9,5,11424.27
4719,94,1,265.1
4720,97,2,423.56
4720,73,3,1195.7
4720,92,2,1591.57
4720,50,1,1105.68
4720,72,2,1918.28
4721,81,2,641.39
4721,62,2,398.9
4721,20,3,7731.56
4721,94,2,265.1
4721,83,1,741.33
4722,98,4,322.02
4722,55,1,1652.62
4722,94,2,265.1
4723,18,3,1854.55
4723,5,1,3026.39
4723,10,1,1936.14
4724,26,2,1210.27
4724,53,-2,620.53
4724,54,3,1639.4
4724,64,4,356.43
4724,16,2,13450.97
4725,35,1,2865.41
4726,90,3,492.26
4727,30,1,3480.53
4727,4,2,2324.92
4728,61,1,356.45
4729,17,1,2276.26
4729,51,1,1385.93
4730,53,4,620.53
4730,11,1,9461.52
4731,71,3,704.54
4732,76,1,1151.77
4732,8,2,2448.97
4733,80,1,629.19
4733,47,1,493.52
4734,96,1,320.77
4734,45,1,1626.32
4735,99,1,458.92
4735,62,2,398.9
4735,78,1,876.32
4735,41,2,994.52
4736,35,1,2865.41
4736,39,1,1121.52
4737,90,1,492.26
4737,58,2,470.58
4737,13,2,2131.33
4737,25,1,1652.78
4738,58,1,470.58
4739,97,1,423.56
4739,84,1,605.41
4739,40,1,1418.4
4740,65,2,386.47
4740,27,2,2010.3
4740,14,2,2714.07
4741,50,1,1105.68
4741,26,2,1210.27
4741,54,1,1639.4
4741,16,3,13450.97
4742,67,2,464.47
4742,19,1,1007.13
4742,13,1,2131.33
4742,5,2,3026.39
4743,76,2,1151.77
4743,31,5,1451.87
4743,35,2,2865.41
4743,100,1,828.75
4744,42,1,800.81
4745,19,3,1007.13
4746,85,1,279.38
4746,59,1,488.56
4746,41,1,994.52
4747,77,2,1315.33
4748,24,-3,2116.77
4748,74,5,1549.39
4749,15,3,3494.53
4749,6,2,22709.9
4750,38,1,1342.05
4750,43,2,1760.38
4750,51,4,1385.93
4751,38,3,1342.05
4752,47,1,493.52
4752,78,2,876.32
4752,2,2,3011.06
4752,52,1,3818.59
4753,11,1,9461.52
4753,55,1,1652.62
4753,16,2,13450.97
4753,92,3,1591.57
4753,84,2,605.41
4754,34,2,709.99
4754,71,3,704.54
4754,99,2,458.92
4754,83,3,741.33
4755,62,1,398.9
4755,90,1,492.26
4755,30,2,3480.53
4756,7,1,1169.34
4756,36,2,601.9
4756,2,1,3011.06
4757,14,1,2714.07
4758,35,1,2865.41
4758,6,1,22709.9
4758,15,1,3494.53
4758,39,1,1121.52
4758,76,1,1151.77
4759,83,3,741.33
4759,84,5,605.41
4759,98,2,322.02
4759,94,1,265.1
4760,48,2,1218.45
4760,95,1,744.54
4760,67,1,464.47
4761,68,1,306.66
4762,5,1,3026.39
4762,22,1,1475.64
4762,78,2,876.32
4762,44,1,6528.88
4763,100,2,828.75
4763,74,1,1549.39
4764,10,1,1936.14
4764,43,2,1760.38
4764,32,3,910.33
4765,96,1,320.77
4766,74,1,1549.39
4766,87,1,979.4
4766,57,3,1180.99
4767,78,4,876.32
4767,81,1,641.39
4767,71,1,704.54
4767,67,3,464.47
4768,100,1,828.75
4768,33,1,312.93
4769,5,2,3026.39
4769,75,1,486.62
4769,53,1,620.53
4770,91,1,432.43
4770,25,1,1652.78
4770,50,2,1105.68
4770,24,1,2116.77
4771,69,1,1191.69
4772,23,3,2025.31
4773,75,3,486.62
4773,59,3,488.56
4774,99,1,458.92
4774,42,2,800.81
4774,37,2,1389.36
4775,87,1,979.4
4776,46,2,253.36
4776,11,1,9461.52
4777,82,2,300.41
4778,9,2,11424.27
4778,43,1,1760.38
4778,20,1,7731.56
4778,68,2,306.66
4779,25,1,1652.78
4780,3,1,64028.3
4780,82,3,300.41
4781,49,1,1254.37
4781,12,2,5690.75
4781,23,1,2025.31
4782,22,1,1475.64
4782,1,3,28043.24
4782,19,2,1007.13
4782,26,2,1210.27
4783,60,1,579.94
4783,34,1,709.99
4784,84,2,605.41
4785,73,1,1195.7
4786,71,3,704.54
4786,24,1,2116.77
4787,34,1,709.99
4788,67,1,464.47
4788,20,2,7731.56
4789,25,1,1652.78
4790,67,0,464.47
4791,58,1,470.58
4791,43,1,1760.38
4792,60,2,579.94
4793,100,1,828.75
4793,52,3,3818.59
4794,20,1,7731.56
4795,50,1,1105.68
4796,48,2,1218.45
4797,25,1,1652.78
4797,80,1,629.19
4797,18,2,1854.55
4798,13,1,2131.33
4798,64,2,356.43
4799,46,1,253.36
4800,50,1,1105.68
4801,91,1,432.43
4802,3,5,64028.3
4802,71,4,704.54
4802,34,3,709.99
4803,93,4,186.14
4803,74,3,1549.39
4804,17,2,2276.26
4804,3,2,64028.3
4805,94,1,265.1
4805,64,1,356.43
4806,48,1,1218.45
4806,35,1,2865.41
4807,41,3,994.52
4807,9999,2,1195.7
4808,72,2,1918.28
4808,92,1,1591.57
4808,65,1,386.47
4809,22,1,1475.64
4809,43,1,1760.38
4809,4,2,2324.92
4809,73,1,1195.7
4810,100,2,828.75
4810,1,1,28043.24
4810,26,2,1210.27
4810,32,2,910.33
4810,44,1,6528.88
4811,54,2,1639.4
4811,97,1,423.56
4812,80,1,629.19
4813,78,3,876.32
4814,57,4,1180.99
4815,79,3,1101.69
4815,67,2,464.47
4815,7,3,1169.34
4815,66,1,728.79
4816,95,1,744.54
4816,17,2,2276.26
4817,25,4,1652.78
4817,58,2,470.58
4817,78,2,876.32
4817,54,2,1639.4
4818,8,1,2448.97
4818,97,1,423.56
4818,48,1,1218.45
4818,39,2,1121.52
4818,56,4,868.37
4819,27,1,2010.3
4819,51,1,1385.93
4819,22,1,1475.64
4819,31,1,1451.87
4819,86,1,443.28
4820,97,1,423.56
4821,86,2,443.28
4821,1,1,28043.24
4821,10,3,1936.14
4822,68,4,306.66
4822,12,3,5690.75
4823,95,2,744.54
4823,28,1,579.08
4823,37,2,1389.36
4824,38,1,1342.05
4825,61,2,356.45
4826,58,1,470.58
4827,37,3,1389.36
4827,20,1,7731.56
4827,58,1,470.58
4828,41,1,994.52
4829,32,1,910.33
4829,77,1,1315.33
4830,85,2,279.38
4831,69,1,1191.69
4831,34,4,709.99
4831,73,1,1195.7
4831,12,1,5690.75
4832,28,1,579.08
4833,97,1,423.56
4833,52,1,3818.59
4834,26,4,1210.27
4834,80,1,629.19
4834,57,1,1180.99
4835,56,3,868.37
4835,41,2,994.52
4835,92,2,1591.57
4835,93,3,186.14
4836,57,1,1180.99
4836,56,1,868.37
4836,80,1,629.19
4836,59,1,488.56
4837,94,3,265.1
4837,79,1,1101.69
4837,68,3,306.66
4838,17,1,2276.26
4838,95,2,744.54
4838,65,1,386.47
4839,33,1,312.93
4839,48,1,1218.45
4840,71,1,704.54
4840,27,2,2010.3
4840,98,1,322.02
4841,84,1,605.41
4842,14,1,2714.07
4843,41,1,994.52
4843,91,1,432.43
4844,53,2,620.53
4844,57,2,1180.99
4845,27,1,2010.3
4846,29,4,4319.5
4846,37,3,1389.36
4847,89,3,366.64
4848,86,2,443.28
4848,83,1,741.33
4848,9,2,11424.27
4848,12,4,5690.75
4849,62,0,398.9
4850,93,1,186.14
4851,8,3,2448.97
4851,98,3,322.02
4851,14,2,2714.07
4851,17,1,2276.26
4851,61,1,356.45
4852,19,1,1007.13
4852,22,1,1475.64
4853,19,1,1007.13
4853,2,2,3011.06
4854,55,1,1652.62
4854,70,2,3359.45
4854,83,1,741.33
4854,18,1,1854.55
4855,30,2,3480.53
4856,29,1,4319.5
4856,34,1,709.99
4856,94,3,265.1
4857,18,1,1854.55
4857,10,1,1936.14
4858,44,2,6528.88
4859,2,2,3011.06
4860,15,2,3494.53
4860,99,1,458.92
4860,88,5,457.85
4860,83,4,741.33
4861,74,1,1549.39
4861,84,3,605.41
4862,20,1,7731.56
4862,79,1,1101.69
4863,57,1,1180.99
4863,38,2,1342.05
4863,12,1,5690.75
4863,37,1,1389.36
4864,52,1,3818.59
4865,20,3,7731.56
4865,86,1,443.28
4865,1,1,28043.24
4866,1,2,28043.24
4867,7,2,1169.34
4867,99,1,458.92
4867,10,1,1936.14
4868,96,1,320.77
4868,93,2,186.14
4869,79,3,1101.69
4869,86,1,443.28
4870,35,3,2865.41
4871,87,1,979.4
4871,60,1,579.94
4871,71,1,704.54
4871,45,1,1626.32
4871,99,3,458.92
4872,79,1,1101.69
4873,54,1,1639.4
4873,12,2,5690.75
4874,15,4,3494.53
4874,86,1,443.28
4874,35,3,2865.41
4874,2,1,3011.06
4875,19,3,1007.13
4876,76,4,1151.77
4877,64,2,356.43
4877,73,1,1195.7
4878,51,0,1385.93
4878,40,1,1418.4
4878,9999,1,7731.56
4879,60,1,579.94
4879,64,1,356.43
4879,21,1,836.3
4879,46,1,253.36
4879,7,1,1169.34
4880,12,5,5690.75
4881,29,3,4319.5
4881,85,2,279.38
4882,38,2,1342.05
4883,80,4,629.19
4884,50,4,1105.68
4885,91,2,432.43
4886,55,2,1652.62
4887,72,4,1918.28
4888,48,1,1218.45
4889,74,5,1549.39
4889,29,2,4319.5
4889,49,2,1254.37
4889,78,2,876.32
4890,48,1,1218.45
4890,25,1,1652.78
4891,83,1,741.33
4891,6,2,22709.9
4891,24,1,2116.77
4892,51,1,1385.93
4892,60,1,579.94
4893,12,1,5690.75
4893,80,2,629.19
4893,48,1,1218.45
4893,11,3,9461.52
4893,24,1,2116.77
4894,99,2,458.92
4894,9999,1,423.56
4895,27,1,2010.3
4895,97,2,423.56
4895,100,3,828.75
4896,4,2,2324.92
4897,53,2,620.53
4897,63,1,293.58
4897,47,2,493.52
4897,89,4,366.64
4898,40,3,1418.4
4898,73,1,1195.7
4898,89,3,366.64
4899,58,1,470.58
4899,73,1,1195.7
4900,81,1,641.39
4900,64,1,356.43
4900,27,2,2010.3
4901,67,2,464.47
4901,83,2,741.33
4901,74,1,1549.39
4902,93,1,186.14
4903,65,2,386.47
4903,74,1,1549.39
4903,76,1,1151.77
4904,18,1,1854.55
4904,31,2,1451.87
4905,29,1,4319.5
4905,54,1,1639.4
4905,56,1,868.37
4906,25,1,1652.78
4906,4,1,2324.92
4906,30,2,3480.53
4907,3,3,64028.3
4907,27,4,2010.3
4907,96,3,320.77
4908,52,4,3818.59
4908,82,1,300.41
4908,70,3,3359.45
4909,75,1,486.62
4909,20,3,7731.56
4909,66,1,728.79
4910,7,3,1169.34
4911,9,3,11424.27
4911,68,4,306.66
4911,82,1,300.41
4911,89,2,366.64
4912,69,1,1191.69
4912,27,1,2010.3
4912,83,2,741.33
4913,72,1,1918.28
4913,74,1,1549.39
4914,8,2,2448.97
4915,60,1,579.94
4916,64,1,356.43
4916,6,3,22709.9
4916,32,2,910.33
4917,78,1,876.32
4917,33,1,312.93
4917,49,1,1254.37
4918,65,1,386.47
4918,93,2,186.14
4918,17,3,2276.26
4919,68,1,306.66
4920,22,3,1475.64
4920,82,1,300.41
4920,85,1,279.38
4920,100,2,828.75
4921,81,2,641.39
4921,78,2,876.32
4922,4,3,2324.92
4923,46,2,253.36
4924,90,1,492.26
4924,16,1,13450.97
4924,24,1,2116.77
4925,95,2,744.54
4925,21,1,836.3
4925,85,1,279.38
4926,80,1,629.19
4927,41,1,994.52
4928,99,1,458.92
4929,11,3,9461.52
4929,99,3,458.92
4930,43,1,1760.38
4930,85,1,279.38
4930,87,1,979.4
4930,47,1,493.52
4931,10,2,1936.14
4932,41,1,994.52
4932,36,1,601.9
4932,20,1,7731.56
4933,25,2,1652.78
4933,41,1,994.52
4933,30,1,3480.53
4933,28,4,579.08
4934,66,2,728.79
4934,64,4,356.43
4934,23,1,2025.31
4935,42,1,800.81
4935,12,2,5690.75
4935,79,2,1101.69
4935,77,1,1315.33
4935,58,3,470.58
4936,20,1,7731.56
4936,8,2,2448.97
4937,23,2,2025.31
4938,18,3,1854.55
4938,74,1,1549.39
4938,19,3,1007.13
4938,23,1,2025.31
4939,40,1,1418.4
4940,59,2,488.56
4940,1,1,28043.24
4941,65,0,386.47
4941,55,2,1652.62
4942,41,1,994.52
4943,20,1,7731.56
4943,78,1,876.32
4944,6,2,22709.9
4944,87,1,979.4
4945,72,1,1918.28
4945,7,1,1169.34
4946,52,1,3818.59
4947,78,3,876.32
4947,25,3,1652.78
4947,26,1,1210.27
4948,87,1,979.4
4948,74,1,1549.39
4948,36,4,601.9
4949,60,1,579.94
4950,32,1,910.33
4951,10,1,1936.14
4951,15,1,3494.53
4951,37,3,1389.36
4951,51,2,1385.93
4951,77,1,1315.33
4952,20,1,7731.56
4952,3,1,64028.3
4953,81,4,641.39
4954,15,1,3494.53
4955,81,1,641.39
4955,6,1,22709.9
4955,100,1,828.75
4955,83,2,741.33
4956,78,2,876.32
4957,40,1,1418.4
4958,43,4,1760.38
4958,26,1,1210.27
4959,38,2,1342.05
4960,16,1,13450.97
4960,81,1,641.39
4960,27,1,2010.3
4961,77,2,1315.33
4961,29,2,4319.5
4961,45,1,1626.32
4962,23,1,2025.31
4962,50,1,1105.68
4962,44,1,6528.88
4962,68,1,306.66
4963,67,3,464.47
4964,21,1,836.3
4965,49,3,1254.37
4965,83,2,741.33
4966,99,4,458.92
4967,21,2,836.3
4967,33,2,312.93
4967,17,1,2276.26
4968,19,1,1007.13
4968,52,1,3818.59
4968,60,3,579.94
4969,78,1,876.32
4969,30,4,3480.53
4969,25,1,1652.78
4969,55,1,1652.62
4969,40,5,1418.4
4970,3,1,64028.3
4971,94,1,265.1
4972,25,1,1652.78
4972,37,1,1389.36
4972,2,2,3011.06
4972,92,4,1591.57
4973,34,1,709.99
4973,94,1,265.1
4974,1,1,28043.24
4974,95,3,744.54
4974,68,2,306.66
4974,36,1,601.9
4975,53,2,620.53
4976,22,1,1475.64
4977,35,2,2865.41
4978,13,2,2131.33
4979,93,1,186.14
4979,53,1,620.53
4979,45,5,1626.32
4980,85,2,279.38
4980,50,2,1105.68
4981,14,1,2714.07
4981,76,2,1151.77
4981,47,1,493.52
4981,13,3,2131.33
4981,78,1,876.32
4982,57,2,1180.99
4983,41,2,994.52
4983,100,2,828.75
4984,1,3,28043.24
4984,92,1,1591.57
4985,3,3,64028.3
4986,52,1,3818.59
4987,57,3,1180.99
4987,62,1,398.9
4988,71,1,704.54
4988,18,1,1854.55
4988,50,2,1105.68
4989,80,0,629.19
4989,93,2,186.14
4989,34,1,709.99
4990,50,3,1105.68
4991,22,1,1475.64
4992,33,1,312.93
4992,6,1,22709.9
4993,3,1,64028.3
4993,84,1,605.41
4994,22,4,1475.64
4995,86,1,443.28
4995,94,4,265.1
4995,24,1,2116.77
4996,77,1,1315.33
4996,50,2,1105.68
4996,70,2,3359.45
4997,54,2,1639.4
4997,68,1,306.66
4997,64,1,356.43
4998,61,3,356.45
4998,63,1,293.58
4998,74,1,1549.39
4999,42,1,800.81
4999,31,1,1451.87
5000,1,1,28043.24
5000,27,3,2010.3
5000,44,1,6528.88
5000,54,1,1639.4
5000,26,1,1210.27
5001,11,1,9461.52
5001,47,1,493.52
5002,58,4,470.58
5003,94,2,265.1
5003,66,1,728.79
5003,45,1,1626.32
5004,4,1,2324.92
5004,36,1,601.9
5004,18,1,1854.55
5004,59,1,488.56
5005,81,2,641.39
5005,49,5,1254.37
5005,25,1,1652.78
5006,37,3,1389.36
5006,62,3,398.9
5006,73,1,1195.7
5006,28,1,579.08
5006,87,2,979.4
5007,40,1,1418.4
5007,64,2,356.43
5007,42,5,800.81
5008,36,3,601.9
5009,35,1,2865.41
5009,37,2,1389.36
5009,7,1,1169.34
5009,43,3,1760.38
5009,27,1,2010.3
5010,1,1,28043.24
5010,67,2,464.47
5010,95,1,744.54
5011,49,2,1254.37
5011,81,1,641.39
5011,45,2,1626.32
5012,22,1,1475.64
5013,70,1,3359.45
5013,97,2,423.56
5013,47,1,493.52
5013,10,1,1936.14
5014,14,2,2714.07
5014,35,2,2865.41
5015,87,1,979.4
5016,82,1,300.41
5016,42,1,800.81
5017,22,1,1475.64
5018,74,1,1549.39
5019,75,2,486.62
5019,46,1,253.36
5020,65,1,386.47
5021,36,5,601.9
5021,72,1,1918.28
5021,74,2,1549.39
5021,96,1,320.77
5021,40,1,1418.4
5022,16,1,13450.97
5022,29,2,4319.5
5022,67,2,464.47
5022,100,1,828.75
5023,70,2,3359.45
5024,95,2,744.54
5024,71,2,704.54
5025,81,1,641.39
5025,97,3,423.56
5026,98,1,322.02
5026,86,1,443.28
5027,72,1,1918.28
5028,27,1,2010.3
5028,62,1,398.9
5029,98,2,322.02
5030,26,2,1210.27
5030,84,2,605.41
5031,43,1,1760.38
5031,57,3,1180.99
5032,12,1,5690.75
5033,73,1,1195.7
5034,10,2,1936.14
5034,67,5,464.47
5035,3,1,64028.3
5036,42,1,800.81
5036,43,1,1760.38
5036,17,1,2276.26
5037,9,2,11424.27
5038,14,1,2714.07
5038,64,5,356.43
5038,63,1,293.58
5038,34,1,709.99
5039,27,3,2010.3
5039,25,1,1652.78
5040,77,1,1315.33
5040,56,2,868.37
5040,39,2,1121.52
5040,6,2,22709.9
5040,32,2,910.33
5041,5,1,3026.39
5041,93,1,186.14
5041,61,1,356.45
5042,54,4,1639.4
5043,20,2,7731.56
5043,46,2,253.36
5043,58,1,470.58
5043,78,3,876.32
5043,3,2,64028.3
5044,81,2,641.39
5044,15,1,3494.53
5044,66,3,728.79
5045,21,1,836.3
5046,70,1,3359.45
5046,95,2,744.54
5047,31,1,1451.87
5048,36,1,601.9
5049,72,2,1918.28
5049,35,4,2865.41
5049,97,1,423.56
5049,52,2,3818.59
5049,67,1,464.47
5050,93,2,186.14
5050,28,3,579.08
5051,24,1,2116.77
5051,3,1,64028.3
5052,35,2,2865.41
5052,29,2,4319.5
5052,83,1,741.33
5053,89,1,366.64
5053,15,1,3494.53
5053,38,1,1342.05
5053,93,1,186.14
5054,79,1,1101.69
5055,10,2,1936.14
5055,82,4,300.41
5055,91,4,432.43
5056,62,1,398.9
5056,59,4,488.56
5057,40,2,1418.4
5057,24,1,2116.77
5057,97,1,423.56
5057,93,1,186.14
5058,71,2,704.54
5059,61,1,356.45
5060,39,1,1121.52
5060,1,1,28043.24
5060,10,2,1936.14
5061,90,1,492.26
5061,27,3,2010.3
5061,43,1,1760.38
5062,13,1,2131.33
5062,51,2,1385.93
5062,22,3,1475.64
5063,42,1,800.81
5063,99,3,458.92
5063,67,3,464.47
5063,53,1,620.53
5063,60,1,579.94
5064,3,2,64028.3
5064,41,1,994.52
5065,39,3,1121.52
5065,80,1,629.19
5065,84,1,605.41
5066,90,1,492.26
5066,98,1,322.02
5066,19,4,1007.13
5066,37,1,1389.36
5066,97,2,423.56
5067,77,1,1315.33
5067,3,5,64028.3
5067,59,1,488.56
5068,35,3,2865.41
5069,29,1,4319.5
5070,90,1,492.26
5070,34,3,709.99
5071,58,4,470.58
5071,42,2,800.81
5071,13,1,2131.33
5071,31,3,1451.87
5072,49,3,1254.37
5073,100,2,828.75
5074,42,2,800.81
5074,63,1,293.58
5075,50,1,1105.68
5075,17,3,2276.26
5076,20,1,7731.56
5076,35,2,2865.41
5077,20,2,7731.56
5077,100,2,828.75
5077,2,1,3011.06
5078,74,1,1549.39
5078,63,1,293.58
5079,43,1,1760.38
5079,57,1,1180.99
5080,81,1,641.39
5081,63,2,293.58
5082,67,1,464.47
5082,32,2,910.33
5082,46,1,253.36
5082,5,2,3026.39
5083,27,1,2010.3
5084,41,5,994.52
5084,60,1,579.94
5085,88,1,457.85
5085,50,1,1105.68
5086,65,1,386.47
5086,26,1,1210.27
5086,28,1,579.08
5087,93,4,186.14
5087,60,2,579.94
5087,74,2,1549.39
5087,90,2,492.26
5088,41,0,994.52
5089,65,2,386.47
5089,49,1,1254.37
5089,43,1,1760.38
5090,7,1,1169.34
5091,10,1,1936.14
5091,59,1,488.56
5091,98,1,322.02
5092,13,1,2131.33
5092,90,3,492.26
5093,70,1,3359.45
5094,34,2,709.99
5094,7,1,1169.34
5094,26,1,1210.27
5094,70,1,3359.45
5095,58,1,470.58
5095,66,2,728.79
5096,67,2,464.47
5097,76,2,1151.77
5098,21,1,836.3
5098,99,4,458.92
5098,61,1,356.45
5099,100,1,828.75
5100,91,2,432.43
5100,9999,2,579.94
5100,38,1,1342.05
5100,98,1,322.02
5101,61,2,356.45
5102,51,3,1385.93
5102,29,1,4319.5
5102,28,2,579.08
5102,25,2,1652.78
5103,18,2,1854.55
5103,19,1,1007.13
5103,33,2,312.93
5103,57,2,1180.99
5103,80,1,629.19
5104,2,1,3011.06
5104,50,3,1105.68
5105,4,1,2324.92
5105,6,1,22709.9
5106,59,2,488.56
5106,27,2,2010.3
5106,13,1,2131.33
5106,29,1,4319.5
5107,24,3,2116.77
5108,69,1,1191.69
5108,42,1,800.81
5108,22,5,1475.64
5109,20,1,7731.56
5109,27,1,2010.3
5109,44,5,6528.88
5110,30,1,3480.53
5110,78,1,876.32
5110,40,1,1418.4
5111,82,1,300.41
5111,9,1,11424.27
5112,53,1,620.53
5113,87,1,979.4
5113,79,1,1101.69
5114,68,1,306.66
5114,70,1,3359.45
5115,21,3,836.3
5116,52,1,3818.59
5116,20,2,7731.56
5117,29,2,4319.5
5117,52,1,3818.59
5118,75,4,486.62
5118,21,1,836.3
5119,58,3,470.58
5120,41,2,994.52
5121,75,1,486.62
5121,78,1,876.32
5121,15,2,3494.53
5122,89,2,366.64
5123,2,2,3011.06
5124,57,2,1180.99
5125,98,1,322.02
5125,66,1,728.79
5125,85,1,279.38
5125,41,5,994.52
5126,28,1,579.08
5127,30,3,3480.53
5127,23,2,2025.31
5127,74,5,1549.39
5128,11,2,9461.52
5128,37,1,1389.36
5128,9999,1,2010.3
5128,82,3,300.41
5129,97,1,423.56
5130,96,2,320.77
5130,31,4,1451.87
5131,15,1,3494.53
5131,62,2,398.9
5132,26,2,1210.27
5132,94,4,265.1
5132,5,1,3026.39
5133,28,1,579.08
5134,41,2,994.52
5134,42,2,800.81
5134,77,2,1315.33
5135,86,1,443.28
5135,64,4,356.43
5135,36,1,601.9
5136,47,1,493.52
5136,9999,1,464.47
5136,95,1,744.54
5136,3,2,64028.3
5137,84,3,605.41
5138,91,1,432.43
5139,95,3,744.54
5139,83,2,741.33
5140,19,3,1007.13
5141,58,1,470.58
5141,64,1,356.43
5141,4,1,2324.92
5142,23,1,2025.31
5142,5,3,3026.39
5142,18,3,1854.55
5143,95,1,744.54
5144,12,1,5690.75
5144,40,4,1418.4
5145,31,1,1451.87
5146,35,1,2865.41
5147,6,1,22709.9
5148,84,1,605.41
5149,56,1,868.37
5150,15,2,3494.53
5151,8,3,2448.97
5151,19,1,1007.13
5152,68,1,306.66
5153,26,1,1210.27
5153,67,3,464.47
5154,57,3,1180.99
5154,73,3,1195.7
5154,9999,1,464.47
5155,15,3,3494.53
5156,9,1,11424.27
5156,59,4,488.56
5157,3,1,64028.3
5158,68,2,306.66
5158,44,1,6528.88
5158,86,2,443.28
5159,36,2,601.9
5159,77,1,1315.33
5160,76,1,1151.77
5161,52,1,3818.59
5162,83,1,741.33
5163,48,1,1218.45
5163,78,1,876.32
5163,87,2,979.4
5163,75,2,486.62
5164,56,2,868.37
5164,23,2,2025.31
5164,100,1,828.75
5165,55,2,1652.62
5166,39,2,1121.52
5166,86,1,443.28
5166,47,2,493.52
5166,62,1,398.9
5167,19,1,1007.13
5167,33,2,312.93
5168,60,1,579.94
5168,80,1,629.19
5169,33,1,312.93
5169,60,1,579.94
5170,24,1,2116.77
5170,90,3,492.26
5170,78,2,876.32
5170,35,1,2865.41
5171,16,1,13450.97
5172,53,2,620.53
5173,15,1,3494.53
5174,8,1,2448.97
5174,81,1,641.39
5174,92,2,1591.57
5175,42,1,800.81
5176,20,3,7731.56
5177,19,1,1007.13
5177,98,2,322.02
5178,51,1,1385.93
5179,99,2,458.92
5179,87,1,979.4
5180,75,4,486.62
5180,33,1,312.93
5181,61,2,356.45
5181,24,2,2116.77
5181,68,2,306.66
5181,62,2,398.9
5181,29,1,4319.5
5182,9999,3,28043.24
5183,38,3,1342.05
5184,70,4,3359.45
5185,85,1,279.38
5186,54,1,1639.4
5187,33,2,312.93
5188,14,1,2714.07
5189,62,1,398.9
5189,6,2,22709.9
5189,12,1,5690.75
5190,26,2,1210.27
5191,88,2,457.85
5191,84,5,605.41
5191,3,3,64028.3
5191,12,1,5690.75
5192,76,1,1151.77
5193,16,1,13450.97
5193,86,2,443.28
5193,83,1,741.33
5193,61,1,356.45
5194,19,3,1007.13
5195,48,2,1218.45
5196,41,-2,994.52
5196,72,2,1918.28
5197,29,1,4319.5
5197,36,1,601.9
5197,9,1,11424.27
5198,36,1,601.9
5198,76,3,1151.77
5199,61,4,356.45
5200,36,0,601.9
5200,88,2,457.85
5200,92,1,1591.57
5201,23,1,2025.31
5201,9,1,11424.27
5202,38,1,1342.05
5203,35,1,2865.41
5204,69,1,1191.69
5204,9,2,11424.27
5204,99,2,458.92
5205,13,2,2131.33
5205,12,2,5690.75
5206,48,1,1218.45
5206,67,1,464.47
5207,99,5,458.92
5207,49,2,1254.37
5207,88,1,457.85
5207,55,4,1652.62
5208,41,1,994.52
5208,42,3,800.81
5208,56,1,868.37
5208,32,2,910.33
5209,66,1,728.79
5209,84,2,605.41
5210,64,2,356.43
5210,6,1,22709.9
5211,2,1,3011.06
5211,13,1,2131.33
5211,46,1,253.36
5212,41,1,994.52
5212,100,3,828.75
5213,37,2,1389.36
5214,85,3,279.38
5214,28,1,579.08
5214,24,1,2116.77
5215,43,1,1760.38
5215,67,1,464.47
5215,73,1,1195.7
5216,61,1,356.45
5217,31,1,1451.87
5217,14,3,2714.07
5218,88,2,457.85
5219,70,1,3359.45
5219,58,2,470.58
5219,11,2,9461.52
5220,47,1,493.52
5220,33,2,312.93
5221,19,2,1007.13
5221,36,2,601.9
5221,77,1,1315.33
5221,13,1,2131.33
5222,50,2,1105.68
5222,78,1,876.32
5223,90,3,492.26
5223,34,1,709.99
5223,37,1,1389.36
5224,55,1,1652.62
5224,16,1,13450.97
5224,38,3,1342.05
5224,94,2,265.1
5224,6,1,22709.9
5225,20,1,7731.56
5226,71,1,704.54
5226,44,1,6528.88
5226,50,2,1105.68
5227,57,2,1180.99
5228,39,2,1121.52
5228,82,1,300.41
5228,5,2,3026.39
5228,93,3,186.14
5228,100,2,828.75
5229,6,1,22709.9
5230,31,2,1451.87
5230,83,1,741.33
5231,80,1,629.19
5231,94,3,265.1
5232,29,1,4319.5
5232,51,3,1385.93
5232,57,1,1180.99
5233,31,3,1451.87
5233,63,3,293.58
5234,60,2,579.94
5234,11,2,9461.52
5234,39,1,1121.52
5235,66,1,728.79
5235,46,1,253.36
5235,58,1,470.58
5235,48,1,1218.45
5235,79,1,1101.69
5236,21,2,836.3
5236,100,3,828.75
5237,14,1,2714.07
5238,51,3,1385.93
5238,90,2,492.26
5238,15,1,3494.53
5239,23,1,2025.31
5240,29,1,4319.5
5240,82,2,300.41
5240,9,1,11424.27
5240,24,1,2116.77
5241,93,2,186.14
5242,91,1,432.43
5243,42,2,800.81
5244,20,1,7731.56
5244,9999,3,2025.31
5245,68,1,306.66
5245,54,1,1639.4
5246,77,2,1315.33
5247,28,3,579.08
5247,33,1,312.93
5248,94,1,265.1
5249,36,2,601.9
5249,73,3,1195.7
5250,6,4,22709.9
5250,100,2,828.75
5250,68,1,306.66
5251,96,1,320.77
5251,51,4,1385.93
5251,20,5,7731.56
5251,98,2,322.02
5252,59,1,488.56
5252,100,2,828.75
5253,7,2,1169.34
5253,46,3,253.36
5253,59,2,488.56
5254,42,1,800.81
5254,60,4,579.94
5254,81,2,641.39
5255,39,1,1121.52
5256,41,1,994.52
5256,91,1,432.43
5257,14,1,2714.07
5257,39,1,1121.52
5257,80,1,629.19
5258,73,1,1195.7
5259,34,3,709.99
5260,13,3,2131.33
5260,95,1,744.54
5261,63,1,293.58
5261,45,1,1626.32
5261,37,1,1389.36
5262,90,1,492.26
5262,62,1,398.9
5262,30,1,3480.53
5263,21,1,836.3
5263,81,1,641.39
5264,68,1,306.66
5265,67,2,464.47
5265,48,4,1218.45
5265,33,1,312.93
5265,1,1,28043.24
5266,42,5,800.81
5266,38,2,1342.05
5266,80,2,629.19
5267,37,2,1389.36
5268,57,1,1180.99
5268,2,1,3011.06
5269,50,3,1105.68
5270,97,1,423.56
5270,3,2,64028.3
5270,79,1,1101.69
5271,22,2,1475.64
5272,18,2,1854.55
5272,82,2,300.41
5272,84,2,605.41
5273,42,1,800.81
5273,72,1,1918.28
5274,87,5,979.4
5274,83,4,741.33
5275,31,4,1451.87
5276,17,1,2276.26
5276,8,3,2448.97
5277,49,2,1254.37
5277,99,2,458.92
5278,84,1,605.41
5278,59,1,488.56
5278,18,3,1854.55
5279,51,4,1385.93
5279,15,1,3494.53
5279,72,1,1918.28
5280,42,1,800.81
5280,46,2,253.36
5281,82,3,300.41
5282,5,2,3026.39
5282,64,1,356.43
5283,91,3,432.43
5284,1,3,28043.24
5284,82,1,300.41
5285,60,1,579.94
5285,34,1,709.99
5286,92,1,1591.57
5286,78,1,876.32
5287,45,2,1626.32
5288,45,2,1626.32
5289,25,2,1652.78
5289,91,1,432.43
5289,60,4,579.94
5289,63,1,293.58
5290,73,2,1195.7
5291,53,4,620.53
5291,20,1,7731.56
5291,56,1,868.37
5292,94,1,265.1
5292,38,1,1342.05
5293,51,2,1385.93
5293,74,1,1549.39
5294,12,4,5690.75
5295,3,1,64028.3
5295,46,1,253.36
5296,38,1,1342.05
5296,44,1,6528.88
5297,56,3,868.37
5297,26,2,1210.27
5298,70,1,3359.45
5298,39,2,1121.52
5299,89,1,366.64
5299,39,1,1121.52
5300,22,2,1475.64
5301,21,2,836.3
5302,36,4,601.9
5303,59,2,488.56
5303,23,2,2025.31
5304,15,1,3494.53
5304,77,1,1315.33
5305,22,2,1475.64
5305,59,1,488.56
5305,35,3,2865.41
5306,84,1,605.41
5306,12,5,5690.75
5307,35,3,2865.41
5308,18,1,1854.55
5308,24,2,2116.77
5309,17,2,2276.26
5310,35,2,2865.41
5310,21,1,836.3
5311,65,5,386.47
5311,13,1,2131.33
5311,52,1,3818.59
5312,92,1,1591.57
5313,66,1,728.79
5314,62,3,398.9
5314,34,1,709.99
5315,12,2,5690.75
5316,48,1,1218.45
5317,26,3,1210.27
5317,22,1,1475.64
5317,92,2,1591.57
5317,54,2,1639.4
5317,8,3,2448.97
5318,6,1,22709.9
5318,84,1,605.41
5318,4,1,2324.92
5319,86,2,443.28
5320,44,1,6528.88
5320,7,4,1169.34
5320,58,1,470.58
5320,68,1,306.66
5321,96,2,320.77
5321,99,1,458.92
5321,4,2,2324.92
5321,9999,2,366.64
5321,12,1,5690.75
5322,27,1,2010.3
5323,57,3,1180.99
5324,30,2,3480.53
5324,54,2,1639.4
5324,22,1,1475.64
5324,74,3,1549.39
5325,39,1,1121.52
5326,32,2,910.33
5327,24,3,2116.77
5327,9,2,11424.27
5328,13,2,2131.33
5329,95,1,744.54
5329,15,1,3494.53
5329,23,2,2025.31
5330,21,1,836.3
5331,88,2,457.85
5331,76,2,1151.77
5331,13,1,2131.33
5332,19,1,1007.13
5332,10,1,1936.14
5332,16,3,13450.97
5332,90,2,492.26
5333,93,2,186.14
5333,18,2,1854.55
5333,90,1,492.26
5333,100,1,828.75
5334,100,2,828.75
5334,2,1,3011.06
5335,26,5,1210.27
5336,53,2,620.53
5336,44,1,6528.88
5337,63,1,293.58
5337,60,3,579.94
5337,88,1,457.85
5338,91,2,432.43
5338,56,1,868.37
5339,81,1,641.39
5339,75,1,486.62
5339,95,1,744.54
5339,36,2,601.9
5340,59,1,488.56
5341,69,1,1191.69
5342,45,2,1626.32
5342,8,3,2448.97
5343,38,1,1342.05
5343,35,1,2865.41
5343,29,1,4319.5
5343,75,1,486.62
5343,96,1,320.77
5344,58,3,470.58
5345,44,2,6528.88
5346,68,1,306.66
5346,27,1,2010.3
5346,59,1,488.56
5347,90,1,492.26
5347,19,3,1007.13
5348,87,1,979.4
5348,6,1,22709.9
5349,30,3,3480.53
5349,64,3,356.43
5349,70,3,3359.45
5350,77,-1,1315.33
5350,11,2,9461.52
5350,60,2,579.94
5351,90,1,492.26
5351,70,2,3359.45
5352,6,1,22709.9
5352,72,2,1918.28
5352,26,3,1210.27
5353,49,1,1254.37
5354,8,3,2448.97
5354,22,2,1475.64
5355,98,1,322.02
5355,44,1,6528.88
5355,100,2,828.75
5356,23,1,2025.31
5356,91,2,432.43
5357,16,1,13450.97
5357,68,1,306.66
5357,36,1,601.9
5358,89,1,366.64
5359,44,1,6528.88
5359,10,1,1936.14
5360,85,1,279.38
5360,24,2,2116.77
5360,56,1,868.37
5361,16,2,13450.97
5362,33,2,312.93
5362,51,1,1385.93
5363,39,1,1121.52
5364,20,1,7731.56
5364,2,2,3011.06
5365,11,2,9461.52
5366,50,1,1105.68
5366,72,3,1918.28
5366,4,1,2324.92
5366,20,1,7731.56
5367,24,3,2116.77
5367,1,1,28043.24
5368,68,1,306.66
5369,50,4,1105.68
5369,19,1,1007.13
5370,9,1,11424.27
5370,39,1,1121.52
5371,11,2,9461.52
5371,34,2,709.99
5372,15,1,3494.53
5372,63,1,293.58
5372,19,1,1007.13
5373,16,2,13450.97
5374,56,2,868.37
5374,38,1,1342.05
5374,18,1,1854.55
5375,67,2,464.47
5375,28,3,579.08
5376,99,1,458.92
5376,13,3,2131.33
5376,58,1,470.58
5377,96,1,320.77
5378,86,1,443.28
5378,23,1,2025.31
5378,78,1,876.32
5379,9,4,11424.27
5379,46,1,253.36
5380,81,1,641.39
5380,1,2,28043.24
5380,62,2,398.9
5380,49,1,1254.37
5381,78,1,876.32
5381,36,4,601.9
5381,16,1,13450.97
5382,68,1,306.66
5382,44,1,6528.88
5383,3,1,64028.3
5383,18,1,1854.55
5383,77,1,1315.33
5384,11,2,9461.52
5384,17,2,2276.26
5385,18,4,1854.55
5385,84,1,605.41
5385,76,1,1151.77
5385,62,1,398.9
5386,3,1,64028.3
5386,87,2,979.4
5386,99,2,458.92
5386,72,5,1918.28
5386,78,1,876.32
5387,78,2,876.32
5387,21,2,836.3
5387,53,2,620.53
5387,1,4,28043.24
5387,49,1,1254.37
5388,78,2,876.32
5389,2,1,3011.06
5389,51,0,1385.93
5389,87,1,979.4
5389,67,1,464.47
5390,58,3,470.58
5390,12,1,5690.75
5390,42,1,800.81
5390,23,2,2025.31
5391,51,2,1385.93
5392,67,1,464.47
5392,37,1,1389.36
5393,47,1,493.52
5393,52,2,3818.59
5394,37,2,1389.36
5394,57,1,1180.99
5394,48,1,1218.45
5395,47,1,493.52
5395,44,1,6528.88
5396,100,3,828.75
5396,78,2,876.32
5396,26,3,1210.27
5396,4,1,2324.92
5397,61,1,356.45
5397,16,1,13450.97
5397,91,4,432.43
5397,60,1,579.94
5398,99,1,458.92
5398,68,2,306.66
5399,50,2,1105.68
5399,79,1,1101.69
5399,96,3,320.77
5400,42,2,800.81
5400,9999,3,464.47
5401,68,2,306.66
5402,43,1,1760.38
5402,99,1,458.92
5402,69,1,1191.69
5402,34,3,709.99
5403,79,1,1101.69
5403,16,2,13450.97
5403,45,3,1626.32
5404,3,1,64028.3
5404,70,2,3359.45
5405,20,1,7731.56
5405,23,4,2025.31
5405,83,2,741.33
5405,75,2,486.62
5406,51,2,1385.93
5406,27,1,2010.3
5406,68,1,306.66
5407,1,2,28043.24
5407,73,1,1195.7
5407,66,2,728.79
5407,61,1,356.45
5407,49,1,1254.37
5408,62,3,398.9
5408,54,3,1639.4
5408,10,1,1936.14
5409,74,3,1549.39
5409,19,1,1007.13
5409,16,3,13450.97
5409,23,1,2025.31
5410,37,1,1389.36
5410,71,1,704.54
5410,11,1,9461.52
5410,57,4,1180.99
5410,12,1,5690.75
5411,13,2,2131.33
5411,62,2,398.9
5412,72,2,1918.28
5412,6,1,22709.9
5413,41,1,994.52
5414,98,1,322.02
5414,25,1,1652.78
5414,95,1,744.54
5415,48,1,1218.45
5415,79,1,1101.69
5416,2,1,3011.06
5416,89,1,366.64
5417,100,3,828.75
5418,10,2,1936.14
5419,66,1,728.79
5420,53,3,620.53
5421,84,1,605.41
5422,65,4,386.47
5423,98,2,322.02
5423,5,2,3026.39
5423,42,1,800.81
5424,94,4,265.1
5425,36,1,601.9
5425,62,1,398.9
5425,28,1,579.08
5426,48,2,1218.45
5426,5,3,3026.39
5426,79,3,1101.69
5426,61,1,356.45
5426,76,1,1151.77
5427,82,2,300.41
5428,28,1,579.08
5428,42,1,800.81
5428,63,2,293.58
5429,50,2,1105.68
5429,22,1,1475.64
5429,71,3,704.54
5429,32,2,910.33
5430,65,1,386.47
5431,69,1,1191.69
5432,94,1,265.1
5432,78,1,876.32
5433,54,3,1639.4
5433,63,1,293.58
5434,10,3,1936.14
5434,57,1,1180.99
5435,45,2,1626.32
5435,5,3,3026.39
5436,52,1,3818.59
5436,62,1,398.9
5436,47,1,493.52
5437,84,2,605.41
5437,19,1,1007.13
5438,10,1,1936.14
5438,3,1,64028.3
5438,9,1,11424.27
5439,29,-2,4319.5
5440,77,1,1315.33
5440,26,3,1210.27
5441,71,1,704.54
5442,67,1,464.47
5443,70,1,3359.45
5443,83,1,741.33
5443,50,1,1105.68
5443,72,1,1918.28
5444,83,5,741.33
5444,49,4,1254.37
5444,65,1,386.47
5444,1,1,28043.24
5445,7,1,1169.34
5446,41,1,994.52
5446,23,1,2025.31
5446,43,2,1760.38
5447,45,1,1626.32
5447,2,2,3011.06
5447,15,4,3494.53
5448,94,1,265.1
5448,85,1,279.38
5449,58,1,470.58
5450,62,1,398.9
5451,88,2,457.85
5451,84,1,605.41
5452,9999,0,28043.24
5453,84,1,605.41
5454,67,1,464.47
5455,26,3,1210.27
5455,4,1,2324.92
5455,8,1,2448.97
5456,87,2,979.4
5456,22,2,1475.64
5456,49,1,1254.37
5457,26,1,1210.27
5457,55,1,1652.62
5458,71,1,704.54
5458,67,1,464.47
5459,95,1,744.54
5460,27,1,2010.3
5460,46,1,253.36
5461,32,2,910.33
5461,39,1,1121.52
5461,74,1,1549.39
5462,67,1,464.47
5462,38,3,1342.05
5462,57,1,1180.99
5462,94,1,265.1
5462,71,3,704.54
5463,57,1,1180.99
5463,91,3,432.43
5464,63,2,293.58
5465,8,1,2448.97
5466,33,1,312.93
5466,96,1,320.77
5467,92,2,1591.57
5467,41,3,994.52
5468,62,2,398.9
5468,12,1,5690.75
5469,45,2,1626.32
5469,34,1,709.99
5469,76,5,1151.77
5469,46,1,253.36
5470,30,2,3480.53
5470,31,3,1451.87
5471,67,1,464.47
5471,4,2,2324.92
5471,5,2,3026.39
5472,88,1,457.85
5472,49,1,1254.37
5473,99,1,458.92
5474,2,1,3011.06
5474,7,1,1169.34
5475,72,2,1918.28
5476,95,4,744.54
5476,9,1,11424.27
5477,20,1,7731.56
5478,29,1,4319.5
5478,77,2,1315.33
5479,91,1,432.43
5480,63,1,293.58
5480,95,0,744.54
5481,51,1,1385.93
5481,8,1,2448.97
5482,40,1,1418.4
5483,85,5,279.38
5483,21,2,836.3
5483,99,2,458.92
5484,48,2,1218.45
5484,10,1,1936.14
5484,51,3,1385.93
5484,13,1,2131.33
5485,72,0,1918.28
5486,81,1,641.39
5486,9999,1,728.79
5486,55,1,1652.62
5486,71,3,704.54
5486,84,1,605.41
5487,44,2,6528.88
5487,40,1,1418.4
5487,37,1,1389.36
5488,33,2,312.93
5489,43,1,1760.38
5489,41,2,994.52
5490,47,2,493.52
5490,75,4,486.62
5491,15,1,3494.53
5492,93,1,186.14
5492,61,1,356.45
5492,70,3,3359.45
5492,40,2,1418.4
5492,29,1,4319.5
5493,70,3,3359.45
5494,75,4,486.62
5495,1,1,28043.24
5496,66,3,728.79
5497,78,1,876.32
5497,63,1,293.58
5498,9,1,11424.27
5499,77,3,1315.33
5500,49,1,1254.37
5501,95,2,744.54
5502,9,1,11424.27
5502,26,2,1210.27
5502,35,1,2865.41
5502,33,4,312.93
5503,35,2,2865.41
5503,59,1,488.56
5504,4,1,2324.92
5505,32,5,910.33
5505,92,1,1591.57
5505,4,1,2324.92
5506,48,1,1218.45
5506,92,1,1591.57
5507,91,1,432.43
5508,87,1,979.4
5508,50,1,1105.68
5508,9,2,11424.27
5508,27,2,2010.3
5509,9,0,11424.27
5510,35,3,2865.41
5510,43,3,1760.38
5510,68,1,306.66
5511,89,2,366.64
5512,19,1,1007.13
5512,5,1,3026.39
5512,29,1,4319.5
5512,91,2,432.43
5513,27,1,2010.3
5514,10,2,1936.14
5514,3,1,64028.3
5515,27,2,2010.3
5515,7,2,1169.34
5515,52,1,3818.59
5516,84,3,605.41
5516,87,4,979.4
5516,39,1,1121.52
5517,12,3,5690.75
5517,73,1,1195.7
5517,43,1,1760.38
5518,14,1,2714.07
5519,2,2,3011.06
5520,64,1,356.43
5520,66,4,728.79
5521,10,1,1936.14
5521,79,2,1101.69
5522,52,2,3818.59
5522,98,2,322.02
5523,82,1,300.41
5523,50,1,1105.68
5524,45,1,1626.32
5525,11,1,9461.52
5525,94,1,265.1
5525,43,2,1760.38
5526,7,1,1169.34
5527,18,2,1854.55
5527,30,4,3480.53
5528,62,3,398.9
5528,91,1,432.43
5528,44,1,6528.88
5528,74,1,1549.39
5529,52,3,3818.59
5529,65,1,386.47
5530,52,2,3818.59
5531,65,1,386.47
5531,8,1,2448.97
5532,75,2,486.62
5532,23,1,2025.31
5533,46,1,253.36
5533,50,4,1105.68
5533,15,1,3494.53
5534,66,2,728.79
5534,13,2,2131.33
5535,2,2,3011.06
5535,23,1,2025.31
5535,67,3,464.47
5535,1,2,28043.24
5536,67,5,464.47
5537,77,5,1315.33
5538,97,1,423.56
5539,46,3,253.36
5539,14,1,2714.07
5539,48,2,1218.45
5540,100,2,828.75
5540,69,1,1191.69
5540,63,4,293.58
5541,35,1,2865.41
5541,4,1,2324.92
5541,24,1,2116.77
5542,22,1,1475.64
5542,54,1,1639.4
5542,4,2,2324.92
5543,61,3,356.45
5544,44,2,6528.88
5544,67,1,464.47
5544,59,3,488.56
5544,63,1,293.58
5545,90,1,492.26
5546,44,1,6528.88
5546,21,1,836.3
5546,4,1,2324.92
5546,65,4,386.47
5547,61,1,356.45
5547,5,2,3026.39
5548,16,1,13450.97
5548,80,1,629.19
5549,72,1,1918.28
5550,94,0,265.1
5550,45,1,1626.32
5550,19,1,1007.13
5551,41,1,994.52
5552,10,1,1936.14
5553,28,1,579.08
5554,79,2,1101.69
5555,93,1,186.14
5556,14,3,2714.07
5556,43,1,1760.38
5556,82,1,300.41
5556,49,1,1254.37
5556,53,2,620.53
5557,19,2,1007.13
5558,12,3,5690.75
5558,31,1,1451.87
5558,92,1,1591.57
5559,21,1,836.3
5559,86,1,443.28
5560,19,2,1007.13
5560,56,1,868.37
5561,86,2,443.28
5561,99,1,458.92
5562,18,1,1854.55
5562,45,1,1626.32
5562,21,1,836.3
5563,28,3,579.08
5563,94,2,265.1
5564,10,1,1936.14
5564,9999,4,5690.75
5564,45,2,1626.32
5564,40,1,1418.4
5565,16,5,13450.97
5565,96,3,320.77
5566,8,2,2448.97
5566,71,1,704.54
5567,2,2,3011.06
5568,5,1,3026.39
5569,24,5,2116.77
5569,74,1,1549.39
5569,10,1,1936.14
5569,88,2,457.85
5570,64,3,356.43
5571,85,1,279.38
5572,18,1,1854.55
5573,37,3,1389.36
5573,8,1,2448.97
5574,49,1,1254.37
5574,34,1,709.99
5574,78,1,876.32
5574,26,1,1210.27
5575,90,1,492.26
5575,24,3,2116.77
5575,21,1,836.3
5575,85,2,279.38
5576,96,3,320.77
5576,18,2,1854.55
5576,36,2,601.9
5576,48,1,1218.45
5577,87,3,979.4
5578,17,3,2276.26
5578,65,1,386.47
5578,68,1,306.66
5579,76,1,1151.77
5580,34,1,709.99
5580,79,2,1101.69
5581,94,3,265.1
5582,25,4,1652.78
5582,54,1,1639.4
5583,44,1,6528.88
5583,11,1,9461.52
5584,33,2,312.93
5585,58,1,470.58
5585,63,2,293.58
5585,45,1,1626.32
5586,72,1,1918.28
5587,33,1,312.93
5587,94,1,265.1
5588,39,1,1121.52
5589,96,1,320.77
5589,65,1,386.47
5589,48,3,1218.45
5589,9999,1,293.58
5590,64,3,356.43
5591,6,4,22709.9
5591,96,1,320.77
5592,36,2,601.9
5592,34,2,709.99
5592,15,1,3494.53
5593,100,1,828.75
5594,60,1,579.94
5595,23,1,2025.31
5595,93,1,186.14
5596,62,1,398.9
5596,97,1,423.56
5596,43,1,1760.38
5597,28,1,579.08
5597,16,2,13450.97
5597,95,1,744.54
5598,21,1,836.3
5598,68,4,306.66
5598,19,1,1007.13
5598,95,1,744.54
5599,91,1,432.43
5600,60,2,579.94
5600,81,2,641.39
5601,48,1,1218.45
5602,45,2,1626.32
5602,37,1,1389.36
5603,14,1,2714.07
5604,46,1,253.36
5604,12,2,5690.75
5604,20,1,7731.56
5605,60,2,579.94
5606,76,2,1151.77
5606,34,1,709.99
5607,9,1,11424.27
5607,22,1,1475.64
5608,71,2,704.54
5608,79,2,1101.69
5608,45,1,1626.32
5609,85,1,279.38
5609,7,2,1169.34
5609,84,3,605.41
5610,18,3,1854.55
5611,34,1,709.99
5611,64,1,356.43
5612,72,5,1918.28
5612,84,1,605.41
5612,18,3,1854.55
5613,57,3,1180.99
5614,85,1,279.38
5615,8,3,2448.97
5615,22,2,1475.64
5616,32,2,910.33
5616,17,2,2276.26
5617,16,2,13450.97
5617,45,2,1626.32
5617,70,1,3359.45
5618,71,1,704.54
5618,9999,3,2131.33
5618,58,1,470.58
5619,51,1,1385.93
5619,77,1,1315.33
5620,79,1,1101.69
5620,87,1,979.4
5621,57,1,1180.99
5621,75,1,486.62
5622,33,2,312.93
5622,90,1,492.26
5623,81,1,641.39
5623,11,1,9461.52
5624,40,2,1418.4
5624,76,2,1151.77
5625,5,1,3026.39
5626,92,1,1591.57
5626,31,1,1451.87
5626,60,2,579.94
5627,42,2,800.81
5627,57,2,1180.99
5627,73,3,1195.7
5627,62,1,398.9
5628,36,3,601.9
5628,75,1,486.62
5629,9999,1,876.32
5629,12,3,5690.75
5630,66,3,728.79
5630,87,2,979.4
5631,82,1,300.41
5632,45,3,1626.32
5632,13,1,2131.33
5633,73,1,1195.7
5633,42,1,800.81
5633,89,3,366.64
5634,86,1,443.28
5634,58,3,470.58
5634,11,3,9461.52
5635,36,2,601.9
5635,20,1,7731.56
5636,49,5,1254.37
5636,74,1,1549.39
5636,51,4,1385.93
5637,50,2,1105.68
5637,22,1,1475.64
5637,48,1,1218.45
5638,70,2,3359.45
5638,47,1,493.52
5639,43,1,1760.38
5639,79,1,1101.69
5640,39,1,1121.52
5640,19,2,1007.13
5640,79,2,1101.69
5641,81,2,641.39
5642,55,1,1652.62
5642,50,5,1105.68
5642,34,1,709.99
5643,44,1,6528.88
5644,9,1,11424.27
5645,28,1,579.08
5645,41,3,994.52
5645,66,1,728.79
5645,1,1,28043.24
5646,48,1,1218.45
5647,67,1,464.47
5647,88,2,457.85
5648,40,4,1418.4
5648,83,1,741.33
5649,2,1,3011.06
5649,78,2,876.32
5650,60,1,579.94
5650,38,1,1342.05
5650,45,3,1626.32
5651,10,1,1936.14
5651,46,1,253.36
5651,8,1,2448.97
5652,100,2,828.75
5652,23,1,2025.31
5653,87,1,979.4
5653,10,2,1936.14
5654,2,1,3011.06
5655,79,0,1101.69
5655,14,1,2714.07
5656,100,2,828.75
5657,85,1,279.38
5658,65,1,386.47
5659,41,1,994.52
5659,87,3,979.4
5659,85,1,279.38
5659,96,1,320.77
5660,42,1,800.81
5661,80,3,629.19
5661,41,1,994.52
5661,58,2,470.58
5661,51,1,1385.93
5661,32,1,910.33
5662,12,2,5690.75
5662,48,1,1218.45
5662,57,2,1180.99
5663,13,2,2131.33
5663,64,1,356.43
5664,35,1,2865.41
5664,46,1,253.36
5664,23,1,2025.31
5664,7,1,1169.34
5665,95,1,744.54
5665,1,1,28043.24
5665,93,2,186.14
5666,38,1,1342.05
5666,40,1,1418.4
5667,63,1,293.58
5667,100,1,828.75
5668,64,5,356.43
5668,6,2,22709.9
5668,37,1,1389.36
5669,1,1,28043.24
5669,84,1,605.41
5670,93,1,186.14
5670,86,1,443.28
5671,97,1,423.56
5672,27,4,2010.3
5673,88,1,457.85
5673,28,1,579.08
5674,28,1,579.08
5675,38,2,1342.05
5675,97,2,423.56
5676,46,1,253.36
5677,55,1,1652.62
5677,53,3,620.53
5678,38,1,1342.05
5678,70,1,3359.45
5679,53,2,620.53
5679,43,4,1760.38
5680,24,1,2116.77
5680,51,2,1385.93
5681,94,1,265.1
5681,52,2,3818.59
5682,95,1,744.54
5683,89,1,366.64
5683,33,1,312.93
5684,16,1,13450.97
5684,78,1,876.32
5684,44,4,6528.88
5685,5,2,3026.39
5686,59,1,488.56
5687,37,3,1389.36
5687,44,1,6528.88
5688,53,2,620.53
5689,59,1,488.56
5689,36,1,601.9
5690,68,1,306.66
5691,39,2,1121.52
5692,7,1,1169.34
5693,51,1,1385.93
5693,81,1,641.39
5693,56,5,868.37
5694,81,1,641.39
5694,45,3,1626.32
5695,32,2,910.33
5696,12,4,5690.75
5696,21,2,836.3
5697,37,1,1389.36
5698,91,2,432.43
5699,60,1,579.94
5700,58,1,470.58
5701,91,3,432.43
5701,84,1,605.41
5702,7,3,1169.34
5702,31,2,1451.87
5702,80,1,629.19
5703,43,1,1760.38
5703,68,1,306.66
5703,62,1,398.9
5703,8,2,2448.97
5703,28,1,579.08
5704,52,2,3818.59
5705,70,1,3359.45
5705,21,5,836.3
5706,56,3,868.37
5706,24,3,2116.77
5707,18,2,1854.55
5708,46,1,253.36
5708,10,2,1936.14
5708,79,1,1101.69
5708,58,2,470.58
5708,84,1,605.41
5709,63,3,293.58
5709,59,1,488.56
5710,82,4,300.41
5711,55,2,1652.62
5711,47,3,493.52
5711,25,3,1652.78
5712,53,1,620.53
5713,90,1,492.26
5714,56,1,868.37
5714,62,5,398.9
5714,84,2,605.41
5715,23,2,2025.31
5715,9999,1,579.08
5716,99,3,458.92
5716,66,1,728.79
5717,67,1,464.47
5718,59,5,488.56
5718,31,1,1451.87
5718,15,4,3494.53
5719,15,1,3494.53
5720,67,2,464.47
5720,69,2,1191.69
5720,43,2,1760.38
5721,80,1,629.19
5721,50,1,1105.68
5722,67,1,464.47
5722,11,1,9461.52
5723,51,1,1385.93
5724,14,2,2714.07
5724,34,2,709.99
5725,3,1,64028.3
5725,81,1,641.39
5725,76,1,1151.77
5726,96,1,320.77
5726,73,2,1195.7
5726,84,2,605.41
5727,9999,1,2276.26
5728,70,1,3359.45
5728,16,1,13450.97
5728,41,1,994.52
5728,32,2,910.33
5728,14,1,2714.07
5729,28,3,579.08
5730,54,1,1639.4
5730,10,1,1936.14
5730,79,1,1101.69
5730,52,2,3818.59
5731,80,2,629.19
5731,31,1,1451.87
5731,37,1,1389.36
5732,3,2,64028.3
5732,9,1,11424.27
5732,45,1,1626.32
5733,50,3,1105.68
5734,54,2,1639.4
5734,88,2,457.85
5735,45,1,1626.32
5735,36,1,601.9
5735,72,2,1918.28
5736,65,1,386.47
5737,60,1,579.94
5737,4,3,2324.92
5738,19,1,1007.13
5739,29,1,4319.5
5740,19,2,1007.13
5741,86,4,443.28
5742,61,1,356.45
5742,65,1,386.47
5742,53,2,620.53
5742,81,2,641.39
5743,33,1,312.93
5744,67,3,464.47
5745,40,1,1418.4
5746,43,1,1760.38
5746,99,1,458.92
5746,2,1,3011.06
5746,75,2,486.62
5746,14,1,2714.07
5747,97,1,423.56
5747,23,1,2025.31
5748,88,1,457.85
5749,94,2,265.1
5749,49,3,1254.37
5749,75,1,486.62
5749,80,1,629.19
5750,79,1,1101.69
5751,40,3,1418.4
5751,2,1,3011.06
5752,89,2,366.64
5752,77,1,1315.33
5753,1,1,28043.24
5753,100,3,828.75
5754,14,4,2714.07
5754,40,1,1418.4
5754,96,1,320.77
5754,79,1,1101.69
5755,61,2,356.45
5756,61,2,356.45
5756,30,2,3480.53
5757,11,3,9461.52
5758,75,1,486.62
5759,17,1,2276.26
5759,85,1,279.38
5759,33,3,312.93
5759,92,3,1591.57
5760,6,1,22709.9
5760,31,2,1451.87
5760,42,1,800.81
5761,4,1,2324.92
5761,33,1,312.93
5761,3,1,64028.3
5762,66,1,728.79
5762,9,4,11424.27
5763,77,1,1315.33
5763,13,2,2131.33
5764,48,2,1218.45
5765,82,1,300.41
5766,34,1,709.99
5767,82,1,300.41
5767,79,2,1101.69
5767,97,3,423.56
5768,43,1,1760.38
5769,94,2,265.1
5769,28,1,579.08
5770,27,2,2010.3
5770,51,1,1385.93
5770,70,2,3359.45
5771,87,5,979.4
5771,45,1,1626.32
5772,12,1,5690.75
5772,21,1,836.3
5772,36,1,601.9
5773,11,2,9461.52
5773,80,2,629.19
5773,36,1,601.9
5774,60,1,579.94
5775,33,1,312.93
5776,60,1,579.94
5777,26,1,1210.27
5778,58,1,470.58
5778,40,1,1418.4
5779,98,5,322.02
5779,16,1,13450.97
5779,43,4,1760.38
5780,74,1,1549.39
5780,61,2,356.45
5780,52,1,3818.59
5781,35,2,2865.41
5781,67,1,464.47
5782,22,1,1475.64
5783,63,1,293.58
5783,65,1,386.47
5783,85,2,279.38
5784,91,2,432.43
5784,54,3,1639.4
5784,27,3,2010.3
5785,11,1,9461.52
5785,69,1,1191.69
5786,34,3,709.99
5786,86,1,443.28
5787,84,3,605.41
5787,42,1,800.81
5787,57,3,1180.99
5787,13,2,2131.33
5788,21,4,836.3
5788,60,3,579.94
5788,18,5,1854.55
5789,25,3,1652.78
5789,11,1,9461.52
5789,44,1,6528.88
5789,66,1,728.79
5789,87,2,979.4
5790,89,1,366.64
5790,67,2,464.47
5791,87,2,979.4
5791,47,1,493.52
5791,54,2,1639.4
5791,49,2,1254.37
5792,91,1,432.43
5792,71,1,704.54
5792,9,4,11424.27
5792,48,3,1218.45
5793,25,1,1652.78
5794,14,1,2714.07
5794,20,2,7731.56
5795,54,1,1639.4
5795,46,1,253.36
5796,9999,1,366.64
5796,92,1,1591.57
5797,96,3,320.77
5798,96,1,320.77
5798,15,1,3494.53
5799,31,4,1451.87
5799,38,1,1342.05
5800,2,1,3011.06
5801,37,5,1389.36
5801,19,3,1007.13
5801,51,2,1385.93
5801,87,4,979.4
5801,9,1,11424.27
5802,55,1,1652.62
5803,12,3,5690.75
5804,28,1,579.08
5805,39,1,1121.52
5805,11,2,9461.52
5806,99,1,458.92
5807,84,2,605.41
5807,64,3,356.43
5807,17,2,2276.26
5807,23,1,2025.31
5807,45,2,1626.32
5808,15,1,3494.53
5808,88,5,457.85
5809,90,3,492.26
5809,16,1,13450.97
5809,65,1,386.47
5810,74,2,1549.39
5810,60,1,579.94
5811,96,3,320.77
5811,7,2,1169.34
5812,59,3,488.56
5812,77,3,1315.33
5813,21,1,836.3
5814,30,3,3480.53
5814,23,3,2025.31
5814,77,2,1315.33
5814,50,1,1105.68
5814,31,1,1451.87
5815,68,3,306.66
5815,7,2,1169.34
5816,83,1,741.33
5817,29,2,4319.5
5817,32,1,910.33
5817,2,1,3011.06
5817,34,1,709.99
5818,14,2,2714.07
5818,33,3,312.93
5819,34,3,709.99
5819,87,1,979.4
5820,11,1,9461.52
5821,44,1,6528.88
5822,65,1,386.47
5822,45,1,1626.32
5822,90,3,492.26
5823,37,2,1389.36
5823,93,1,186.14
5823,47,3,493.52
5824,59,1,488.56
5824,41,1,994.52
5825,37,3,1389.36
5825,99,2,458.92
5825,65,2,386.47
5825,86,3,443.28
5825,28,1,579.08
5826,17,2,2276.26
5826,2,1,3011.06
5826,40,3,1418.4
5827,4,1,2324.92
5828,76,3,1151.77
5829,47,3,493.52
5830,99,2,458.92
5831,71,3,704.54
5831,85,2,279.38
5832,14,2,2714.07
5833,31,2,1451.87
5833,51,1,1385.93
5834,33,1,312.93
5834,30,1,3480.53
5835,16,3,13450.97
5836,91,1,432.43
5836,29,2,4319.5
5836,81,1,641.39
5836,21,3,836.3
5837,75,3,486.62
5837,65,2,386.47
5837,100,1,828.75
5838,55,3,1652.62
5838,52,1,3818.59
5839,38,1,1342.05
5839,100,1,828.75
5840,22,2,1475.64
5840,32,1,910.33
5841,43,1,1760.38
5841,35,1,2865.41
5841,1,1,28043.24
5842,88,1,457.85
5842,24,3,2116.77
5843,32,1,910.33
5843,24,2,2116.77
5843,13,3,2131.33
5843,73,3,1195.7
5843,17,1,2276.26
5844,68,1,306.66
5845,6,2,22709.9
5845,85,2,279.38
5845,66,3,728.79
5845,26,1,1210.27
5846,3,1,64028.3
5846,12,1,5690.75
5847,47,1,493.52
5847,17,1,2276.26
5847,100,1,828.75
5847,84,2,605.41
5847,73,4,1195.7
5848,82,1,300.41
5848,17,2,2276.26
5849,83,2,741.33
5849,32,3,910.33
5850,63,2,293.58
5851,5,1,3026.39
5851,90,3,492.26
5852,22,2,1475.64
5852,8,1,2448.97
5852,78,1,876.32
5853,77,1,1315.33
5854,72,2,1918.28
5854,45,2,1626.32
5854,5,1,3026.39
5855,94,1,265.1
5855,54,3,1639.4
5855,85,4,279.38
5856,77,2,1315.33
5856,43,2,1760.38
5856,12,2,5690.75
5857,66,2,728.79
5857,71,2,704.54
5857,22,1,1475.64
5857,36,1,601.9
5858,51,1,1385.93
5858,58,2,470.58
5858,31,1,1451.87
5858,95,1,744.54
5859,29,2,4319.5
5860,94,2,265.1
5860,90,1,492.26
5860,7,2,1169.34
5861,50,2,1105.68
5862,24,2,2116.77
5862,21,1,836.3
5863,52,2,3818.59
5864,44,1,6528.88
5864,92,1,1591.57
5864,9,1,11424.27
5864,62,1,398.9
5865,59,1,488.56
5866,43,1,1760.38
5866,33,1,312.93
5867,87,1,979.4
5868,40,2,1418.4
5869,74,-1,1549.39
5870,75,4,486.62
5870,60,4,579.94
5870,79,2,1101.69
5871,16,1,13450.97
5871,25,1,1652.78
5872,60,1,579.94
5872,43,3,1760.38
5873,17,3,2276.26
5873,85,1,279.38
5874,20,4,7731.56
5874,21,2,836.3
5874,51,2,1385.93
5875,70,2,3359.45
5876,5,5,3026.39
5877,74,3,1549.39
5878,75,3,486.62
5878,42,2,800.81
5878,53,1,620.53
5879,75,1,486.62
5880,88,1,457.85
5881,72,1,1918.28
5881,93,1,186.14
5882,61,1,356.45
5882,6,1,22709.9
5882,7,2,1169.34
5882,37,1,1389.36
5882,71,1,704.54
5883,78,2,876.32
5883,82,1,300.41
5883,37,2,1389.36
5883,6,2,22709.9
5884,65,3,386.47
5885,12,2,5690.75
5886,94,1,265.1
5887,22,3,1475.64
5887,78,1,876.32
5887,58,1,470.58
5887,76,1,1151.77
5888,90,2,492.26
5888,24,1,2116.77
5888,18,2,1854.55
5888,78,1,876.32
5889,11,1,9461.52
5889,85,1,279.38
5890,92,1,1591.57
5891,75,2,486.62
5891,23,5,2025.31
5892,69,2,1191.69
5892,87,1,979.4
5892,42,1,800.81
5893,68,1,306.66
5894,29,1,4319.5
5895,82,1,300.41
5895,23,1,2025.31
5895,3,1,64028.3
5895,90,1,492.26
5895,11,1,9461.52
5896,8,2,2448.97
5897,43,2,1760.38
5898,67,5,464.47
5899,51,3,1385.93
5899,14,2,2714.07
5899,43,1,1760.38
5900,3,2,64028.3
5900,53,1,620.53
5900,35,2,2865.41
5901,84,3,605.41
5902,85,1,279.38
5902,14,1,2714.07
5902,36,3,601.9
5903,39,1,1121.52
5904,83,1,741.33
5904,19,1,1007.13
5904,65,1,386.47
5905,38,2,1342.05
5906,2,1,3011.06
5906,5,1,3026.39
5907,92,1,1591.57
5907,21,2,836.3
5908,6,2,22709.9
5908,51,4,1385.93
5909,83,1,741.33
5910,80,2,629.19
5910,14,2,2714.07
5910,42,1,800.81
5911,28,1,579.08
5912,27,4,2010.3
5912,13,3,2131.33
5913,74,1,1549.39
5913,24,1,2116.77
5913,17,4,2276.26
5913,19,2,1007.13
5914,82,2,300.41
5915,66,1,728.79
5916,97,1,423.56
5917,28,2,579.08
5917,55,1,1652.62
5918,19,1,1007.13
5918,53,1,620.53
5918,58,1,470.58
5918,25,5,1652.78
5919,75,2,486.62
5919,35,1,2865.41
5920,83,1,741.33
5921,5,2,3026.39
5921,47,2,493.52
5921,15,1,3494.53
5922,33,1,312.93
5922,39,1,1121.52
5922,85,2,279.38
5923,72,1,1918.28
5923,83,2,741.33
5924,47,1,493.52
5925,80,2,629.19
5925,51,1,1385.93
5926,88,1,457.85
5927,97,2,423.56
5927,49,1,1254.37
5928,55,1,1652.62
5928,86,1,443.28
5929,28,1,579.08
5930,27,1,2010.3
5931,90,2,492.26
5931,11,3,9461.52
5931,51,2,1385.93
5931,56,1,868.37
5931,25,1,1652.78
5932,31,2,1451.87
5932,41,1,994.52
5932,74,1,1549.39
5933,41,1,994.52
5934,7,4,1169.34
5935,57,3,1180.99
5935,22,2,1475.64
5935,86,2,443.28
5935,23,2,2025.31
5936,13,2,2131.33
5936,21,1,836.3
5937,45,1,1626.32
5937,68,1,306.66
5937,16,1,13450.97
5938,11,1,9461.52
5938,8,2,2448.97
5938,58,3,470.58
5939,99,2,458.92
5940,24,1,2116.77
5940,90,2,492.26
5940,32,4,910.33
5940,3,1,64028.3
5941,66,-1,728.79
5941,39,1,1121.52
5941,87,1,979.4
5942,94,2,265.1
5942,2,3,3011.06
5942,19,1,1007.13
5942,8,2,2448.97
5943,37,1,1389.36
5943,60,1,579.94
5944,51,3,1385.93
5945,77,1,1315.33
5945,16,2,13450.97
5945,45,5,1626.32
5945,55,1,1652.62
5946,89,4,366.64
5947,1,1,28043.24
5947,82,5,300.41
5948,25,1,1652.78
5948,48,2,1218.45
5948,51,1,1385.93
5949,11,2,9461.52
5950,8,1,2448.97
5950,63,2,293.58
5950,98,1,322.02
5950,77,2,1315.33
5951,26,1,1210.27
5951,28,1,579.08
5951,49,3,1254.37
5951,55,1,1652.62
5951,34,1,709.99
5952,84,1,605.41
5952,86,1,443.28
5952,47,1,493.52
5952,21,1,836.3
5953,78,1,876.32
5953,36,2,601.9
5954,9999,2,1218.45
5954,32,1,910.33
5954,20,4,7731.56
5954,25,2,1652.78
5955,44,1,6528.88
5955,86,1,443.28
5955,29,1,4319.5
5956,73,1,1195.7
5956,17,1,2276.26
5957,61,1,356.45
5957,11,2,9461.52
5958,37,4,1389.36
5958,23,1,2025.31
5958,5,4,3026.39
5958,63,3,293.58
5959,28,1,579.08
5959,85,2,279.38
5960,18,1,1854.55
5961,7,5,1169.34
5962,18,1,1854.55
5962,67,3,464.47
5963,32,2,910.33
5963,49,1,1254.37
5964,82,5,300.41
5964,15,2,3494.53
5965,2,2,3011.06
5965,53,1,620.53
5965,3,2,64028.3
5965,31,1,1451.87
5966,100,1,828.75
5967,77,1,1315.33
5967,100,2,828.75
5967,80,1,629.19
5968,11,2,9461.52
5968,89,1,366.64
5968,57,3,1180.99
5968,17,2,2276.26
5969,31,1,1451.87
5970,51,2,1385.93
5971,81,2,641.39
5971,35,2,2865.41
5971,33,5,312.93
5971,36,2,601.9
5971,17,1,2276.26
5972,44,5,6528.88
5972,36,1,601.9
5973,18,1,1854.55
5974,58,1,470.58
5974,32,1,910.33
5974,52,1,3818.59
5975,9999,1,994.52
5975,28,2,579.08
5976,46,5,253.36
5976,20,1,7731.56
5976,97,2,423.56
5976,78,1,876.32
5976,7,1,1169.34
5977,70,3,3359.45
5977,20,1,7731.56
5977,61,2,356.45
5978,91,2,432.43
5978,73,1,1195.7
5978,74,1,1549.39
5978,7,1,1169.34
5979,88,1,457.85
5979,11,2,9461.52
5980,85,1,279.38
5980,90,1,492.26
5981,94,1,265.1
5981,30,3,3480.53
5982,23,2,2025.31
5982,67,5,464.47
5983,21,1,836.3
5984,95,3,744.54
5985,1,2,28043.24
5986,82,1,300.41
5987,82,2,300.41
5987,67,1,464.47
5987,59,2,488.56
5988,52,1,3818.59
5988,54,2,1639.4
5988,58,1,470.58
5989,50,2,1105.68
5989,25,1,1652.78
5989,87,1,979.4
5990,13,1,2131.33
5990,24,1,2116.77
5990,68,1,306.66
5990,78,1,876.32
5990,9999,1,3026.39
5991,60,3,579.94
5991,49,2,1254.37
5991,26,1,1210.27
5991,82,1,300.41
5992,35,1,2865.41
5992,28,2,579.08
5992,45,1,1626.32
5992,61,1,356.45
5993,7,1,1169.34
5993,84,1,605.41
5993,98,4,322.02
5994,48,1,1218.45
5995,53,2,620.53
5995,47,1,493.52
5995,98,1,322.02
5996,77,2,1315.33
5996,56,1,868.37
5997,75,3,486.62
5997,57,3,1180.99
5998,96,2,320.77
5998,100,1,828.75
5999,63,1,293.58
5999,36,2,601.9
5999,1,1,28043.24
5999,25,1,1652.78
6000,23,2,2025.31
6001,71,1,704.54
6001,22,1,1475.64
6001,23,4,2025.31
6002,73,2,1195.7
6003,60,4,579.94
6003,97,2,423.56
6004,44,5,6528.88
6005,4,2,2324.92
6005,90,2,492.26
6005,15,1,3494.53
6005,87,1,979.4
6005,89,1,366.64
6006,80,1,629.19
6007,91,1,432.43
6007,9,1,11424.27
6008,44,4,6528.88
6009,46,3,253.36
6010,17,4,2276.26
6010,93,1,186.14
6010,20,4,7731.56
6010,100,1,828.75
6010,2,1,3011.06
6011,25,1,1652.78
6012,4,1,2324.92
6013,70,1,3359.45
6013,61,1,356.45
6013,66,1,728.79
6013,9,3,11424.27
6013,56,2,868.37
6014,57,1,1180.99
6015,24,1,2116.77
6015,22,2,1475.64
6016,19,1,1007.13
6016,100,2,828.75
6016,20,1,7731.56
6017,1,5,28043.24
6017,27,2,2010.3
6018,54,1,1639.4
6018,38,4,1342.05
6018,97,1,423.56
6018,7,1,1169.34
6019,72,1,1918.28
6020,19,1,1007.13
6020,47,2,493.52
6020,95,1,744.54
6021,60,2,579.94
6021,36,1,601.9
6022,10,2,1936.14
6023,74,3,1549.39
6024,42,1,800.81
6024,22,3,1475.64
6025,49,4,1254.37
6025,34,2,709.99
6026,64,2,356.43
6026,13,2,2131.33
6026,63,1,293.58
6027,86,5,443.28
6028,33,2,312.93
6028,78,1,876.32
6029,95,2,744.54
6029,54,2,1639.4
6029,50,1,1105.68
6030,67,2,464.47
6031,48,2,1218.45
6031,46,2,253.36
6031,20,1,7731.56
6031,73,1,1195.7
6032,31,2,1451.87
6033,16,1,13450.97
6034,59,1,488.56
6034,99,2,458.92
6034,87,2,979.4
6035,33,1,312.93
6035,67,3,464.47
6035,64,1,356.43
6035,50,1,1105.68
6035,75,1,486.62
6036,29,1,4319.5
6036,46,3,253.36
6036,41,1,994.52
6037,51,3,1385.93
6037,37,1,1389.36
6038,36,1,601.9
6038,19,3,1007.13
6038,53,1,620.53
6038,23,1,2025.31
6039,9,1,11424.27
6039,9999,1,1315.33
6040,4,1,2324.92
6040,81,1,641.39
6040,79,4,1101.69
6041,52,1,3818.59
6041,70,2,3359.45
6041,48,2,1218.45
6042,31,2,1451.87
6043,77,4,1315.33
6043,14,3,2714.07
6043,92,1,1591.57
6044,77,5,1315.33
6044,27,2,2010.3
6045,19,1,1007.13
6046,29,1,4319.5
6046,24,2,2116.77
6047,87,2,979.4
6048,84,4,605.41
6048,24,1,2116.77
6048,69,1,1191.69
6049,12,1,5690.75
6049,78,1,876.32
6050,62,2,398.9
6050,28,1,579.08
6050,44,3,6528.88
6050,52,1,3818.59
6051,16,1,13450.97
6052,47,1,493.52
6053,79,2,1101.69
6053,36,2,601.9
6054,37,1,1389.36
6054,96,1,320.77
6055,47,4,493.52
6055,14,3,2714.07
6056,80,1,629.19
6056,13,1,2131.33
6057,51,1,1385.93
6057,40,1,1418.4
6057,13,2,2131.33
6058,71,1,704.54
6059,29,3,4319.5
6059,31,1,1451.87
6059,15,5,3494.53
6059,50,1,1105.68
6059,13,1,2131.33
6060,55,2,1652.62
6060,79,1,1101.69
6060,1,1,28043.24
6060,10,2,1936.14
6061,2,2,3011.06
6062,39,2,1121.52
6062,91,2,432.43
6063,51,1,1385.93
6063,63,1,293.58
6064,23,2,2025.31
6064,69,1,1191.69
6065,26,3,1210.27
6065,57,1,1180.99
6066,2,2,3011.06
6067,81,2,641.39
6067,58,2,470.58
6067,9,1,11424.27
6068,58,1,470.58
6068,25,2,1652.78
6068,80,1,629.19
6068,47,1,493.52
6069,90,3,492.26
6069,7,2,1169.34
6069,55,2,1652.62
6070,46,1,253.36
6070,73,2,1195.7
6070,49,1,1254.37
6070,58,2,470.58
6071,27,1,2010.3
6072,39,1,1121.52
6073,74,0,1549.39
6073,57,1,1180.99
6073,89,3,366.64
6073,32,3,910.33
6074,71,3,704.54
6075,79,1,1101.69
6075,70,1,3359.45
6075,77,1,1315.33
6076,82,2,300.41
6077,4,2,2324.92
6078,63,1,293.58
6079,58,1,470.58
6079,46,1,253.36
6080,53,4,620.53
6081,89,1,366.64
6081,35,1,2865.41
6081,49,1,1254.37
6082,38,1,1342.05
6082,94,2,265.1
6083,82,1,300.41
6084,55,1,1652.62
6084,98,1,322.02
6085,57,1,1180.99
6085,10,4,1936.14
6085,44,1,6528.88
6086,23,1,2025.31
6087,18,1,1854.55
6087,100,1,828.75
6087,47,1,493.52
6087,79,2,1101.69
6087,83,2,741.33
6088,95,2,744.54
6088,77,3,1315.33
6088,15,3,3494.53
6088,34,2,709.99
6089,60,1,579.94
6090,42,1,800.81
6091,46,3,253.36
6092,27,2,2010.3
6093,53,1,620.53
6094,5,5,3026.39
6095,82,1,300.41
6096,42,4,800.81
6096,8,1,2448.97
6097,15,2,3494.53
6098,34,2,709.99
6099,94,5,265.1
6099,86,3,443.28
6099,61,1,356.45
6100,35,3,2865.41
6100,73,2,1195.7
6100,21,1,836.3
6100,41,2,994.52
6101,37,2,1389.36
6101,86,2,443.28
6101,74,4,1549.39
6101,59,1,488.56
6102,86,2,443.28
6102,69,3,1191.69
6103,8,2,2448.97
6103,80,4,629.19
6103,26,2,1210.27
6104,73,1,1195.7
6105,66,1,728.79
6105,87,1,979.4
6106,15,1,3494.53
6106,94,1,265.1
6107,31,5,1451.87
6108,9,1,11424.27
6109,23,1,2025.31
6109,45,1,1626.32
6110,11,2,9461.52
6111,8,1,2448.97
6111,6,1,22709.9
6111,64,1,356.43
6111,91,3,432.43
6112,80,2,629.19
6112,91,2,432.43
6112,66,1,728.79
6113,33,1,312.93
6113,46,1,253.36
6113,47,3,493.52
6113,86,3,443.28
6114,52,2,3818.59
6114,73,1,1195.7
6114,58,3,470.58
6114,40,1,1418.4
6115,50,3,1105.68
6116,30,1,3480.53
6116,29,1,4319.5
6116,69,0,1191.69
6117,64,-2,356.43
6117,8,1,2448.97
6118,68,1,306.66
6118,78,2,876.32
6118,72,1,1918.28
6118,10,1,1936.14
6119,54,1,1639.4
6119,77,1,1315.33
6119,64,1,356.43
6119,92,1,1591.57
6119,87,3,979.4
6120,4,1,2324.92
6120,98,2,322.02
6120,35,3,2865.41
6121,29,3,4319.5
6122,54,2,1639.4
6122,53,1,620.53
6123,60,1,579.94
6123,1,4,28043.24
6123,2,2,3011.06
6124,60,1,579.94
6124,69,1,1191.69
6125,23,1,2025.31
6125,6,1,22709.9
6126,20,2,7731.56
6126,24,1,2116.77
6127,73,1,1195.7
6127,49,4,1254.37
6127,85,1,279.38
6128,90,2,492.26
6129,96,1,320.77
6129,72,1,1918.28
6129,91,2,432.43
6130,38,1,1342.05
6131,67,1,464.47
6131,71,1,704.54
6131,92,1,1591.57
6131,73,1,1195.7
6131,31,1,1451.87
6132,98,1,322.02
6132,49,1,1254.37
6133,1,3,28043.24
6134,24,2,2116.77
6134,88,1,457.85
6134,72,1,1918.28
6135,12,1,5690.75
6135,62,1,398.9
6135,81,2,641.39
6136,59,1,488.56
6136,76,1,1151.77
6136,63,3,293.58
6137,42,1,800.81
6137,83,1,741.33
6137,41,1,994.52
6137,92,1,1591.57
6138,88,2,457.85
6139,77,3,1315.33
6139,4,1,2324.92
6139,42,1,800.81
6139,29,1,4319.5
6139,57,1,1180.99
6140,26,1,1210.27
6140,88,1,457.85
6140,13,3,2131.33
6141,5,1,3026.39
6142,34,3,709.99
6142,95,2,744.54
6143,94,1,265.1
6143,93,2,186.14
6143,25,3,1652.78
6144,9,4,11424.27
6144,89,2,366.64
6145,58,1,470.58
6146,19,1,1007.13
6147,84,2,605.41
6148,49,3,1254.37
6148,65,1,386.47
6148,81,2,641.39
6148,2,1,3011.06
6148,39,1,1121.52
6149,91,2,432.43
6150,90,2,492.26
6151,10,1,1936.14
6151,83,3,741.33
6151,8,1,2448.97
6152,76,2,1151.77
6152,99,4,458.92
6152,22,5,1475.64
6153,92,2,1591.57
6154,39,2,1121.52
6155,35,2,2865.41
6155,27,2,2010.3
6155,71,5,704.54
6156,61,2,356.45
6156,36,5,601.9
6156,26,2,1210.27
6157,2,3,3011.06
6158,77,2,1315.33
6159,52,5,3818.59
6159,80,2,629.19
6159,17,1,2276.26
6159,57,1,1180.99
6159,90,1,492.26
6160,58,2,470.58
6161,80,1,629.19
6161,66,1,728.79
6162,71,1,704.54
6162,92,1,1591.57
6163,15,1,3494.53
6164,6,1,22709.9
6164,62,3,398.9
6165,57,3,1180.99
6165,56,3,868.37
6165,37,1,1389.36
6166,45,1,1626.32
6166,40,3,1418.4
6166,21,2,836.3
6166,94,1,265.1
6167,41,1,994.52
6168,26,3,1210.27
6168,13,3,2131.33
6169,5,2,3026.39
6169,48,1,1218.45
6170,40,1,1418.4
6170,34,1,709.99
6170,60,2,579.94
6170,93,1,186.14
6171,44,1,6528.88
6171,65,1,386.47
6172,96,2,320.77
6172,3,1,64028.3
6172,39,2,1121.52
6173,35,1,2865.41
6173,29,1,4319.5
6174,75,1,486.62
6175,76,2,1151.77
6176,32,1,910.33
6177,18,2,1854.55
6178,91,1,432.43
6179,13,2,2131.33
6179,65,1,386.47
6179,66,2,728.79
6179,22,3,1475.64
6179,89,1,366.64
6180,58,3,470.58
6181,35,2,2865.41
6181,15,2,3494.53
6182,42,3,800.81
6182,20,2,7731.56
6183,9,1,11424.27
6183,34,1,709.99
6184,100,1,828.75
6184,45,1,1626.32
6185,7,4,1169.34
6185,53,1,620.53
6185,22,1,1475.64
6186,16,2,13450.97
6187,20,4,7731.56
6187,86,1,443.28
6187,81,1,641.39
6187,8,1,2448.97
6188,2,5,3011.06
6188,33,1,312.93
6189,11,1,9461.52
6190,90,1,492.26
6191,12,2,5690.75
6192,97,1,423.56
6192,99,1,458.92
6193,14,1,2714.07
6193,96,1,320.77
6193,65,1,386.47
6193,57,5,1180.99
6193,72,1,1918.28
6194,82,1,300.41
6195,36,4,601.9
6195,90,1,492.26
6196,40,2,1418.4
6196,10,2,1936.14
6197,3,1,64028.3
6198,96,1,320.77
6198,99,1,458.92
6199,73,1,1195.7
6200,81,2,641.39
6200,17,1,2276.26
6201,88,1,457.85
6202,22,1,1475.64
6203,25,2,1652.78
6204,38,2,1342.05
6204,91,1,432.43
6205,17,1,2276.26
6205,65,1,386.47
6205,9,2,11424.27
6205,12,1,5690.75
6206,49,2,1254.37
6206,46,2,253.36
6206,39,2,1121.52
6206,22,2,1475.64
6207,95,1,744.54
6208,1,1,28043.24
6209,36,2,601.9
6210,8,1,2448.97
6211,13,1,2131.33
6211,30,1,3480.53
6212,12,1,5690.75
6213,29,2,4319.5
6213,75,1,486.62
6213,21,3,836.3
6214,96,1,320.77
6215,83,1,741.33
6216,57,1,1180.99
6217,74,4,1549.39
6217,64,1,356.43
6218,51,3,1385.93
6218,68,2,306.66
6218,83,3,741.33
6219,47,1,493.52
6220,79,1,1101.69
6221,30,1,3480.53
6221,53,1,620.53
6222,99,1,458.92
6222,73,3,1195.7
6223,19,1,1007.13
6223,97,1,423.56
6224,93,1,186.14
6225,46,2,253.36
6225,48,1,1218.45
6225,79,1,1101.69
6225,28,2,579.08
6226,93,1,186.14
6226,100,1,828.75
6227,42,1,800.81
6227,21,1,836.3
6227,70,2,3359.45
6228,79,2,1101.69
6228,72,2,1918.28
6229,42,1,800.81
6229,2,2,3011.06
6230,1,1,28043.24
6230,85,1,279.38
6231,50,1,1105.68
6232,51,1,1385.93
6232,34,1,709.99
6232,23,2,2025.31
6233,78,2,876.32
6233,36,2,601.9
6233,44,2,6528.88
6234,57,1,1180.99
6235,50,3,1105.68
6235,58,3,470.58
6236,100,1,828.75
6236,29,1,4319.5
6237,68,2,306.66
6238,53,2,620.53
6238,44,1,6528.88
6238,85,2,279.38
6238,61,2,356.45
6239,46,1,253.36
6239,61,1,356.45
6239,8,2,2448.97
6239,34,1,709.99
6240,48,2,1218.45
6241,85,1,279.38
6241,9,1,11424.27
6242,23,2,2025.31
6242,95,2,744.54
6243,40,1,1418.4
6243,33,1,312.93
6243,50,1,1105.68
6244,53,1,620.53
6245,30,1,3480.53
6246,54,3,1639.4
6246,95,2,744.54
6246,53,5,620.53
6247,1,1,28043.24
6247,68,1,306.66
6247,87,1,979.4
6247,9,4,11424.27
6247,14,1,2714.07
6248,90,2,492.26
6248,9999,2,1854.55
6249,48,3,1218.45
6250,50,4,1105.68
6251,93,1,186.14
6251,39,2,1121.52
6252,67,1,464.47
6253,58,1,470.58
6253,77,1,1315.33
6253,81,1,641.39
6253,54,1,1639.4
6254,86,2,443.28
6255,91,3,432.43
6256,16,3,13450.97
6257,15,2,3494.53
6257,93,1,186.14
6257,80,1,629.19
6257,68,1,306.66
6258,88,1,457.85
6258,93,1,186.14
6258,90,1,492.26
6259,87,1,979.4
6259,7,2,1169.34
6259,55,2,1652.62
6260,83,2,741.33
6260,38,1,1342.05
6261,6,1,22709.9
6261,48,1,1218.45
6262,8,3,2448.97
6262,98,2,322.02
6262,79,3,1101.69
6263,26,1,1210.27
6264,44,2,6528.88
6264,58,1,470.58
6265,37,2,1389.36
6265,1,3,28043.24
6265,84,1,605.41
6265,75,3,486.62
6265,26,1,1210.27
6266,12,1,5690.75
6266,10,2,1936.14
6266,24,1,2116.77
6266,71,1,704.54
6267,8,2,2448.97
6267,27,1,2010.3
6267,33,1,312.93
6268,62,3,398.9
6268,49,1,1254.37
6268,58,1,470.58
6268,54,5,1639.4
6269,68,1,306.66
6270,70,2,3359.45
6271,89,4,366.64
6272,83,1,741.33
6272,99,2,458.92
6273,4,1,2324.92
6274,67,1,464.47
6274,2,1,3011.06
6275,29,1,4319.5
6276,27,2,2010.3
6277,52,2,3818.59
6277,89,2,366.64
6278,19,2,1007.13
6278,7,2,1169.34
6278,92,4,1591.57
6278,93,1,186.14
6278,84,1,605.41
6279,13,2,2131.33
6280,54,2,1639.4
6280,19,1,1007.13
6280,9999,2,2116.77
6281,39,3,1121.52
6281,83,2,741.33
6281,97,1,423.56
6281,72,3,1918.28
6282,97,1,423.56
6283,16,1,13450.97
6283,57,1,1180.99
6283,60,3,579.94
6283,63,3,293.58
6283,30,1,3480.53
6284,3,3,64028.3
6285,34,2,709.99
6286,3,1,64028.3
6287,56,1,868.37
6288,14,2,2714.07
6288,82,1,300.41
6289,9999,2,744.54
6289,7,1,1169.34
6289,18,1,1854.55
6290,88,5,457.85
6291,45,1,1626.32
6291,92,2,1591.57
6291,83,1,741.33
6292,99,3,458.92
6292,17,1,2276.26
6293,59,5,488.56
6294,38,1,1342.05
6294,30,1,3480.53
6294,10,4,1936.14
6295,82,1,300.41
6295,43,5,1760.38
6295,36,2,601.9
6296,75,5,486.62
6297,59,2,488.56
6297,42,1,800.81
6297,68,1,306.66
6298,51,2,1385.93
6298,18,1,1854.55
6298,93,1,186.14
6299,52,1,3818.59
6299,49,3,1254.37
6300,20,1,7731.56
6301,63,1,293.58
6302,80,1,629.19
6302,46,1,253.36
6303,96,1,320.77
6303,53,2,620.53
6304,24,5,2116.77
6305,54,1,1639.4
6305,62,3,398.9
6306,51,1,1385.93
6307,68,5,306.66
6308,62,2,398.9
6308,10,1,1936.14
6308,69,2,1191.69
6309,50,2,1105.68
6309,83,2,741.33
6309,91,1,432.43
6310,66,2,728.79
6311,57,1,1180.99
6312,78,2,876.32
6313,15,1,3494.53
6313,38,4,1342.05
6314,58,5,470.58
6314,7,2,1169.34
6314,22,3,1475.64
6314,97,1,423.56
6315,80,2,629.19
6315,21,3,836.3
6316,88,1,457.85
6316,4,1,2324.92
6316,85,1,279.38
6316,46,1,253.36
6316,72,1,1918.28
6317,33,2,312.93
6317,76,2,1151.77
6318,50,2,1105.68
6318,54,1,1639.4
6318,9999,3,1180.99
6319,31,4,1451.87
6320,55,1,1652.62
6320,54,2,1639.4
6320,82,4,300.41
6321,45,2,1626.32
6321,66,5,728.79
6321,61,1,356.45
6321,67,2,464.47
6322,8,1,2448.97
6322,6,1,22709.9
6322,19,1,1007.13
6323,78,1,876.32
6323,36,1,601.9
6323,26,4,1210.27
6323,79,2,1101.69
6323,48,2,1218.45
6324,16,3,13450.97
6325,89,1,366.64
6326,59,1,488.56
6326,36,1,601.9
6326,6,1,22709.9
6326,53,1,620.53
6326,76,1,1151.77
6327,20,1,7731.56
6328,13,2,2131.33
6328,6,2,22709.9
6329,60,5,579.94
6330,78,1,876.32
6330,1,2,28043.24
6331,42,4,800.81
6331,19,3,1007.13
6332,26,3,1210.27
6332,32,1,910.33
6333,96,1,320.77
6333,65,1,386.47
6333,23,3,2025.31
6334,65,1,386.47
6334,3,1,64028.3
6334,77,4,1315.33
6335,70,3,3359.45
6336,64,1,356.43
6336,71,1,704.54
6337,5,1,3026.39
6337,47,3,493.52
6337,40,1,1418.4
6337,26,3,1210.27
6337,16,2,13450.97
6338,28,1,579.08
6338,33,2,312.93
6338,20,2,7731.56
6339,90,1,492.26
6339,38,5,1342.05
6340,86,2,443.28
6341,90,2,492.26
6342,96,1,320.77
6342,35,3,2865.41
6343,11,1,9461.52
6344,11,1,9461.52
6344,38,2,1342.05
6344,32,2,910.33
6345,70,1,3359.45
6345,50,1,1105.68
6345,6,1,22709.9
6345,100,4,828.75
6345,15,1,3494.53
6346,54,5,1639.4
6346,76,1,1151.77
6347,23,1,2025.31
6347,63,1,293.58
6348,1,1,28043.24
6348,31,3,1451.87
6348,19,1,1007.13
6349,20,1,7731.56
6349,94,2,265.1
6349,16,1,13450.97
6350,19,5,1007.13
6351,85,2,279.38
6351,28,1,579.08
6351,74,2,1549.39
6352,87,1,979.4
6353,88,3,457.85
6353,17,2,2276.26
6353,40,1,1418.4
6354,62,1,398.9
6354,72,2,1918.28
6355,78,1,876.32
6355,61,2,356.45
6355,19,1,1007.13
6356,91,1,432.43
6356,59,1,488.56
6356,45,1,1626.32
6357,37,1,1389.36
6358,40,5,1418.4
6358,30,1,3480.53
6359,91,3,432.43
6359,84,3,605.41
6359,71,2,704.54
6359,8,2,2448.97
6360,44,1,6528.88
6360,8,1,2448.97
6361,89,3,366.64
6362,14,2,2714.07
6362,16,2,13450.97
6363,96,1,320.77
6364,19,1,1007.13
6364,59,1,488.56
6365,45,1,1626.32
6365,79,1,1101.69
6366,91,1,432.43
6367,46,1,253.36
6367,33,1,312.93
6368,83,1,741.33
6368,21,1,836.3
6369,29,2,4319.5
6369,93,1,186.14
6370,8,2,2448.97
6371,35,1,2865.41
6372,58,1,470.58
6373,88,1,457.85
6373,73,1,1195.7
6373,25,1,1652.78
6373,19,2,1007.13
6373,56,1,868.37
6374,9,1,11424.27
6374,41,1,994.52
6374,52,2,3818.59
6375,60,1,579.94
6375,73,1,1195.7
6376,58,2,470.58
6376,10,1,1936.14
6377,7,1,1169.34
6377,20,1,7731.56
6377,25,1,1652.78
6378,66,3,728.79
6378,44,2,6528.88
6379,74,2,1549.39
6380,32,4,910.33
6380,63,1,293.58
6380,57,1,1180.99
6381,20,1,7731.56
6381,38,1,1342.05
6381,88,4,457.85
6381,19,1,1007.13
6381,5,1,3026.39
6382,66,2,728.79
6382,3,1,64028.3
6383,10,3,1936.14
6384,1,1,28043.24
6384,85,1,279.38
6385,28,1,579.08
6385,67,1,464.47
6385,86,1,443.28
6386,86,1,443.28
6386,67,1,464.47
6386,38,1,1342.05
6386,79,2,1101.69
6387,56,1,868.37
6387,38,1,1342.05
6387,46,1,253.36
6388,82,3,300.41
6388,18,1,1854.55
6389,92,1,1591.57
6389,15,1,3494.53
6389,43,2,1760.38
6389,19,1,1007.13
6390,46,2,253.36
6390,5,2,3026.39
6391,75,3,486.62
6392,17,2,2276.26
6393,26,1,1210.27
6393,54,2,1639.4
6393,55,1,1652.62
6393,8,1,2448.97
6394,86,1,443.28
6395,22,5,1475.64
6395,84,2,605.41
6395,39,3,1121.52
6396,99,2,458.92
6396,66,1,728.79
6397,19,1,1007.13
6397,46,4,253.36
6398,6,2,22709.9
6398,7,2,1169.34
6399,99,1,458.92
6399,95,2,744.54
6400,62,3,398.9
6400,17,4,2276.26
6401,3,1,64028.3
6401,77,1,1315.33
6401,78,3,876.32
6401,66,2,728.79
6402,90,0,492.26
6402,18,4,1854.55
6403,47,1,493.52
6403,76,1,1151.77
6403,64,1,356.43
6403,61,1,356.45
6404,70,2,3359.45
6404,61,1,356.45
6405,59,1,488.56
6405,60,3,579.94
6405,74,1,1549.39
6405,19,2,1007.13
6406,84,2,605.41
6406,30,1,3480.53
6406,38,1,1342.05
6406,13,1,2131.33
6407,54,1,1639.4
6407,80,2,629.19
6407,2,2,3011.06
6407,84,1,605.41
6408,36,1,601.9
6409,58,1,470.58
6409,57,2,1180.99
6410,42,1,800.81
6410,33,1,312.93
6411,51,1,1385.93
6411,14,1,2714.07
6411,67,1,464.47
6411,30,2,3480.53
6412,66,2,728.79
6412,92,1,1591.57
6412,9999,2,1101.69
6413,80,1,629.19
6414,65,1,386.47
6414,54,1,1639.4
6414,13,3,2131.33
6414,88,1,457.85
6415,34,2,709.99
6416,25,1,1652.78
6416,31,1,1451.87
6416,56,1,868.37
6417,50,1,1105.68
6418,53,2,620.53
6419,51,1,1385.93
6419,9999,1,1342.05
6419,73,1,1195.7
6419,10,1,1936.14
6419,86,1,443.28
6420,49,3,1254.37
6420,80,1,629.19
6421,72,1,1918.28
6421,69,1,1191.69
6422,93,1,186.14
6423,93,4,186.14
6423,39,1,1121.52
6423,24,3,2116.77
6423,63,2,293.58
6424,6,4,22709.9
6424,31,2,1451.87
6425,43,2,1760.38
6425,86,4,443.28
6426,27,1,2010.3
6426,97,1,423.56
6427,90,3,492.26
6428,82,1,300.41
6428,100,5,828.75
6428,11,1,9461.52
6429,16,1,13450.97
6429,28,1,579.08
6430,23,1,2025.31
6430,36,4,601.9
6431,33,2,312.93
6431,71,2,704.54
6431,49,1,1254.37
6432,22,1,1475.64
6432,85,1,279.38
6432,23,3,2025.31
6432,46,2,253.36
6433,21,1,836.3
6433,61,1,356.45
6434,39,2,1121.52
6434,43,1,1760.38
6434,62,1,398.9
6434,97,2,423.56
6434,32,2,910.33
6435,33,3,312.93
6435,18,1,1854.55
6436,81,1,641.39
6436,75,1,486.62
6436,97,2,423.56
6436,12,2,5690.75
6437,33,2,312.93
6437,8,1,2448.97
6437,18,1,1854.55
6438,6,1,22709.9
6438,34,2,709.99
6438,54,2,1639.4
6439,14,2,2714.07
6439,95,1,744.54
6439,93,2,186.14
6440,33,2,312.93
6441,74,1,1549.39
6442,46,2,253.36
6442,28,3,579.08
6442,47,3,493.52
6443,52,1,3818.59
6443,24,2,2116.77
6444,21,1,836.3
6444,16,1,13450.97
6445,58,2,470.58
6445,30,1,3480.53
6446,5,1,3026.39
6446,34,1,709.99
6446,14,1,2714.07
6447,37,3,1389.36
6447,18,2,1854.55
6448,27,1,2010.3
6448,88,1,457.85
6449,57,1,1180.99
6449,67,1,464.47
6449,61,1,356.45
6449,9999,1,2131.33
6449,19,1,1007.13
6450,68,2,306.66
6451,76,1,1151.77
6451,88,1,457.85
6452,39,1,1121.52
6453,70,1,3359.45
6453,71,2,704.54
6454,61,3,356.45
6454,98,1,322.02
6455,41,1,994.52
6456,68,1,306.66
6456,13,1,2131.33
6456,65,1,386.47
6457,88,4,457.85
6457,100,2,828.75
6458,96,1,320.77
6459,27,3,2010.3
6460,100,1,828.75
6460,83,1,741.33
6460,49,1,1254.37
6461,49,1,1254.37
6461,53,1,620.53
6461,37,2,1389.36
6462,52,2,3818.59
6463,28,1,579.08
6464,80,1,629.19
6464,22,3,1475.64
6464,28,1,579.08
6465,96,1,320.77
6465,84,1,605.41
6466,90,1,492.26
6467,17,3,2276.26
6467,2,1,3011.06
6468,16,3,13450.97
6468,82,1,300.41
6468,18,3,1854.55
6468,15,1,3494.53
6469,7,1,1169.34
6469,48,1,1218.45
6469,47,1,493.52
6470,89,3,366.64
6470,56,3,868.37
6470,34,4,709.99
6470,71,3,704.54
6471,9,1,11424.27
6471,65,1,386.47
6472,10,2,1936.14
6473,52,1,3818.59
6474,51,1,1385.93
6474,20,1,7731.56
6475,98,1,322.02
6475,82,1,300.41
6475,8,1,2448.97
6476,60,3,579.94
6477,43,2,1760.38
6477,66,2,728.79
6477,93,2,186.14
6477,70,1,3359.45
6477,76,1,1151.77
6478,12,2,5690.75
6479,80,1,629.19
6479,15,2,3494.53
6480,80,2,629.19
6481,58,1,470.58
6482,1,1,28043.24
6482,43,4,1760.38
6482,95,1,744.54
6483,75,1,486.62
6483,29,1,4319.5
6484,40,1,1418.4
6485,91,1,432.43
6486,44,1,6528.88
6486,64,1,356.43
6487,31,2,1451.87
6487,64,1,356.43
6487,78,4,876.32
6488,47,2,493.52
6488,58,4,470.58
6488,99,2,458.92
6488,52,1,3818.59
6488,11,3,9461.52
6489,54,1,1639.4
6489,89,3,366.64
6489,36,1,601.9
6490,30,1,3480.53
6491,14,2,2714.07
6492,20,1,7731.56
6493,99,1,458.92
6494,67,2,464.47
6494,61,1,356.45
6495,35,1,2865.41
6496,77,1,1315.33
6497,77,1,1315.33
6497,58,4,470.58
6497,9999,2,13450.97
6498,54,4,1639.4
6499,98,1,322.02
6499,6,1,22709.9
6499,17,2,2276.26
6499,44,4,6528.88
6500,86,4,443.28
6500,39,1,1121.52
6500,96,4,320.77
6501,14,1,2714.07
6501,31,1,1451.87
6502,98,4,322.02
6502,34,1,709.99
6503,99,1,458.92
6503,80,1,629.19
6503,34,3,709.99
6503,65,1,386.47
6504,30,1,3480.53
6504,64,5,356.43
6505,87,1,979.4
6505,34,1,709.99
6506,94,4,265.1
6506,74,2,1549.39
6506,79,2,1101.69
6507,97,1,423.56
6507,60,2,579.94
6508,8,1,2448.97
6508,22,1,1475.64
6509,4,1,2324.92
6509,62,1,398.9
6509,40,1,1418.4
6510,3,4,64028.3
6510,98,5,322.02
6511,31,3,1451.87
6511,15,1,3494.53
6511,82,1,300.41
6511,70,2,3359.45
6512,94,1,265.1
6513,57,1,1180.99
6513,58,2,470.58
6514,84,3,605.41
6514,71,1,704.54
6514,7,1,1169.34
6515,14,1,2714.07
6516,47,1,493.52
6516,46,2,253.36
6516,7,2,1169.34
6516,34,1,709.99
6516,91,2,432.43
6517,57,1,1180.99
6517,17,1,2276.26
6518,74,5,1549.39
6518,68,5,306.66
6519,18,3,1854.55
6519,75,1,486.62
6519,2,1,3011.06
6519,53,1,620.53
6519,30,4,3480.53
6520,97,3,423.56
6520,16,3,13450.97
6520,75,1,486.62
6521,33,2,312.93
6521,87,1,979.4
6522,98,1,322.02
6522,82,1,300.41
6523,100,1,828.75
6523,66,1,728.79
6524,76,1,1151.77
6525,74,2,1549.39
6525,33,1,312.93
6525,23,2,2025.31
6525,11,1,9461.52
6526,54,4,1639.4
6526,3,2,64028.3
6527,62,4,398.9
6528,91,1,432.43
6528,92,1,1591.57
6529,1,1,28043.24
6529,31,1,1451.87
6530,5,2,3026.39
6530,67,2,464.47
6530,4,1,2324.92
6530,49,1,1254.37
6531,41,3,994.52
6531,27,2,2010.3
6531,72,1,1918.28
6531,10,1,1936.14
6532,34,2,709.99
6533,42,5,800.81
6533,22,3,1475.64
6533,66,1,728.79
6533,43,1,1760.38
6533,51,2,1385.93
6534,77,1,1315.33
6534,40,2,1418.4
6534,57,1,1180.99
6534,64,2,356.43
6535,73,1,1195.7
6535,7,1,1169.34
6536,4,1,2324.92
6536,27,1,2010.3
6536,78,1,876.32
6537,70,3,3359.45
6537,33,1,312.93
6537,51,4,1385.93
6537,3,1,64028.3
6538,30,1,3480.53
6538,64,1,356.43
6539,18,1,1854.55
6539,63,2,293.58
6539,3,1,64028.3
6540,45,3,1626.32
6540,69,1,1191.69
6540,95,2,744.54
6540,92,3,1591.57
6541,90,1,492.26
6541,82,1,300.41
6542,12,1,5690.75
6542,63,5,293.58
6542,4,1,2324.92
6543,9,2,11424.27
6543,82,1,300.41
6544,37,2,1389.36
6544,97,1,423.56
6545,55,2,1652.62
6545,29,1,4319.5
6545,70,1,3359.45
6546,53,2,620.53
6547,42,3,800.81
6547,24,2,2116.77
6547,72,1,1918.28
6548,73,1,1195.7
6549,50,2,1105.68
6549,95,3,744.54
6549,52,4,3818.59
6550,77,3,1315.33
6550,29,1,4319.5
6551,68,1,306.66
6552,96,3,320.77
6552,75,2,486.62
6553,81,1,641.39
6554,24,4,2116.77
6554,67,2,464.47
6555,54,1,1639.4
6555,11,1,9461.52
6555,59,1,488.56
6556,4,3,2324.92
6556,91,2,432.43
6557,6,4,22709.9
6558,75,1,486.62
6558,7,1,1169.34
6559,81,1,641.39
6559,38,1,1342.05
6560,39,1,1121.52
6560,56,2,868.37
6560,72,4,1918.28
6561,57,1,1180.99
6562,6,3,22709.9
6563,23,4,2025.31
6563,20,1,7731.56
6564,43,1,1760.38
6564,86,3,443.28
6565,100,1,828.75
6566,53,1,620.53
6566,69,1,1191.69
6566,25,1,1652.78
6566,20,1,7731.56
6567,27,1,2010.3
6567,51,1,1385.93
6567,36,2,601.9
6568,100,1,828.75
6568,4,4,2324.92
6568,5,2,3026.39
6569,60,1,579.94
6570,50,1,1105.68
6570,88,1,457.85
6571,48,5,1218.45
6571,3,2,64028.3
6572,4,1,2324.92
6572,16,1,13450.97
6573,96,1,320.77
6574,22,2,1475.64
6574,54,3,1639.4
6574,21,2,836.3
6575,35,1,2865.41
6576,88,1,457.85
6576,98,1,322.02
6576,9,1,11424.27
6577,24,1,2116.77
6577,64,3,356.43
6578,6,1,22709.9
6578,13,2,2131.33
6578,80,1,629.19
6578,73,2,1195.7
6579,54,1,1639.4
6579,27,1,2010.3
6580,71,1,704.54
6580,93,1,186.14
6581,96,1,320.77
6582,53,3,620.53
6582,71,2,704.54
6583,92,2,1591.57
6584,8,4,2448.97
6584,4,1,2324.92
6584,70,1,3359.45
6584,91,3,432.43
6584,36,2,601.9
6585,67,2,464.47
6586,36,1,601.9
6586,35,1,2865.41
6586,82,1,300.41
6587,50,1,1105.68
6587,51,1,1385.93
6588,52,1,3818.59
6588,41,1,994.52
6588,84,1,605.41
6588,15,1,3494.53
6589,36,2,601.9
6590,19,1,1007.13
6590,53,1,620.53
6591,40,1,1418.4
6592,81,3,641.39
6592,77,3,1315.33
6593,39,2,1121.52
6593,34,1,709.99
6593,91,3,432.43
6593,59,2,488.56
6594,47,1,493.52
6594,24,3,2116.77
6594,97,2,423.56
6595,75,1,486.62
6596,54,-2,1639.4
6596,20,3,7731.56
6596,10,2,1936.14
6597,85,2,279.38
6598,21,5,836.3
6598,25,3,1652.78
6599,35,2,2865.41
6600,60,1,579.94
6601,34,1,709.99
6602,99,1,458.92
6603,88,1,457.85
6603,36,4,601.9
6604,40,1,1418.4
6605,52,2,3818.59
6606,44,1,6528.88
6607,43,2,1760.38
6607,99,3,458.92
6607,24,1,2116.77
6607,10,3,1936.14
6607,89,1,366.64
6608,53,3,620.53
6608,49,1,1254.37
6609,89,2,366.64
6609,39,2,1121.52
6610,7,0,1169.34
6611,67,1,464.47
6611,91,5,432.43
6611,60,1,579.94
6612,12,1,5690.75
6612,28,1,579.08
6613,15,3,3494.53
6614,24,5,2116.77
6614,15,1,3494.53
6615,26,1,1210.27
6615,6,4,22709.9
6616,13,5,2131.33
6616,28,1,579.08
6617,69,1,1191.69
6617,4,1,2324.92
6617,99,3,458.92
6618,60,2,579.94
6618,48,1,1218.45
6619,50,1,1105.68
6619,58,1,470.58
6620,30,1,3480.53
6621,44,1,6528.88
6622,87,2,979.4
6623,78,2,876.32
6623,61,1,356.45
6623,68,2,306.66
6624,90,1,492.26
6625,16,1,13450.97
6625,65,3,386.47
6626,87,1,979.4
6626,10,1,1936.14
6626,27,1,2010.3
6627,16,2,13450.97
6627,63,2,293.58
6628,19,2,1007.13
6628,9,2,11424.27
6629,28,1,579.08
6630,44,2,6528.88
6630,13,1,2131.33
6631,93,2,186.14
6632,34,1,709.99
6632,74,1,1549.39
6632,7,1,1169.34
6633,11,1,9461.52
6634,48,1,1218.45
6634,42,2,800.81
6634,75,1,486.62
6634,24,2,2116.77
6634,63,5,293.58
6635,68,5,306.66
6635,57,1,1180.99
6635,44,3,6528.88
6635,19,1,1007.13
6636,6,5,22709.9
6636,18,5,1854.55
6637,99,3,458.92
6637,97,3,423.56
6637,31,1,1451.87
6637,66,2,728.79
6638,98,1,322.02
6638,40,1,1418.4
6639,68,1,306.66
6639,74,2,1549.39
6639,76,2,1151.77
6639,39,2,1121.52
6639,70,5,3359.45
6640,57,2,1180.99
6640,38,1,1342.05
6640,18,3,1854.55
6640,95,0,744.54
6641,78,2,876.32
6642,37,2,1389.36
6642,70,1,3359.45
6642,62,2,398.9
6643,32,2,910.33
6643,8,1,2448.97
6643,75,1,486.62
6643,86,1,443.28
6644,70,3,3359.45
6644,88,3,457.85
6644,16,2,13450.97
6645,42,1,800.81
6645,65,1,386.47
6646,97,1,423.56
6646,55,2,1652.62
6646,61,1,356.45
6646,49,2,1254.37
6647,97,2,423.56
6648,1,1,28043.24
6648,89,2,366.64
6648,44,5,6528.88
6648,76,1,1151.77
6648,93,1,186.14
6649,79,1,1101.69
6649,77,1,1315.33
6649,69,2,1191.69
6650,46,4,253.36
6651,53,0,620.53
6651,84,1,605.41
6652,96,1,320.77
6652,8,2,2448.97
6652,5,1,3026.39
6653,51,1,1385.93
6654,55,1,1652.62
6654,20,3,7731.56
6654,64,2,356.43
6654,48,1,1218.45
6655,44,2,6528.88
6655,51,3,1385.93
6656,35,2,2865.41
6657,40,1,1418.4
6658,50,1,1105.68
6659,9,3,11424.27
6659,13,1,2131.33
6659,91,5,432.43
6659,88,2,457.85
6659,10,2,1936.14
6660,78,1,876.32
6660,27,2,2010.3
6661,69,0,1191.69
6661,17,3,2276.26
6661,60,2,579.94
6662,31,1,1451.87
6663,3,1,64028.3
6663,63,1,293.58
6664,21,1,836.3
6664,35,1,2865.41
6665,1,5,28043.24
6666,6,1,22709.9
6667,92,1,1591.57
6667,58,2,470.58
6668,68,2,306.66
6668,50,1,1105.68
6668,77,2,1315.33
6669,9,2,11424.27
6669,74,1,1549.39
6669,20,2,7731.56
6670,93,1,186.14
6670,73,1,1195.7
6670,95,1,744.54
6671,26,1,1210.27
6671,81,2,641.39
6671,85,1,279.38
6672,81,1,641.39
6673,2,1,3011.06
6673,99,1,458.92
6674,53,1,620.53
6675,14,1,2714.07
6675,52,1,3818.59
6675,64,2,356.43
6676,36,1,601.9
6676,58,1,470.58
6677,2,1,3011.06
6677,26,1,1210.27
6678,9,5,11424.27
6678,60,1,579.94
6678,27,1,2010.3
6678,83,1,741.33
6679,43,1,1760.38
6679,71,2,704.54
6679,66,1,728.79
6680,29,2,4319.5
6680,38,1,1342.05
6680,40,1,1418.4
6680,9,1,11424.27
6681,9,2,11424.27
6682,74,1,1549.39
6682,88,1,457.85
6683,9999,1,709.99
6683,58,1,470.58
6683,70,1,3359.45
6684,46,1,253.36
6684,67,1,464.47
6684,86,5,443.28
6685,2,3,3011.06
6686,23,1,2025.31
6686,95,2,744.54
6686,64,1,356.43
6686,60,3,579.94
6687,57,1,1180.99
6687,4,4,2324.92
6687,97,1,423.56
6688,2,1,3011.06
6689,87,1,979.4
6690,79,1,1101.69
6690,53,3,620.53
6691,78,2,876.32
6691,25,2,1652.78
6691,67,3,464.47
6692,87,1,979.4
6693,2,1,3011.06
6693,97,1,423.56
6694,92,1,1591.57
6694,57,1,1180.99
6695,55,1,1652.62
6695,25,1,1652.78
6696,85,1,279.38
6697,70,3,3359.45
6697,89,0,366.64
6698,2,1,3011.06
6698,84,2,605.41
6699,50,5,1105.68
6699,18,2,1854.55
6699,40,4,1418.4
6700,32,2,910.33
6700,10,1,1936.14
6701,75,1,486.62
6701,40,4,1418.4
6701,52,1,3818.59
6701,73,1,1195.7
6702,44,1,6528.88
6702,55,1,1652.62
6703,15,2,3494.53
6703,9999,1,3359.45
6703,30,1,3480.53
6703,91,1,432.43
6704,11,2,9461.52
6704,53,1,620.53
6704,57,1,1180.99
6705,4,2,2324.92
6706,56,2,868.37
6706,67,1,464.47
6706,30,4,3480.53
6706,5,1,3026.39
6707,47,1,493.52
6708,56,2,868.37
6708,53,1,620.53
6709,99,5,458.92
6709,85,2,279.38
6709,97,4,423.56
6709,76,1,1151.77
6710,25,1,1652.78
6711,71,2,704.54
6711,77,1,1315.33
6712,5,1,3026.39
6712,47,1,493.52
6712,100,4,828.75
6712,8,5,2448.97
6713,75,1,486.62
6714,42,2,800.81
6714,59,2,488.56
6714,96,4,320.77
6715,1,2,28043.24
6715,30,1,3480.53
6715,80,1,629.19
6716,3,1,64028.3
6716,5,1,3026.39
6717,69,1,1191.69
6717,54,3,1639.4
6718,10,1,1936.14
6718,31,1,1451.87
6719,72,1,1918.28
6720,24,1,2116.77
6720,13,3,2131.33
6721,54,2,1639.4
6721,73,1,1195.7
6721,13,1,2131.33
6721,46,3,253.36
6722,50,3,1105.68
6722,64,1,356.43
6722,62,1,398.9
6723,93,2,186.14
6723,78,1,876.32
6723,75,1,486.62
6724,98,4,322.02
6724,9,1,11424.27
6724,28,2,579.08
6725,63,3,293.58
6725,34,0,709.99
6725,1,1,28043.24
6725,92,3,1591.57
6725,25,1,1652.78
6726,83,3,741.33
6726,51,1,1385.93
6726,53,1,620.53
6726,97,1,423.56
6727,94,2,265.1
6728,8,2,2448.97
6729,13,3,2131.33
6730,53,2,620.53
6731,62,1,398.9
6732,82,1,300.41
6732,88,3,457.85
6733,35,1,2865.41
6733,44,5,6528.88
6734,61,1,356.45
6735,62,2,398.9
6736,5,1,3026.39
6736,38,2,1342.05
6737,71,1,704.54
6737,17,4,2276.26
6737,45,1,1626.32
6738,9,1,11424.27
6739,85,5,279.38
6739,13,1,2131.33
6739,95,4,744.54
6739,16,2,13450.97
6739,12,1,5690.75
6740,46,2,253.36
6740,68,1,306.66
6741,90,2,492.26
6741,17,2,2276.26
6742,26,1,1210.27
6743,67,2,464.47
6744,64,1,356.43
6745,66,3,728.79
6746,97,2,423.56
6746,80,2,629.19
6746,61,3,356.45
6746,13,1,2131.33
6747,36,2,601.9
6747,77,3,1315.33
6748,64,2,356.43
6748,43,2,1760.38
6748,100,2,828.75
6748,22,1,1475.64
6749,47,5,493.52
6749,53,1,620.53
6750,52,1,3818.59
6750,49,1,1254.37
6750,43,4,1760.38
6751,19,2,1007.13
6752,98,1,322.02
6752,12,2,5690.75
6752,42,3,800.81
6753,72,2,1918.28
6753,51,1,1385.93
6753,94,1,265.1
6753,86,4,443.28
6754,42,2,800.81
6754,45,2,1626.32
6754,24,1,2116.77
6754,61,1,356.45
6755,36,1,601.9
6755,15,1,3494.53
6756,55,1,1652.62
6756,9999,1,366.64
6757,26,2,1210.27
6757,65,1,386.47
6758,18,5,1854.55
6759,5,5,3026.39
6760,3,1,64028.3
6761,32,1,910.33
6762,89,3,366.64
6763,60,1,579.94
6764,100,3,828.75
6764,55,2,1652.62
6764,29,1,4319.5
6765,71,3,704.54
6765,86,5,443.28
6766,96,1,320.77
6766,34,1,709.99
6766,18,1,1854.55
6766,39,3,1121.52
6767,84,2,605.41
6767,54,1,1639.4
6767,44,2,6528.88
6767,23,3,2025.31
6768,98,3,322.02
6768,48,1,1218.45
6769,71,3,704.54
6769,83,4,741.33
6770,7,3,1169.34
6770,63,1,293.58
6770,91,1,432.43
6770,77,1,1315.33
6771,17,1,2276.26
6771,74,1,1549.39
6771,31,2,1451.87
6771,71,1,704.54
6771,69,1,1191.69
6772,89,1,366.64
6772,93,2,186.14
6772,76,1,1151.77
6773,37,1,1389.36
6773,85,1,279.38
6774,61,3,356.45
6774,96,1,320.77
6775,66,2,728.79
6775,91,3,432.43
6776,26,1,1210.27
6776,5,2,3026.39
6776,49,4,1254.37
6777,69,3,1191.69
6777,94,1,265.1
6777,13,1,2131.33
6777,63,1,293.58
6777,16,1,13450.97
6778,84,1,605.41
6778,75,2,486.62
6778,37,1,1389.36
6778,10,2,1936.14
6778,83,1,741.33
6779,10,2,1936.14
6779,77,1,1315.33
6779,37,1,1389.36
6779,97,1,423.56
6780,89,3,366.64
6780,63,1,293.58
6780,48,1,1218.45
6780,79,2,1101.69
6781,15,1,3494.53
6782,36,2,601.9
6782,76,5,1151.77
6783,77,1,1315.33
6783,43,1,1760.38
6784,45,2,1626.32
6784,67,1,464.47
6785,31,3,1451.87
6785,2,2,3011.06
6785,46,5,253.36
6786,87,2,979.4
6787,54,1,1639.4
6787,6,4,22709.9
6787,89,1,366.64
6787,40,1,1418.4
6787,12,1,5690.75
6788,68,3,306.66
6788,86,5,443.28
6788,89,2,366.64
6789,74,1,1549.39
6789,75,4,486.62
6790,14,2,2714.07
6791,65,1,386.47
6792,93,1,186.14
6792,80,2,629.19
6792,52,4,3818.59
6792,78,3,876.32
6792,29,2,4319.5
6793,11,3,9461.52
6793,65,3,386.47
6793,21,1,836.3
6794,32,3,910.33
6794,90,2,492.26
6795,29,1,4319.5
6795,43,3,1760.38
6795,46,2,253.36
6795,70,1,3359.45
6795,2,2,3011.06
6796,28,1,579.08
6796,64,1,356.43
6796,4,2,2324.92
6796,71,1,704.54
6797,12,2,5690.75
6797,41,1,994.52
6798,79,2,1101.69
6798,19,1,1007.13
6798,70,1,3359.45
6799,92,1,1591.57
6799,50,2,1105.68
6800,99,1,458.92
6800,14,1,2714.07
6801,14,1,2714.07
6801,79,2,1101.69
6801,18,1,1854.55
6801,93,1,186.14
6802,82,1,300.41
6803,38,1,1342.05
6803,70,1,3359.45
6803,33,2,312.93
6803,75,3,486.62
6803,25,1,1652.78
6804,4,2,2324.92
6804,67,2,464.47
6804,100,1,828.75
6804,59,1,488.56
6805,90,1,492.26
6806,56,1,868.37
6806,35,2,2865.41
6806,59,2,488.56
6807,40,5,1418.4
6808,16,1,13450.97
6809,15,1,3494.53
6810,31,1,1451.87
6810,68,1,306.66
6811,47,4,493.52
6811,98,2,322.02
6812,77,2,1315.33
6812,94,1,265.1
6813,100,2,828.75
6813,89,1,366.64
6813,1,1,28043.24
6813,19,3,1007.13
6814,63,1,293.58
6815,36,1,601.9
6815,7,2,1169.34
6816,73,4,1195.7
6816,24,5,2116.77
6816,45,1,1626.32
6817,27,1,2010.3
6818,9,5,11424.27
6818,92,5,1591.57
6818,21,1,836.3
6819,64,2,356.43
6820,32,1,910.33
6820,40,1,1418.4
6820,90,1,492.26
6821,94,3,265.1
6821,69,3,1191.69
6821,99,4,458.92
6822,55,1,1652.62
6822,7,1,1169.34
6822,34,1,709.99
6822,90,1,492.26
6823,72,2,1918.28
6824,82,1,300.41
6825,85,1,279.38
6825,46,2,253.36
6825,57,2,1180.99
6826,20,3,7731.56
6826,39,2,1121.52
6826,58,1,470.58
6827,47,1,493.52
6827,88,2,457.85
6827,43,2,1760.38
6828,13,1,2131.33
6828,2,1,3011.06
6828,9999,1,579.08
6829,9999,2,1760.38
6830,53,1,620.53
6830,26,3,1210.27
6830,2,1,3011.06
6831,89,1,366.64
6831,55,1,1652.62
6832,5,3,3026.39
6833,85,1,279.38
6833,46,1,253.36
6834,78,5,876.32
6835,28,1,579.08
6835,14,1,2714.07
6836,57,2,1180.99
6837,86,3,443.28
6837,38,2,1342.05
6837,23,3,2025.31
6838,8,1,2448.97
6838,62,5,398.9
6839,84,1,605.41
6840,1,1,28043.24
6840,76,2,1151.77
6841,38,2,1342.05
6842,55,1,1652.62
6842,59,1,488.56
6843,75,3,486.62
6843,44,4,6528.88
6844,93,1,186.14
6844,15,1,3494.53
6844,76,3,1151.77
6845,65,1,386.47
6845,59,5,488.56
6845,62,1,398.9
6845,37,1,1389.36
6846,80,1,629.19
6846,82,2,300.41
6846,58,2,470.58
6847,64,3,356.43
6848,57,1,1180.99
6849,19,2,1007.13
6849,20,1,7731.56
6850,59,1,488.56
6851,60,1,579.94
6851,41,1,994.52
6851,74,1,1549.39
6852,79,1,1101.69
6852,69,2,1191.69
6853,28,1,579.08
6854,33,3,312.93
6854,82,3,300.41
6854,55,1,1652.62
6854,72,2,1918.28
6855,61,1,356.45
6855,16,3,13450.97
6856,18,1,1854.55
6856,82,1,300.41
6857,22,1,1475.64
6857,99,1,458.92
6857,39,1,1121.52
6857,9,5,11424.27
6858,72,1,1918.28
6859,89,2,366.64
6860,100,1,828.75
6860,69,1,1191.69
6860,47,2,493.52
6861,93,4,186.14
6861,85,1,279.38
6862,63,1,293.58
6862,39,1,1121.52
6862,85,3,279.38
6863,31,4,1451.87
6864,19,1,1007.13
6865,52,2,3818.59
6866,2,1,3011.06
6867,62,1,398.9
6868,67,3,464.47
6868,85,2,279.38
6869,45,1,1626.32
6870,25,1,1652.78
6870,56,1,868.37
6870,8,2,2448.97
6871,73,1,1195.7
6871,97,5,423.56
6871,87,-3,979.4
6872,2,1,3011.06
6872,44,4,6528.88
6873,87,4,979.4
6873,10,1,1936.14
6874,99,2,458.92
6874,27,1,2010.3
6875,8,2,2448.97
6876,13,3,2131.33
6876,17,1,2276.26
6876,8,1,2448.97
6876,16,1,13450.97
6877,52,1,3818.59
6877,40,1,1418.4
6877,68,1,306.66
6877,55,1,1652.62
6878,97,1,423.56
6879,80,1,629.19
6879,70,1,3359.45
6879,97,1,423.56
6880,83,3,741.33
6880,70,2,3359.45
6880,61,4,356.45
6880,21,4,836.3
6881,54,1,1639.4
6881,49,2,1254.37
6882,76,1,1151.77
6882,17,1,2276.26
6882,38,2,1342.05
6883,44,1,6528.88
6884,52,1,3818.59
6884,61,4,356.45
6884,25,1,1652.78
6884,22,4,1475.64
6884,19,1,1007.13
6885,3,1,64028.3
6885,87,5,979.4
6885,44,5,6528.88
6886,48,1,1218.45
6887,42,1,800.81
6887,90,1,492.26
6887,39,1,1121.52
6888,90,1,492.26
6888,12,1,5690.75
6888,70,2,3359.45
6889,86,2,443.28
6890,59,1,488.56
6891,69,1,1191.69
6892,38,1,1342.05
6892,34,1,709.99
6893,17,2,2276.26
6893,66,1,728.79
6893,85,1,279.38
6893,95,1,744.54
6893,59,1,488.56
6894,7,4,1169.34
6895,90,1,492.26
6896,89,1,366.64
6897,38,1,1342.05
6898,34,2,709.99
6898,87,1,979.4
6899,86,1,443.28
6899,95,1,744.54
6899,27,1,2010.3
6900,22,5,1475.64
6901,70,3,3359.45
6902,88,2,457.85
6903,87,1,979.4
6904,92,1,1591.57
6904,16,1,13450.97
6905,40,1,1418.4
6905,17,1,2276.26
6906,17,1,2276.26
6906,69,1,1191.69
6907,49,1,1254.37
6908,47,3,493.52
6908,88,1,457.85
6908,74,1,1549.39
6909,10,1,1936.14
6910,32,1,910.33
6910,10,2,1936.14
6911,61,4,356.45
6912,41,1,994.52
6913,42,2,800.81
6913,66,1,728.79
6913,77,1,1315.33
6913,70,1,3359.45
6914,95,2,744.54
6914,13,1,2131.33
6915,13,5,2131.33
6915,24,1,2116.77
6916,97,3,423.56
6916,98,1,322.02
6917,40,1,1418.4
6917,98,1,322.02
6918,92,3,1591.57
6918,29,2,4319.5
6918,75,1,486.62
6919,98,1,322.02
6919,38,1,1342.05
6920,67,1,464.47
6920,11,2,9461.52
6920,100,2,828.75
6921,15,1,3494.53
6922,8,2,2448.97
6922,78,1,876.32
6922,89,1,366.64
6922,21,2,836.3
6923,24,1,2116.77
6924,45,2,1626.32
6925,66,5,728.79
6925,71,1,704.54
6926,22,1,1475.64
6926,8,5,2448.97
6926,26,1,1210.27
6927,1,3,28043.24
6927,99,4,458.92
6927,85,3,279.38
6927,58,1,470.58
6928,52,1,3818.59
6928,32,2,910.33
6929,43,2,1760.38
6929,84,1,605.41
6929,3,1,64028.3
6930,41,3,994.52
6930,33,2,312.93
6931,63,1,293.58
6932,75,2,486.62
6932,45,4,1626.32
6933,12,1,5690.75
6933,43,1,1760.38
6934,86,1,443.28
6935,82,1,300.41
6936,47,1,493.52
6936,8,1,2448.97
6937,25,2,1652.78
6938,17,1,2276.26
6938,98,1,322.02
6938,40,2,1418.4
6938,81,2,641.39
6939,57,4,1180.99
6939,68,1,306.66
6940,64,1,356.43
6940,100,2,828.75
6940,15,2,3494.53
6940,98,4,322.02
6941,85,1,279.38
6941,3,1,64028.3
6941,65,2,386.47
6941,1,1,28043.24
6942,90,-1,492.26
6942,30,2,3480.53
6943,71,1,704.54
6944,96,3,320.77
6945,70,1,3359.45
6945,17,1,2276.26
6945,42,2,800.81
6946,16,5,13450.97
6946,91,2,432.43
6946,65,1,386.47
6946,96,1,320.77
6946,52,1,3818.59
6947,28,1,579.08
6948,85,5,279.38
6949,47,1,493.52
6950,79,1,1101.69
6951,76,2,1151.77
6952,5,1,3026.39
6953,98,2,322.02
6953,83,1,741.33
6953,11,1,9461.52
6954,69,2,1191.69
6954,48,5,1218.45
6954,40,2,1418.4
6955,44,1,6528.88
6956,89,1,366.64
6956,69,1,1191.69
6957,57,3,1180.99
6957,86,1,443.28
6958,97,5,423.56
6959,92,3,1591.57
6960,58,1,470.58
6960,26,1,1210.27
6960,28,4,579.08
6961,66,2,728.79
6962,85,2,279.38
6962,43,1,1760.38
6962,9,1,11424.27
6962,62,1,398.9
6963,5,1,3026.39
6963,83,1,741.33
6963,64,1,356.43
6964,32,5,910.33
6964,27,1,2010.3
6965,7,1,1169.34
6965,51,1,1385.93
6966,51,1,1385.93
6966,36,2,601.9
6967,36,1,601.9
6968,39,1,1121.52
6968,72,3,1918.28
6968,31,1,1451.87
6969,67,2,464.47
6970,77,1,1315.33
6971,98,2,322.02
6971,97,3,423.56
6971,81,2,641.39
6972,89,1,366.64
6973,64,1,356.43
6973,76,4,1151.77
6973,35,1,2865.41
6974,27,4,2010.3
6974,59,1,488.56
6974,23,2,2025.31
6974,77,2,1315.33
6975,73,3,1195.7
6975,70,2,3359.45
6975,31,1,1451.87
6976,68,3,306.66
6977,17,3,2276.26
6977,61,2,356.45
6977,3,2,64028.3
6978,74,1,1549.39
6978,52,3,3818.59
6978,31,1,1451.87
6979,57,1,1180.99
6980,62,5,398.9
6980,18,3,1854.55
6980,38,1,1342.05
6981,17,1,2276.26
6982,51,1,1385.93
6982,58,1,470.58
6983,89,3,366.64
6983,5,2,3026.39
6984,83,1,741.33
6985,39,3,1121.52
6985,42,1,800.81
6985,35,2,2865.41
6985,31,1,1451.87
6986,54,1,1639.4
6986,48,1,1218.45
6987,89,3,366.64
6988,84,1,605.41
6988,56,1,868.37
6988,22,1,1475.64
6988,88,2,457.85
6988,5,1,3026.39
6989,74,4,1549.39
6989,9,1,11424.27
6989,60,1,579.94
6989,11,3,9461.52
6990,33,1,312.93
6990,87,1,979.4
6990,47,2,493.52
6990,88,1,457.85
6991,91,1,432.43
6991,38,1,1342.05
6992,50,1,1105.68
6992,18,2,1854.55
6992,91,4,432.43
6993,60,2,579.94
6993,87,2,979.4
6994,75,1,486.62
6994,83,1,741.33
6995,67,5,464.47
6996,87,1,979.4
6997,73,3,1195.7
6997,93,1,186.14
6997,56,4,868.37
6997,47,3,493.52
6998,98,1,322.02
6998,31,2,1451.87
6999,94,1,265.1
6999,28,2,579.08
6999,86,0,443.28
6999,22,3,1475.64
7000,54,2,1639.4
7000,100,2,828.75
7000,38,5,1342.05
7000,35,2,2865.41
7000,8,4,2448.97
7001,1,2,28043.24
7001,14,1,2714.07
7001,60,1,579.94
7001,95,4,744.54
7002,17,1,2276.26
7003,55,1,1652.62
7003,73,2,1195.7
7003,66,5,728.79
7004,19,1,1007.13
7005,28,5,579.08
7005,55,1,1652.62
7006,3,1,64028.3
7007,10,1,1936.14
7008,78,2,876.32
7008,69,3,1191.69
7008,70,2,3359.45
7008,24,2,2116.77
7009,36,2,601.9
7009,51,1,1385.93
7009,40,1,1418.4
7009,89,2,366.64
7010,10,4,1936.14
7011,30,1,3480.53
7012,71,3,704.54
7012,79,1,1101.69
7012,98,2,322.02
7012,5,2,3026.39
7012,19,1,1007.13
7013,1,1,28043.24
7013,10,1,1936.14
7014,51,2,1385.93
7014,2,1,3011.06
7015,70,1,3359.45
7015,3,4,64028.3
7015,32,2,910.33
7016,66,2,728.79
7016,34,1,709.99
7016,24,1,2116.77
7017,81,1,641.39
7017,79,1,1101.69
7017,65,1,386.47
7017,38,1,1342.05
7017,64,1,356.43
7018,19,1,1007.13
7019,80,1,629.19
7019,32,1,910.33
7019,40,2,1418.4
7020,1,3,28043.24
7021,55,2,1652.62
7021,90,1,492.26
7021,17,5,2276.26
7022,60,2,579.94
7022,76,1,1151.77
7023,94,1,265.1
7024,32,1,910.33
7025,57,1,1180.99
7025,27,2,2010.3
7025,24,1,2116.77
7026,35,1,2865.41
7026,9,1,11424.27
7026,98,2,322.02
7027,34,2,709.99
7027,95,1,744.54
7027,27,1,2010.3
7028,83,1,741.33
7028,62,2,398.9
7029,56,1,868.37
7029,63,1,293.58
7030,22,4,1475.64
7030,13,1,2131.33
7030,74,3,1549.39
7031,66,1,728.79
7031,32,2,910.33
7031,2,1,3011.06
7032,72,1,1918.28
7033,19,2,1007.13
7033,7,3,1169.34
7033,20,1,7731.56
7034,100,1,828.75
7034,43,1,1760.38
7035,46,5,253.36
7035,43,1,1760.38
7036,79,1,1101.69
7036,83,2,741.33
7037,96,1,320.77
7037,28,2,579.08
7037,5,2,3026.39
7038,31,1,1451.87
7038,100,2,828.75
7038,90,1,492.26
7039,81,1,641.39
7040,24,2,2116.77
7040,61,1,356.45
7040,35,2,2865.41
7041,27,4,2010.3
7041,100,3,828.75
7042,19,2,1007.13
7042,69,3,1191.69
7043,32,2,910.33
7043,81,1,641.39
7043,86,2,443.28
7044,84,1,605.41
7045,52,4,3818.59
7045,87,2,979.4
7045,76,1,1151.77
7045,32,2,910.33
7046,5,1,3026.39
7046,45,1,1626.32
7046,86,1,443.28
7047,60,1,579.94
7047,37,1,1389.36
7048,74,1,1549.39
7048,31,1,1451.87
7049,81,4,641.39
7050,73,1,1195.7
7050,40,2,1418.4
7051,15,3,3494.53
7051,63,1,293.58
7051,4,2,2324.92
7051,78,1,876.32
7052,4,2,2324.92
7052,2,1,3011.06
7053,91,1,432.43
7053,56,2,868.37
7054,88,1,457.85
7054,35,3,2865.41
7054,44,1,6528.88
7054,92,2,1591.57
7054,16,2,13450.97
7055,16,1,13450.97
7056,98,5,322.02
7056,78,1,876.32
7057,41,1,994.52
7057,78,5,876.32
7057,2,2,3011.06
7057,18,1,1854.55
7057,12,1,5690.75
7058,17,2,2276.26
7058,72,2,1918.28
7058,37,1,1389.36
7058,65,3,386.47
7058,5,1,3026.39
7059,48,3,1218.45
7060,77,2,1315.33
7060,45,1,1626.32
7061,84,1,605.41
7062,81,1,641.39
7062,72,3,1918.28
7063,94,1,265.1
7063,24,2,2116.77
7063,69,2,1191.69
7063,71,1,704.54
7064,29,4,4319.5
7064,53,1,620.53
7065,76,2,1151.77
7065,33,3,312.93
7066,78,1,876.32
7066,5,1,3026.39
7066,90,1,492.26
7067,73,2,1195.7
7067,25,3,1652.78
7067,13,1,2131.33
7067,81,2,641.39
7067,35,2,2865.41
7068,84,2,605.41
7068,83,1,741.33
7069,5,1,3026.39
7069,84,1,605.41
7070,54,1,1639.4
7070,16,1,13450.97
7071,30,2,3480.53
7071,31,1,1451.87
7071,96,1,320.77
7071,77,1,1315.33
7072,96,1,320.77
7072,47,1,493.52
7072,7,3,1169.34
7072,98,3,322.02
7073,79,1,1101.69
7073,66,1,728.79
7073,11,1,9461.52
7073,6,1,22709.9
7074,81,5,641.39
7075,8,1,2448.97
7075,61,1,356.45
7076,43,4,1760.38
7077,91,3,432.43
7078,82,3,300.41
7078,93,2,186.14
7078,42,1,800.81
7079,58,1,470.58
7079,29,1,4319.5
7080,94,2,265.1
7080,19,1,1007.13
7081,87,2,979.4
7081,50,1,1105.68
7081,77,2,1315.33
7081,8,3,2448.97
7081,28,3,579.08
7082,13,2,2131.33
7082,38,1,1342.05
7083,97,1,423.56
7084,39,1,1121.52
7085,76,4,1151.77
7085,54,1,1639.4
7086,52,0,3818.59
7087,68,1,306.66
7087,72,2,1918.28
7087,27,-2,2010.3
7087,77,1,1315.33
7087,24,1,2116.77
7088,19,1,1007.13
7088,9999,2,3494.53
7088,12,1,5690.75
7089,93,3,186.14
7089,13,1,2131.33
7090,55,2,1652.62
7090,71,3,704.54
7091,3,1,64028.3
7091,25,1,1652.78
7092,1,1,28043.24
7092,55,2,1652.62
7093,18,3,1854.55
7094,90,2,492.26
7095,42,2,800.81
7096,72,1,1918.28
7096,69,3,1191.69
7096,16,3,13450.97
7096,83,1,741.33
7097,91,2,432.43
7097,33,2,312.93
7097,10,3,1936.14
7098,43,2,1760.38
7099,30,1,3480.53
7100,41,4,994.52
7100,16,1,13450.97
7100,10,1,1936.14
7101,39,2,1121.52
7101,3,2,64028.3
7102,95,3,744.54
7103,71,1,704.54
7104,62,1,398.9
7105,78,1,876.32
7105,18,2,1854.55
7105,23,1,2025.31
7106,92,1,1591.57
7107,42,1,800.81
7107,75,1,486.62
7107,30,1,3480.53
7107,29,1,4319.5
7107,93,1,186.14
7108,70,2,3359.45
7108,47,1,493.52
7109,21,2,836.3
7109,46,1,253.36
7109,95,1,744.54
7109,31,1,1451.87
7110,27,2,2010.3
7110,21,1,836.3
7110,100,3,828.75
7111,58,3,470.58
7112,19,1,1007.13
7112,43,3,1760.38
7112,42,4,800.81
7113,6,2,22709.9
7113,8,1,2448.97
7113,75,3,486.62
7114,78,1,876.32
7115,76,1,1151.77
7115,82,1,300.41
7115,17,4,2276.26
7115,23,1,2025.31
7116,63,1,293.58
7117,76,1,1151.77
7117,78,1,876.32
7118,1,1,28043.24
7118,44,1,6528.88
7119,19,1,1007.13
7119,83,2,741.33
7119,99,2,458.92
7120,87,1,979.4
7120,8,1,2448.97
7120,63,1,293.58
7120,44,4,6528.88
7121,48,1,1218.45
7121,90,1,492.26
7122,100,1,828.75
7122,95,5,744.54
7123,4,2,2324.92
7124,82,1,300.41
7125,46,1,253.36
7126,77,4,1315.33
7127,13,3,2131.33
7128,7,1,1169.34
7128,46,2,253.36
7128,80,2,629.19
7129,59,1,488.56
7129,86,1,443.28
7129,9,2,11424.27
7130,70,1,3359.45
7131,70,1,3359.45
7132,12,2,5690.75
7132,88,2,457.85
7133,85,1,279.38
7134,12,3,5690.75
7134,79,1,1101.69
7135,78,1,876.32
7135,71,2,704.54
7135,23,1,2025.31
7136,58,1,470.58
7136,48,1,1218.45
7137,32,1,910.33
7137,97,1,423.56
7137,72,1,1918.28
7137,92,1,1591.57
7138,45,5,1626.32
7138,80,4,629.19
7139,44,4,6528.88
7139,52,2,3818.59
7140,96,1,320.77
7140,62,2,398.9
7140,5,1,3026.39
7140,33,5,312.93
7141,62,4,398.9
7142,62,1,398.9
7143,45,1,1626.32
7144,82,3,300.41
7144,31,3,1451.87
7145,75,2,486.62
7146,80,2,629.19
7147,9999,3,2010.3
7147,81,1,641.39
7147,39,1,1121.52
7148,46,1,253.36
7148,45,2,1626.32
7148,54,3,1639.4
7148,2,5,3011.06
7148,84,4,605.41
7149,70,1,3359.45
7149,87,1,979.4
7149,30,1,3480.53
7149,11,5,9461.52
7150,25,2,1652.78
7151,59,2,488.56
7151,19,1,1007.13
7151,62,2,398.9
7152,53,1,620.53
7152,16,4,13450.97
7153,16,1,13450.97
7153,4,1,2324.92
7153,21,1,836.3
7154,19,2,1007.13
7154,71,1,704.54
7155,24,1,2116.77
7155,6,2,22709.9
7156,53,1,620.53
7156,27,3,2010.3
7156,5,3,3026.39
7157,92,1,1591.57
7158,1,1,28043.24
7158,86,1,443.28
7158,71,1,704.54
7159,59,2,488.56
7159,67,3,464.47
7159,77,2,1315.33
7160,69,3,1191.69
7161,31,1,1451.87
7161,63,1,293.58
7161,15,3,3494.53
7161,20,1,7731.56
7161,54,3,1639.4
7162,28,2,579.08
7162,37,1,1389.36
7162,36,5,601.9
7163,15,5,3494.53
7164,14,1,2714.07
7164,46,2,253.36
7164,39,1,1121.52
7165,15,1,3494.53
7166,6,1,22709.9
7166,5,1,3026.39
7167,48,1,1218.45
7167,69,1,1191.69
7167,12,2,5690.75
7168,74,1,1549.39
7168,43,1,1760.38
7168,17,1,2276.26
7168,38,2,1342.05
7168,4,1,2324.92
7169,26,1,1210.27
7170,71,1,704.54
7170,35,2,2865.41
7170,74,1,1549.39
7171,96,1,320.77
7171,94,1,265.1
7171,71,2,704.54
7172,5,2,3026.39
7173,33,2,312.93
7174,5,1,3026.39
7174,85,1,279.38
7175,20,1,7731.56
7175,31,5,1451.87
7175,49,1,1254.37
7175,73,1,1195.7
7176,16,1,13450.97
7176,87,1,979.4
7177,51,1,1385.93
7177,34,3,709.99
7177,23,2,2025.31
7178,94,2,265.1
7178,41,1,994.52
7178,3,1,64028.3
7179,8,1,2448.97
7179,32,1,910.33
7179,77,2,1315.33
7180,66,1,728.79
7180,90,3,492.26
7181,12,2,5690.75
7181,89,2,366.64
7182,21,2,836.3
7182,75,2,486.62
7182,60,1,579.94
7183,66,1,728.79
7183,13,1,2131.33
7183,24,1,2116.77
7183,26,3,1210.27
7183,41,1,994.52
7184,68,1,306.66
7185,59,2,488.56
7186,53,3,620.53
7186,4,2,2324.92
7186,18,1,1854.55
7186,43,2,1760.38
7187,21,1,836.3
7187,20,2,7731.56
7188,59,3,488.56
7188,79,1,1101.69
7188,65,1,386.47
7189,36,1,601.9
7189,53,1,620.53
7190,2,1,3011.06
7191,5,1,3026.39
7191,71,1,704.54
7192,44,3,6528.88
7192,59,2,488.56
7193,99,1,458.92
7193,31,1,1451.87
7194,70,1,3359.45
7195,3,1,64028.3
7195,84,1,605.41
7196,73,1,1195.7
7196,49,3,1254.37
7196,23,1,2025.31
7196,48,2,1218.45
7197,68,1,306.66
7198,75,1,486.62
7199,75,2,486.62
7199,17,2,2276.26
7199,11,3,9461.52
7199,84,1,605.41
7200,70,1,3359.45
7200,12,1,5690.75
7200,22,1,1475.64
7200,33,2,312.93
7201,28,1,579.08
7201,83,1,741.33
7202,36,2,601.9
7202,95,1,744.54
7202,80,2,629.19
7203,100,3,828.75
7203,33,2,312.93
7203,82,3,300.41
7204,10,1,1936.14
7205,94,3,265.1
7205,77,1,1315.33
7206,69,4,1191.69
7207,2,1,3011.06
7207,86,1,443.28
7207,41,5,994.52
7208,98,1,322.02
7209,50,2,1105.68
7209,37,3,1389.36
7209,99,4,458.92
7209,16,1,13450.97
7210,68,1,306.66
7210,60,1,579.94
7210,50,2,1105.68
7211,74,2,1549.39
7212,79,1,1101.69
7213,54,1,1639.4
7213,66,1,728.79
7214,30,2,3480.53
7214,71,2,704.54
7214,45,1,1626.32
7215,39,1,1121.52
7215,1,2,28043.24
7215,41,1,994.52
7216,61,3,356.45
7217,67,1,464.47
7218,87,2,979.4
7218,42,1,800.81
7218,1,1,28043.24
7219,29,1,4319.5
7220,23,1,2025.31
7221,25,3,1652.78
7221,93,1,186.14
7222,78,1,876.32
7222,84,1,605.41
7222,3,1,64028.3
7223,46,5,253.36
7223,50,4,1105.68
7224,81,1,641.39
7225,64,1,356.43
7226,7,2,1169.34
7227,75,2,486.62
7227,93,4,186.14
7228,42,1,800.81
7229,73,2,1195.7
7229,67,3,464.47
7230,9,3,11424.27
7231,33,2,312.93
7231,100,2,828.75
7231,3,1,64028.3
7231,84,2,605.41
7232,47,1,493.52
7232,62,1,398.9
7232,83,2,741.33
7233,85,2,279.38
7233,66,0,728.79
7234,95,1,744.54
7234,77,3,1315.33
7234,9,1,11424.27
7235,32,4,910.33
7235,44,1,6528.88
7235,17,1,2276.26
7235,90,5,492.26
7236,86,2,443.28
7237,85,1,279.38
7237,9999,1,1121.52
7238,90,3,492.26
7239,49,1,1254.37
7240,18,2,1854.55
7240,33,1,312.93
7240,58,1,470.58
7240,100,2,828.75
7241,7,2,1169.34
7242,47,2,493.52
7243,40,1,1418.4
7244,89,2,366.64
7244,57,1,1180.99
7244,77,1,1315.33
7244,38,1,1342.05
7244,43,2,1760.38
7245,65,2,386.47
7245,68,2,306.66
7245,40,1,1418.4
7245,44,3,6528.88
7245,60,4,579.94
7246,62,3,398.9
7246,50,2,1105.68
7247,51,1,1385.93
7247,93,1,186.14
7248,31,3,1451.87
7249,36,2,601.9
7250,16,2,13450.97
7251,28,1,579.08
7251,47,2,493.52
7252,40,1,1418.4
7252,79,1,1101.69
7253,97,1,423.56
7253,1,1,28043.24
7253,10,1,1936.14
7254,69,2,1191.69
7254,43,1,1760.38
7254,66,2,728.79
7255,55,1,1652.62
7256,3,2,64028.3
7256,82,1,300.41
7256,14,1,2714.07
7256,17,2,2276.26
7257,7,1,1169.34
7258,93,1,186.14
7258,98,1,322.02
7259,78,2,876.32
7259,87,2,979.4
7259,53,1,620.53
7259,23,3,2025.31
7259,68,1,306.66
7260,23,1,2025.31
7260,33,1,312.93
7261,13,3,2131.33
7262,38,1,1342.05
7262,97,1,423.56
7263,83,4,741.33
7263,75,2,486.62
7263,44,2,6528.88
7264,74,1,1549.39
7264,35,1,2865.41
7264,81,1,641.39
7264,76,1,1151.77
7265,86,1,443.28
7266,17,1,2276.26
7266,49,1,1254.37
7267,38,1,1342.05
7267,23,2,2025.31
7267,36,1,601.9
7267,47,1,493.52
7267,3,5,64028.3
7268,75,1,486.62
7268,35,1,2865.41
7269,83,2,741.33
7269,25,3,1652.78
7270,47,3,493.52
7271,32,1,910.33
7271,79,2,1101.69
7271,11,1,9461.52
7271,7,1,1169.34
7272,89,1,366.64
7272,59,4,488.56
7272,19,2,1007.13
7272,27,1,2010.3
7273,61,2,356.45
7273,9,4,11424.27
7273,46,2,253.36
7274,2,2,3011.06
7274,69,1,1191.69
7274,9,1,11424.27
7275,39,1,1121.52
7275,91,1,432.43
7276,84,1,605.41
7276,67,3,464.47
7276,59,2,488.56
7277,56,1,868.37
7278,16,2,13450.97
7279,9999,1,312.93
7279,56,0,868.37
7280,34,2,709.99
7281,10,1,1936.14
7282,20,1,7731.56
7282,78,1,876.32
7283,67,1,464.47
7283,98,1,322.02
7284,7,1,1169.34
7284,69,1,1191.69
7285,74,1,1549.39
7285,73,2,1195.7
7286,44,1,6528.88
7286,84,1,605.41
7287,52,2,3818.59
7287,45,3,1626.32
7287,79,2,1101.69
7288,91,1,432.43
7288,71,1,704.54
7289,86,2,443.28
7289,22,1,1475.64
7289,80,1,629.19
7290,87,1,979.4
7290,58,1,470.58
7291,37,1,1389.36
7291,81,1,641.39
7291,8,1,2448.97
7292,15,1,3494.53
7292,49,1,1254.37
7292,71,1,704.54
7292,76,1,1151.77
7293,90,1,492.26
7293,37,1,1389.36
7294,57,1,1180.99
7294,50,1,1105.68
7295,21,1,836.3
7295,71,2,704.54
7296,7,2,1169.34
7296,35,2,2865.41
7297,61,3,356.45
7297,92,1,1591.57
7298,30,1,3480.53
7298,84,1,605.41
7298,96,1,320.77
7299,12,1,5690.75
7299,32,3,910.33
7300,89,3,366.64
7300,71,5,704.54
7300,87,1,979.4
7301,77,2,1315.33
7301,16,2,13450.97
7302,61,1,356.45
7303,69,3,1191.69
7304,72,2,1918.28
7304,28,4,579.08
7304,85,1,279.38
7305,63,3,293.58
7305,18,3,1854.55
7306,56,1,868.37
7307,86,1,443.28
7308,99,1,458.92
7308,37,1,1389.36
7309,45,1,1626.32
7309,32,1,910.33
7310,27,2,2010.3
7310,16,2,13450.97
7311,92,1,1591.57
7311,96,2,320.77
7312,87,1,979.4
7312,93,1,186.14
7312,64,1,356.43
7313,50,1,1105.68
7313,15,2,3494.53
7313,45,1,1626.32
7313,21,2,836.3
7314,51,1,1385.93
7314,18,5,1854.55
7315,71,1,704.54
7315,99,2,458.92
7316,78,2,876.32
7317,95,3,744.54
7318,75,1,486.62
7318,69,1,1191.69
7319,33,2,312.93
7319,27,1,2010.3
7320,59,3,488.56
7321,98,2,322.02
7321,92,2,1591.57
7322,76,1,1151.77
7322,4,4,2324.92
7322,62,2,398.9
7323,79,1,1101.69
7324,55,1,1652.62
7324,85,1,279.38
7325,14,2,2714.07
7326,76,1,1151.77
7326,70,1,3359.45
7326,59,1,488.56
7327,52,2,3818.59
7328,33,2,312.93
7329,53,2,620.53
7330,86,2,443.28
7330,68,3,306.66
7330,56,1,868.37
7330,100,1,828.75
7331,12,1,5690.75
7332,15,1,3494.53
7332,66,1,728.79
7332,92,2,1591.57
7332,46,2,253.36
7333,36,4,601.9
7333,5,2,3026.39
7334,64,1,356.43
7334,24,2,2116.77
7334,5,1,3026.39
7335,43,1,1760.38
7335,39,1,1121.52
7335,52,1,3818.59
7335,62,1,398.9
7335,10,1,1936.14
7336,71,2,704.54
7336,14,1,2714.07
7337,96,4,320.77
7337,97,5,423.56
7337,25,1,1652.78
7338,96,3,320.77
7338,11,1,9461.52
7338,59,4,488.56
7339,41,2,994.52
7339,94,1,265.1
7339,74,2,1549.39
7340,23,2,2025.31
7340,78,1,876.32
7340,85,1,279.38
7341,99,1,458.92
7341,52,1,3818.59
7341,24,2,2116.77
7342,83,1,741.33
7343,80,2,629.19
7343,35,3,2865.41
7343,26,1,1210.27
7344,24,3,2116.77
7345,57,1,1180.99
7345,19,3,1007.13
7345,88,1,457.85
7346,35,1,2865.41
7346,71,2,704.54
7347,76,2,1151.77
7347,18,1,1854.55
7348,99,1,458.92
7349,12,1,5690.75
7349,87,1,979.4
7349,85,3,279.38
7349,62,3,398.9
7350,59,4,488.56
7350,31,5,1451.87
7351,73,1,1195.7
7352,61,1,356.45
7352,19,2,1007.13
7352,41,1,994.52
7353,82,1,300.41
7353,34,2,709.99
7353,42,1,800.81
7354,30,1,3480.53
7355,96,5,320.77
7355,85,2,279.38
7355,1,2,28043.24
7356,98,1,322.02
7357,52,1,3818.59
7358,72,2,1918.28
7358,6,5,22709.9
7359,58,1,470.58
7359,13,2,2131.33
7360,62,1,398.9
7361,60,1,579.94
7361,43,2,1760.38
7362,43,1,1760.38
7362,100,1,828.75
7362,39,1,1121.52
7363,86,2,443.28
7364,74,1,1549.39
7364,15,2,3494.53
7365,31,1,1451.87
7365,75,2,486.62
7365,16,1,13450.97
7366,64,1,356.43
7366,10,1,1936.14
7367,30,1,3480.53
7368,100,3,828.75
7369,8,1,2448.97
7370,46,1,253.36
7371,61,1,356.45
7371,100,1,828.75
7372,70,2,3359.45
7372,98,2,322.02
7373,88,1,457.85
7374,16,4,13450.97
7374,87,2,979.4
7374,13,5,2131.33
7375,72,2,1918.28
7375,57,1,1180.99
7376,87,2,979.4
7376,38,3,1342.05
7376,59,1,488.56
7377,60,1,579.94
7377,12,3,5690.75
7378,95,1,744.54
7378,9,3,11424.27
7379,16,3,13450.97
7379,11,1,9461.52
7379,57,2,1180.99
7380,81,1,641.39
7381,99,1,458.92
7381,80,1,629.19
7381,50,1,1105.68
7381,47,1,493.52
7381,61,1,356.45
7382,77,1,1315.33
7382,86,2,443.28
7382,70,4,3359.45
7382,54,2,1639.4
7383,53,2,620.53
7383,29,4,4319.5
7384,48,2,1218.45
7384,22,1,1475.64
7385,64,2,356.43
7385,52,1,3818.59
7385,10,1,1936.14
7386,41,1,994.52
7386,73,1,1195.7
7387,89,1,366.64
7387,48,1,1218.45
7388,78,1,876.32
7388,61,1,356.45
7388,38,3,1342.05
7389,93,3,186.14
7389,25,1,1652.78
7389,39,2,1121.52
7390,2,1,3011.06
7391,86,1,443.28
7392,2,1,3011.06
7392,66,4,728.79
7392,46,1,253.36
7392,25,1,1652.78
7392,88,2,457.85
7393,54,1,1639.4
7393,99,1,458.92
7394,46,1,253.36
7394,35,1,2865.41
7395,41,2,994.52
7396,91,1,432.43
7396,73,1,1195.7
7397,9,1,11424.27
7397,44,1,6528.88
7398,31,3,1451.87
7398,53,3,620.53
7398,11,1,9461.52
7398,54,1,1639.4
7399,22,2,1475.64
7399,24,2,2116.77
7400,14,2,2714.07
7400,61,1,356.45
7400,60,4,579.94
7400,94,3,265.1
7401,63,1,293.58
7401,86,5,443.28
7401,34,3,709.99
7402,90,1,492.26
7403,88,3,457.85
7403,6,3,22709.9
7404,98,2,322.02
7405,86,1,443.28
7405,81,1,641.39
7406,11,1,9461.52
7406,52,1,3818.59
7407,57,1,1180.99
7407,11,1,9461.52
7408,13,2,2131.33
7409,63,1,293.58
7410,11,1,9461.52
7411,41,1,994.52
7411,44,2,6528.88
7411,10,2,1936.14
7411,3,2,64028.3
7412,61,2,356.45
7413,46,1,253.36
7413,47,2,493.52
7414,50,1,1105.68
7415,75,1,486.62
7415,83,3,741.33
7415,63,1,293.58
7415,84,2,605.41
7415,43,2,1760.38
7416,43,1,1760.38
7416,69,3,1191.69
7417,45,2,1626.32
7417,27,1,2010.3
7417,93,2,186.14
7418,59,2,488.56
7419,92,2,1591.57
7419,93,2,186.14
7420,87,1,979.4
7420,32,1,910.33
7420,88,1,457.85
7421,25,2,1652.78
7421,40,1,1418.4
7422,78,2,876.32
7423,86,1,443.28
7423,79,1,1101.69
7423,2,1,3011.06
7424,34,1,709.99
7424,5,1,3026.39
7424,42,2,800.81
7425,98,2,322.02
7426,86,5,443.28
7427,48,1,1218.45
7428,34,3,709.99
7429,35,2,2865.41
7429,47,1,493.52
7430,17,2,2276.26
7430,54,1,1639.4
7431,43,5,1760.38
7432,92,1,1591.57
7432,99,1,458.92
7432,49,5,1254.37
7432,72,3,1918.28
7433,10,2,1936.14
7433,80,1,629.19
7434,47,2,493.52
7435,4,4,2324.92
7435,65,2,386.47
7435,81,1,641.39
7436,32,2,910.33
7437,38,1,1342.05
7438,46,3,253.36
7438,86,1,443.28
7438,43,2,1760.38
7439,53,2,620.53
7439,36,1,601.9
7439,96,3,320.77
7440,74,2,1549.39
7440,9,2,11424.27
7441,25,1,1652.78
7442,48,1,1218.45
7442,14,1,2714.07
7442,78,1,876.32
7443,23,3,2025.31
7443,12,2,5690.75
7443,86,1,443.28
7443,39,3,1121.52
7444,39,3,1121.52
7444,27,3,2010.3
7445,95,2,744.54
7445,29,1,4319.5
7445,28,1,579.08
7445,16,1,13450.97
7446,30,2,3480.53
7446,48,1,1218.45
7446,76,1,1151.77
7446,40,0,1418.4
7447,77,5,1315.33
7447,23,1,2025.31
7447,16,3,13450.97
7448,37,1,1389.36
7448,78,1,876.32
7449,1,1,28043.24
7450,6,1,22709.9
7451,56,1,868.37
7452,88,1,457.85
7452,81,2,641.39
7453,66,2,728.79
7454,13,2,2131.33
7454,23,1,2025.31
7455,2,1,3011.06
7455,68,1,306.66
7455,60,1,579.94
7456,66,1,728.79
7457,50,2,1105.68
7457,44,1,6528.88
7458,93,2,186.14
7458,82,3,300.41
7459,93,0,186.14
7459,57,3,1180.99
7460,70,3,3359.45
7461,59,1,488.56
7462,39,3,1121.52
7462,68,1,306.66
7462,69,1,1191.69
7463,69,1,1191.69
7464,79,2,1101.69
7464,70,1,3359.45
7464,5,3,3026.39
7465,47,1,493.52
7465,22,1,1475.64
7465,40,1,1418.4
7466,87,2,979.4
7466,40,2,1418.4
7466,45,1,1626.32
7467,3,2,64028.3
7467,19,1,1007.13
7467,76,1,1151.77
7468,61,3,356.45
7469,48,5,1218.45
7469,71,4,704.54
7470,82,2,300.41
7471,19,2,1007.13
7472,27,1,2010.3
7473,59,2,488.56
7474,40,1,1418.4
7475,80,2,629.19
7475,27,4,2010.3
7476,96,1,320.77
7476,29,2,4319.5
7477,6,1,22709.9
7477,57,3,1180.99
7477,89,2,366.64
7478,16,2,13450.97
7478,73,4,1195.7
7479,7,3,1169.34
7480,94,1,265.1
7481,55,1,1652.62
7481,94,5,265.1
7482,60,3,579.94
7482,41,1,994.52
7482,90,5,492.26
7483,32,1,910.33
7483,93,1,186.14
7484,10,1,1936.14
7484,37,1,1389.36
7484,64,1,356.43
7485,9999,2,3026.39
7486,54,5,1639.4
7486,80,1,629.19
7486,61,2,356.45
7487,74,4,1549.39
7487,59,1,488.56
7487,37,1,1389.36
7488,71,2,704.54
7489,76,1,1151.77
7489,34,1,709.99
7490,57,3,1180.99
7491,39,1,1121.52
7492,90,3,492.26
7493,46,1,253.36
7494,29,1,4319.5
7494,65,4,386.47
7494,27,2,2010.3
7495,74,1,1549.39
7495,34,2,709.99
7495,1,1,28043.24
7496,76,2,1151.77
7497,26,5,1210.27
7497,29,2,4319.5
7498,95,1,744.54
7498,58,1,470.58
7499,72,1,1918.28
7499,27,2,2010.3
7500,5,1,3026.39
7500,4,4,2324.92
7501,72,1,1918.28
7501,17,2,2276.26
7501,93,1,186.14
7501,20,1,7731.56
7502,10,1,1936.14
7502,69,5,1191.69
7502,70,3,3359.45
7503,63,1,293.58
7503,84,1,605.41
7504,67,2,464.47
7505,63,3,293.58
7506,51,2,1385.93
7507,6,1,22709.9
7507,52,2,3818.59
7507,49,1,1254.37
7507,97,1,423.56
7508,9,3,11424.27
7509,43,1,1760.38
7509,57,2,1180.99
7509,37,1,1389.36
7509,23,2,2025.31
7510,58,1,470.58
7511,42,1,800.81
7511,50,1,1105.68
7512,5,1,3026.39
7512,16,1,13450.97
7513,9,1,11424.27
7514,5,2,3026.39
7514,13,1,2131.33
7515,29,1,4319.5
7515,14,1,2714.07
7516,17,1,2276.26
7517,100,1,828.75
7517,83,1,741.33
7517,64,1,356.43
7518,98,1,322.02
7519,22,1,1475.64
7520,74,2,1549.39
7520,38,1,1342.05
7521,18,1,1854.55
7522,3,2,64028.3
7522,50,4,1105.68
7523,84,2,605.41
7524,49,1,1254.37
7525,18,3,1854.55
7525,60,1,579.94
7526,81,2,641.39
7526,91,1,432.43
7527,54,1,1639.4
7527,35,2,2865.41
7527,25,3,1652.78
7527,95,1,744.54
7527,82,4,300.41
7528,10,1,1936.14
7529,56,1,868.37
7530,23,1,2025.31
7530,81,1,641.39
7531,39,1,1121.52
7531,53,1,620.53
7531,71,2,704.54
7532,44,1,6528.88
7533,68,1,306.66
7534,64,4,356.43
7534,48,1,1218.45
7535,31,1,1451.87
7535,57,3,1180.99
7535,35,3,2865.41
7535,74,1,1549.39
7535,17,2,2276.26
7536,97,1,423.56
7537,54,2,1639.4
7537,50,3,1105.68
7538,27,3,2010.3
7538,29,1,4319.5
7538,31,1,1451.87
7539,60,2,579.94
7540,7,1,1169.34
7541,35,3,2865.41
7542,3,1,64028.3
7543,10,1,1936.14
7543,70,1,3359.45
7543,96,1,320.77
7544,73,1,1195.7
7544,35,2,2865.41
7544,15,2,3494.53
7545,41,1,994.52
7545,77,1,1315.33
7546,10,3,1936.14
7546,42,1,800.81
7547,59,1,488.56
7547,57,1,1180.99
7548,61,1,356.45
7549,4,2,2324.92
7549,2,2,3011.06
7549,70,1,3359.45
7550,15,2,3494.53
7550,34,1,709.99
7550,19,1,1007.13
7551,93,1,186.14
7552,4,1,2324.92
7552,70,4,3359.45
7553,63,1,293.58
7554,8,3,2448.97
7555,16,1,13450.97
7555,57,1,1180.99
7556,52,1,3818.59
7557,61,2,356.45
7558,24,1,2116.77
7559,79,3,1101.69
7560,62,4,398.9
7560,14,1,2714.07
7560,21,2,836.3
7561,41,2,994.52
7561,14,3,2714.07
7561,66,1,728.79
7561,69,3,1191.69
7562,28,2,579.08
7562,96,2,320.77
7562,65,1,386.47
7563,54,3,1639.4
7563,64,1,356.43
7564,27,1,2010.3
7565,22,1,1475.64
7565,48,4,1218.45
7566,41,1,994.52
7566,29,4,4319.5
7566,50,1,1105.68
7566,62,4,398.9
7567,39,3,1121.52
7567,20,3,7731.56
7567,47,2,493.52
7568,49,1,1254.37
7568,44,3,6528.88
7568,17,1,2276.26
7568,31,2,1451.87
7568,77,2,1315.33
7569,7,1,1169.34
7569,88,4,457.85
7570,4,3,2324.92
7571,11,1,9461.52
7571,83,1,741.33
7571,59,4,488.56
7572,94,2,265.1
7572,33,1,312.93
7573,81,3,641.39
7574,19,5,1007.13
7574,59,1,488.56
7575,89,2,366.64
7575,83,3,741.33
7575,86,1,443.28
7576,55,3,1652.62
7577,29,2,4319.5
7578,78,1,876.32
7578,51,1,1385.93
7579,56,5,868.37
7580,9,1,11424.27
7580,4,1,2324.92
7581,32,2,910.33
7582,82,1,300.41
7583,76,2,1151.77
7583,87,1,979.4
7583,47,1,493.52
7584,76,1,1151.77
7585,9,1,11424.27
7586,76,2,1151.77
7586,36,3,601.9
7587,30,1,3480.53
7587,100,1,828.75
7587,52,1,3818.59
7587,41,1,994.52
7587,49,2,1254.37
7588,39,3,1121.52
7588,22,1,1475.64
7588,28,2,579.08
7589,90,1,492.26
7589,24,1,2116.77
7590,14,1,2714.07
7590,56,1,868.37
7590,78,1,876.32
7590,7,2,1169.34
7591,96,1,320.77
7591,1,1,28043.24
7592,1,2,28043.24
7592,48,1,1218.45
7593,36,1,601.9
7594,79,2,1101.69
7595,14,1,2714.07
7595,94,1,265.1
7596,46,1,253.36
7597,22,1,1475.64
7597,39,3,1121.52
7597,34,1,709.99
7597,52,1,3818.59
7598,8,1,2448.97
7598,32,2,910.33
7599,7,2,1169.34
7599,10,2,1936.14
7599,15,1,3494.53
7599,2,1,3011.06
7600,42,1,800.81
7600,55,1,1652.62
7600,93,2,186.14
7601,72,1,1918.28
7601,80,5,629.19
7602,37,1,1389.36
7602,54,2,1639.4
7603,6,1,22709.9
7603,46,1,253.36
7603,85,1,279.38
7603,49,2,1254.37
7604,59,3,488.56
7604,69,2,1191.69
7604,30,1,3480.53
7605,20,1,7731.56
7605,74,1,1549.39
7606,5,1,3026.39
7606,4,2,2324.92
7607,84,2,605.41
7608,6,2,22709.9
7609,23,1,2025.31
7610,44,2,6528.88
7610,13,1,2131.33
7611,64,1,356.43
7612,39,2,1121.52
7613,22,4,1475.64
7613,90,1,492.26
7613,31,2,1451.87
7614,14,1,2714.07
7614,55,1,1652.62
7615,47,2,493.52
7615,35,1,2865.41
7616,76,2,1151.77
7617,87,2,979.4
7617,19,1,1007.13
7618,27,1,2010.3
7618,7,1,1169.34
7618,45,1,1626.32
7618,46,1,253.36
7618,32,1,910.33
7619,36,1,601.9
7620,5,1,3026.39
7620,72,1,1918.28
7621,31,1,1451.87
7621,80,1,629.19
7622,27,4,2010.3
7622,66,2,728.79
7623,14,1,2714.07
7623,65,2,386.47
7624,55,2,1652.62
7625,85,1,279.38
7626,58,3,470.58
7626,98,2,322.02
7627,18,1,1854.55
7628,77,1,1315.33
7629,7,3,1169.34
7629,69,1,1191.69
7630,80,1,629.19
7631,98,1,322.02
7631,97,1,423.56
7632,18,2,1854.55
7633,46,1,253.36
7633,74,1,1549.39
7633,26,5,1210.27
7633,27,3,2010.3
7634,100,2,828.75
7634,45,2,1626.32
7634,9,1,11424.27
7634,89,2,366.64
7634,7,3,1169.34
7635,57,1,1180.99
7635,53,1,620.53
7636,68,3,306.66
7636,15,2,3494.53
7636,39,1,1121.52
7637,24,2,2116.77
7637,38,2,1342.05
7638,78,1,876.32
7639,53,1,620.53
7639,70,1,3359.45
7640,1,1,28043.24
7640,4,4,2324.92
7640,38,3,1342.05
7640,49,1,1254.37
7641,100,1,828.75
7641,12,1,5690.75
7642,40,2,1418.4
7643,34,1,709.99
7644,100,4,828.75
7644,51,1,1385.93
7645,60,1,579.94
7646,88,3,457.85
7646,28,1,579.08
7647,51,2,1385.93
7647,5,2,3026.39
7647,90,2,492.26
7647,3,1,64028.3
7647,78,5,876.32
7648,9,2,11424.27
7648,45,5,1626.32
7648,46,2,253.36
7648,85,4,279.38
7649,74,2,1549.39
7649,33,1,312.93
7649,97,1,423.56
7650,9,3,11424.27
7651,75,1,486.62
7651,9999,1,868.37
7652,83,1,741.33
7652,3,1,64028.3
7653,66,2,728.79
7654,88,2,457.85
7654,78,3,876.32
7654,52,1,3818.59
7655,45,1,1626.32
7655,6,1,22709.9
7656,15,1,3494.53
7656,63,5,293.58
7657,94,5,265.1
7657,25,1,1652.78
7658,2,1,3011.06
7659,68,1,306.66
7660,56,2,868.37
7660,53,1,620.53
7660,93,1,186.14
7661,47,2,493.52
7661,94,1,265.1
7662,28,2,579.08
7663,10,1,1936.14
7663,97,1,423.56
7663,57,2,1180.99
7663,29,1,4319.5
7664,16,3,13450.97
7665,21,3,836.3
7666,63,1,293.58
7667,28,3,579.08
7668,74,1,1549.39
7668,87,2,979.4
7668,25,4,1652.78
7668,27,2,2010.3
7669,24,1,2116.77
7669,68,1,306.66
7670,1,2,28043.24
7670,10,2,1936.14
7670,97,3,423.56
7671,21,2,836.3
7671,91,1,432.43
7671,34,1,709.99
7672,93,3,186.14
7673,4,1,2324.92
7673,59,1,488.56
7673,88,4,457.85
7673,25,3,1652.78
7674,76,1,1151.77
7674,90,3,492.26
7674,56,2,868.37
7675,99,1,458.92
7675,23,1,2025.31
7675,42,3,800.81
7676,100,2,828.75
7677,9999,2,704.54
7677,72,2,1918.28
7678,19,2,1007.13
7679,85,2,279.38
7679,20,1,7731.56
7680,68,1,306.66
7680,35,2,2865.41
7680,44,1,6528.88
7680,91,1,432.43
7681,22,3,1475.64
7682,85,1,279.38
7682,74,5,1549.39
7683,63,1,293.58
7684,25,1,1652.78
7684,35,1,2865.41
7684,70,2,3359.45
7685,61,1,356.45
7686,10,1,1936.14
7687,14,1,2714.07
7687,58,3,470.58
7688,11,2,9461.52
7688,80,4,629.19
7689,61,1,356.45
7689,31,3,1451.87
7689,14,1,2714.07
7690,12,2,5690.75
7691,98,5,322.02
7691,75,1,486.62
7692,8,1,2448.97
7692,85,2,279.38
7693,9999,1,6528.88
7694,67,1,464.47
7695,14,1,2714.07
7695,8,1,2448.97
7696,53,1,620.53
7696,90,1,492.26
7696,36,3,601.9
7696,3,2,64028.3
7697,2,1,3011.06
7697,42,1,800.81
7697,48,1,1218.45
7698,84,3,605.41
7699,77,3,1315.33
7699,23,1,2025.31
7699,72,2,1918.28
7700,1,1,28043.24
7701,99,1,458.92
7701,58,3,470.58
7702,6,2,22709.9
7703,88,1,457.85
7704,55,3,1652.62
7704,77,1,1315.33
7705,76,2,1151.77
7705,85,2,279.38
7705,18,1,1854.55
7706,99,4,458.92
7706,76,1,1151.77
7707,69,2,1191.69
7708,100,4,828.75
7709,29,1,4319.5
7709,61,1,356.45
7709,47,3,493.52
7710,52,1,3818.59
7710,34,3,709.99
7710,95,1,744.54
7711,100,3,828.75
7711,18,4,1854.55
7711,71,1,704.54
7711,59,1,488.56
7711,96,1,320.77
7712,99,1,458.92
7713,1,3,28043.24
7714,39,1,1121.52
7714,5,5,3026.39
7714,15,2,3494.53
7715,74,2,1549.39
7715,3,1,64028.3
7715,27,4,2010.3
7715,86,3,443.28
7716,42,1,800.81
7716,19,3,1007.13
7716,81,2,641.39
7717,68,1,306.66
7718,1,2,28043.24
7718,9,2,11424.27
7718,44,1,6528.88
7719,6,5,22709.9
7719,77,1,1315.33
7719,92,1,1591.57
7720,82,1,300.41
7720,36,1,601.9
7720,42,1,800.81
7721,83,2,741.33
7722,7,1,1169.34
7722,10,1,1936.14
7722,77,1,1315.33
7723,53,2,620.53
7723,9,0,11424.27
7724,96,5,320.77
7724,83,3,741.33
7725,3,1,64028.3
7726,21,2,836.3
7727,79,2,1101.69
7728,82,1,300.41
7728,63,3,293.58
7728,28,1,579.08
7728,88,3,457.85
7729,60,1,579.94
7729,17,1,2276.26
7730,2,1,3011.06
7730,3,3,64028.3
7730,100,1,828.75
7730,89,1,366.64
7730,88,1,457.85
7731,8,5,2448.97
7731,7,1,1169.34
7731,43,3,1760.38
7732,73,1,1195.7
7733,69,1,1191.69
7733,39,1,1121.52
7733,34,2,709.99
7734,33,1,312.93
7734,4,1,2324.92
7735,56,1,868.37
7735,92,2,1591.57
7736,6,3,22709.9
7736,5,1,3026.39
7736,26,1,1210.27
7736,32,1,910.33
7737,84,2,605.41
7738,98,2,322.02
7738,60,1,579.94
7738,97,1,423.56
7739,15,2,3494.53
7739,60,3,579.94
7740,42,3,800.81
7740,81,1,641.39
7741,55,3,1652.62
7741,84,2,605.41
7742,38,1,1342.05
7743,97,1,423.56
7744,39,1,1121.52
7745,47,1,493.52
7746,73,2,1195.7
7746,35,4,2865.41
7746,86,2,443.28
7747,75,3,486.62
7747,89,1,366.64
7747,49,1,1254.37
7748,36,2,601.9
7749,20,1,7731.56
7749,53,1,620.53
7749,44,4,6528.88
7750,14,2,2714.07
7750,60,3,579.94
7751,67,1,464.47
7751,43,1,1760.38
7751,77,1,1315.33
7752,16,0,13450.97
7752,32,3,910.33
7752,7,2,1169.34
7753,19,1,1007.13
7753,97,1,423.56
7753,48,3,1218.45
7754,2,5,3011.06
7754,49,1,1254.37
7755,83,3,741.33
7755,33,1,312.93
7755,9999,1,4319.5
7756,58,1,470.58
7756,62,1,398.9
7756,85,1,279.38
7756,33,1,312.93
7757,15,1,3494.53
7757,39,1,1121.52
7758,30,2,3480.53
7759,85,1,279.38
7759,17,2,2276.26
7759,10,2,1936.14
7760,27,1,2010.3
7760,54,3,1639.4
7761,59,2,488.56
7761,34,1,709.99
7761,41,2,994.52
7762,34,2,709.99
7763,57,1,1180.99
7763,87,2,979.4
7764,92,1,1591.57
7764,84,1,605.41
7764,39,1,1121.52
7765,45,1,1626.32
7765,36,1,601.9
7765,71,1,704.54
7766,93,1,186.14
7766,80,1,629.19
7767,4,1,2324.92
7768,80,1,629.19
7769,99,3,458.92
7770,68,3,306.66
7771,92,1,1591.57
7771,90,1,492.26
7772,68,1,306.66
7772,53,1,620.53
7773,84,1,605.41
7773,60,5,579.94
7773,65,3,386.47
7774,4,1,2324.92
7774,77,1,1315.33
7775,94,1,265.1
7776,58,1,470.58
7776,76,1,1151.77
7776,43,1,1760.38
7776,71,2,704.54
7777,80,1,629.19
7778,26,0,1210.27
7778,13,1,2131.33
7778,42,1,800.81
7778,72,1,1918.28
7779,75,2,486.62
7779,14,5,2714.07
7779,56,5,868.37
7780,82,4,300.41
7780,10,1,1936.14
7780,56,3,868.37
7781,34,1,709.99
7781,20,3,7731.56
7782,54,5,1639.4
7782,97,1,423.56
7783,46,1,253.36
7783,63,2,293.58
7784,8,1,2448.97
7784,37,1,1389.36
7785,33,1,312.93
7786,83,1,741.33
7787,73,1,1195.7
7788,9,1,11424.27
7788,47,2,493.52
7789,56,3,868.37
7789,20,3,7731.56
7789,35,1,2865.41
7789,52,2,3818.59
7789,19,3,1007.13
7790,95,5,744.54
7791,47,1,493.52
7792,97,1,423.56
7792,42,3,800.81
7793,66,3,728.79
7793,84,1,605.41
7793,11,4,9461.52
7794,18,2,1854.55
7794,30,3,3480.53
7795,62,1,398.9
7795,74,2,1549.39
7795,75,1,486.62
7795,53,1,620.53
7796,25,1,1652.78
7797,41,2,994.52
7798,44,3,6528.88
7799,64,5,356.43
7799,22,1,1475.64
7799,79,3,1101.69
7800,82,1,300.41
7800,72,2,1918.28
7800,12,1,5690.75
7800,39,2,1121.52
7801,49,3,1254.37
7801,3,2,64028.3
7802,22,2,1475.64
7802,53,5,620.53
7802,94,1,265.1
7802,3,5,64028.3
7802,55,3,1652.62
7803,40,2,1418.4
7804,31,3,1451.87
7804,62,1,398.9
7804,86,4,443.28
7804,45,1,1626.32
7805,66,1,728.79
7805,53,2,620.53
7806,60,1,579.94
7806,70,1,3359.45
7807,94,2,265.1
7808,24,3,2116.77
7808,7,4,1169.34
7809,24,2,2116.77
7809,40,1,1418.4
7810,49,1,1254.37
7810,46,1,253.36
7811,6,1,22709.9
7812,4,3,2324.92
7812,78,3,876.32
7813,85,4,279.38
7813,97,1,423.56
7813,54,2,1639.4
7814,5,2,3026.39
7815,97,2,423.56
7815,82,1,300.41
7816,93,1,186.14
7817,55,1,1652.62
7817,91,2,432.43
7817,3,1,64028.3
7818,76,1,1151.77
7819,13,2,2131.33
7819,48,1,1218.45
7819,66,2,728.79
7819,54,1,1639.4
7820,36,2,601.9
7820,25,3,1652.78
7821,13,2,2131.33
7822,55,3,1652.62
7822,6,2,22709.9
7822,21,2,836.3
7823,94,3,265.1
7823,51,1,1385.93
7824,37,1,1389.36
7824,59,1,488.56
7825,69,2,1191.69
7826,90,2,492.26
7827,36,3,601.9
7827,45,1,1626.32
7828,92,2,1591.57
7829,98,1,322.02
7829,51,1,1385.93
7829,11,1,9461.52
7830,72,3,1918.28
7830,48,5,1218.45
7830,28,2,579.08
7831,63,3,293.58
7831,41,2,994.52
7831,36,2,601.9
7832,26,2,1210.27
7833,60,2,579.94
7833,56,2,868.37
7834,8,3,2448.97
7834,73,1,1195.7
7834,96,2,320.77
7835,8,1,2448.97
7835,39,1,1121.52
7835,50,2,1105.68
7835,30,1,3480.53
7836,5,2,3026.39
7837,96,-1,320.77
7837,100,2,828.75
7837,38,1,1342.05
7838,67,1,464.47
7838,23,2,2025.31
7838,10,1,1936.14
7838,91,2,432.43
7839,100,1,828.75
7839,69,3,1191.69
7839,57,4,1180.99
7839,90,2,492.26
7840,24,1,2116.77
7840,84,2,605.41
7841,96,3,320.77
7841,1,2,28043.24
7841,27,2,2010.3
7841,25,1,1652.78
7842,75,2,486.62
7842,27,2,2010.3
7843,87,5,979.4
7843,50,1,1105.68
7843,2,1,3011.06
7844,71,4,704.54
7845,27,2,2010.3
7845,42,4,800.81
7845,15,1,3494.53
7845,33,1,312.93
7845,7,1,1169.34
7846,11,1,9461.52
7846,63,1,293.58
7846,30,1,3480.53
7847,90,1,492.26
7848,26,1,1210.27
7848,75,1,486.62
7848,7,1,1169.34
7849,62,2,398.9
7849,37,1,1389.36
7849,74,2,1549.39
7850,27,1,2010.3
7851,28,1,579.08
7852,84,1,605.41
7852,42,1,800.81
7853,83,2,741.33
7853,100,1,828.75
7853,19,4,1007.13
7854,10,1,1936.14
7855,2,1,3011.06
7855,1,1,28043.24
7855,25,3,1652.78
7855,69,2,1191.69
7855,9999,1,443.28
7856,19,2,1007.13
7856,90,1,492.26
7856,76,1,1151.77
7856,80,1,629.19
7856,92,1,1591.57
7857,83,1,741.33
7857,8,2,2448.97
7857,35,1,2865.41
7858,38,1,1342.05
7859,4,2,2324.92
7860,94,5,265.1
7860,19,5,1007.13
7861,57,3,1180.99
7861,58,1,470.58
7861,76,2,1151.77
7861,5,1,3026.39
7862,62,1,398.9
7863,48,1,1218.45
7863,23,1,2025.31
7864,100,2,828.75
7864,1,2,28043.24
7865,58,1,470.58
7866,18,3,1854.55
7866,56,1,868.37
7866,75,2,486.62
7867,55,2,1652.62
7867,29,1,4319.5
7868,76,2,1151.77
7868,24,3,2116.77
7869,15,1,3494.53
7869,9,1,11424.27
7870,63,2,293.58
7870,23,1,2025.31
7871,30,2,3480.53
7871,84,2,605.41
7871,44,1,6528.88
7872,81,3,641.39
7873,57,1,1180.99
7873,80,1,629.19
7874,5,2,3026.39
7874,10,2,1936.14
7875,25,2,1652.78
7876,92,5,1591.57
7877,90,1,492.26
7877,23,1,2025.31
7877,32,5,910.33
7878,83,1,741.33
7878,66,5,728.79
7879,33,2,312.93
7880,84,2,605.41
7881,47,3,493.52
7881,67,2,464.47
7882,44,1,6528.88
7883,9999,3,1105.68
7884,11,2,9461.52
7885,17,2,2276.26
7885,41,1,994.52
7886,82,3,300.41
7887,7,2,1169.34
7887,34,4,709.99
7888,33,1,312.93
7889,45,2,1626.32
7890,56,5,868.37
7890,50,1,1105.68
7890,30,1,3480.53
7891,6,1,22709.9
7891,36,4,601.9
7891,67,1,464.47
7891,38,1,1342.05
7891,12,1,5690.75
7892,19,2,1007.13
7892,52,1,3818.59
7893,68,2,306.66
7893,53,3,620.53
7893,12,2,5690.75
7894,94,1,265.1
7895,71,4,704.54
7895,42,4,800.81
7896,5,3,3026.39
7897,1,1,28043.24
7898,62,2,398.9
7898,81,1,641.39
7899,11,1,9461.52
7899,38,1,1342.05
7900,69,2,1191.69
7901,15,1,3494.53
7901,53,2,620.53
7902,38,3,1342.05
7903,22,1,1475.64
7903,31,1,1451.87
7904,73,1,1195.7
7904,43,1,1760.38
7904,53,1,620.53
7905,25,1,1652.78
7905,15,4,3494.53
7906,10,1,1936.14
7907,99,1,458.92
7907,29,1,4319.5
7907,15,1,3494.53
7907,7,1,1169.34
7907,37,1,1389.36
7908,67,2,464.47
7908,13,3,2131.33
7909,91,1,432.43
7909,65,1,386.47
7910,86,1,443.28
7910,75,2,486.62
7911,28,0,579.08
7911,31,1,1451.87
7911,23,2,2025.31
7911,48,4,1218.45
7912,48,1,1218.45
7912,26,1,1210.27
7912,66,1,728.79
7913,70,1,3359.45
7913,67,2,464.47
7913,23,3,2025.31
7914,100,4,828.75
7915,63,2,293.58
7915,16,1,13450.97
7916,43,2,1760.38
7917,97,2,423.56
7918,69,2,1191.69
7918,7,2,1169.34
7919,97,3,423.56
7919,16,5,13450.97
7919,84,1,605.41
7920,80,3,629.19
7920,1,2,28043.24
7920,37,1,1389.36
7920,3,1,64028.3
7920,92,2,1591.57
7921,13,1,2131.33
7921,9,1,11424.27
7921,72,1,1918.28
7922,41,1,994.52
7922,44,2,6528.88
7923,89,2,366.64
7924,59,1,488.56
7925,12,1,5690.75
7925,2,4,3011.06
7925,29,2,4319.5
7925,75,1,486.62
7926,74,2,1549.39
7926,16,1,13450.97
7926,43,2,1760.38
7927,46,1,253.36
7927,14,1,2714.07
7927,83,3,741.33
7928,69,1,1191.69
7928,58,2,470.58
7929,29,1,4319.5
7929,55,1,1652.62
7929,19,3,1007.13
7930,2,1,3011.06
7931,94,3,265.1
7931,67,1,464.47
7932,13,1,2131.33
7932,74,4,1549.39
7933,97,1,423.56
7934,9999,2,470.58
7935,2,1,3011.06
7936,93,2,186.14
7937,59,2,488.56
7937,28,1,579.08
7937,81,1,641.39
7938,93,2,186.14
7938,71,4,704.54
7938,10,3,1936.14
7938,88,1,457.85
7939,38,3,1342.05
7940,69,1,1191.69
7941,15,2,3494.53
7941,80,1,629.19
7941,44,1,6528.88
7942,35,4,2865.41
7942,16,1,13450.97
7942,91,1,432.43
7943,62,1,398.9
7944,59,1,488.56
7944,71,1,704.54
7945,36,5,601.9
7945,97,5,423.56
7946,76,1,1151.77
7946,4,1,2324.92
7946,45,3,1626.32
7947,72,3,1918.28
7947,29,1,4319.5
7947,8,1,2448.97
7948,22,1,1475.64
7949,79,1,1101.69
7949,51,4,1385.93
7949,96,1,320.77
7950,87,5,979.4
7950,63,3,293.58
7951,8,1,2448.97
7951,43,4,1760.38
7952,27,3,2010.3
7952,75,2,486.62
7952,34,2,709.99
7953,35,4,2865.41
7953,34,4,709.99
7954,43,4,1760.38
7955,88,1,457.85
7955,16,1,13450.97
7955,45,3,1626.32
7956,73,1,1195.7
7956,39,4,1121.52
7957,73,1,1195.7
7957,100,1,828.75
7957,31,2,1451.87
7958,80,4,629.19
7958,38,1,1342.05
7959,61,1,356.45
7959,51,1,1385.93
7959,53,1,620.53
7960,13,5,2131.33
7960,26,3,1210.27
7961,31,2,1451.87
7961,83,2,741.33
7962,9,1,11424.27
7963,18,2,1854.55
7964,42,1,800.81
7965,55,1,1652.62
7965,1,1,28043.24
7965,65,2,386.47
7966,62,1,398.9
7966,92,1,1591.57
7966,74,1,1549.39
7966,85,1,279.38
7966,28,3,579.08
7967,3,2,64028.3
7968,97,1,423.56
7969,34,5,709.99
7969,55,1,1652.62
7969,98,1,322.02
7969,54,1,1639.4
7970,85,3,279.38
7971,1,1,28043.24
7971,64,1,356.43
7972,23,4,2025.31
7972,24,2,2116.77
7973,11,2,9461.52
7973,25,2,1652.78
7973,37,1,1389.36
7974,62,1,398.9
7974,68,5,306.66
7974,88,1,457.85
7975,83,1,741.33
7975,22,3,1475.64
7975,85,3,279.38
7975,65,1,386.47
7975,20,1,7731.56
7976,26,5,1210.27
7976,53,3,620.53
7977,67,3,464.47
7977,62,1,398.9
7978,27,1,2010.3
7979,23,-3,2025.31
7980,81,1,641.39
7980,86,1,443.28
7981,100,3,828.75
7981,97,1,423.56
7981,19,1,1007.13
7982,34,2,709.99
7982,28,1,579.08
7983,90,1,492.26
7984,100,1,828.75
7985,9,1,11424.27
7985,84,3,605.41
7985,5,2,3026.39
7986,31,1,1451.87
7986,88,3,457.85
7986,87,2,979.4
7986,99,1,458.92
7987,75,2,486.62
7987,2,1,3011.06
7987,80,2,629.19
7987,72,1,1918.28
7988,68,3,306.66
7988,85,1,279.38
7988,6,1,22709.9
7988,32,3,910.33
7988,90,2,492.26
7989,23,2,2025.31
7990,14,1,2714.07
7990,5,1,3026.39
7990,38,1,1342.05
7991,27,3,2010.3
7992,29,3,4319.5
7992,16,2,13450.97
7993,86,2,443.28
7994,59,5,488.56
7995,15,1,3494.53
7995,52,1,3818.59
7995,42,1,800.81
7996,95,3,744.54
7996,12,1,5690.75
7996,27,1,2010.3
7996,48,3,1218.45
7996,52,1,3818.59
7997,96,2,320.77
7997,13,2,2131.33
7997,55,2,1652.62
7998,65,1,386.47
7999,87,1,979.4
7999,7,4,1169.34
7999,51,2,1385.93
7999,1,2,28043.24
8000,58,2,470.58
8000,49,1,1254.37
8001,82,2,300.41
8001,21,4,836.3
8001,60,5,579.94
8002,35,5,2865.41
8002,67,4,464.47
8003,26,3,1210.27
8003,99,1,458.92
8003,56,1,868.37
8003,19,2,1007.13
8004,18,1,1854.55
8004,63,2,293.58
8005,81,2,641.39
8005,45,2,1626.32
8005,93,2,186.14
8006,12,4,5690.75
8007,97,3,423.56
8007,2,1,3011.06
8007,5,1,3026.39
8008,13,5,2131.33
8009,68,1,306.66
8010,56,3,868.37
8010,59,1,488.56
8010,4,1,2324.92
8011,73,1,1195.7
8012,21,1,836.3
8013,33,1,312.93
8014,70,1,3359.45
8014,93,1,186.14
8014,47,1,493.52
8015,78,2,876.32
8015,55,1,1652.62
8016,98,2,322.02
8016,86,1,443.28
8016,40,3,1418.4
8016,71,1,704.54
8017,42,1,800.81
8017,92,2,1591.57
8018,76,1,1151.77
8018,58,1,470.58
8019,6,1,22709.9
8019,84,2,605.41
8020,57,1,1180.99
8021,77,1,1315.33
8021,97,1,423.56
8021,3,1,64028.3
8021,68,1,306.66
8021,50,1,1105.68
8022,42,1,800.81
8023,28,2,579.08
8023,57,1,1180.99
8024,97,1,423.56
8024,29,1,4319.5
8024,22,2,1475.64
8025,48,2,1218.45
8026,75,0,486.62
8027,3,2,64028.3
8028,62,2,398.9
8028,6,1,22709.9
8028,17,1,2276.26
8029,67,2,464.47
8029,46,2,253.36
8030,83,1,741.33
8031,64,1,356.43
8031,88,4,457.85
8032,16,1,13450.97
8032,89,5,366.64
8032,93,2,186.14
8032,64,1,356.43
8033,84,2,605.41
8034,29,1,4319.5
8034,77,2,1315.33
8035,57,1,1180.99
8035,24,1,2116.77
8036,41,1,994.52
8036,81,1,641.39
8037,45,1,1626.32
8037,43,1,1760.38
8038,56,1,868.37
8038,68,2,306.66
8039,64,1,356.43
8039,43,1,1760.38
8039,36,1,601.9
8040,60,1,579.94
8040,67,1,464.47
8040,33,1,312.93
8041,93,3,186.14
8041,90,1,492.26
8041,84,1,605.41
8042,75,2,486.62
8043,9,1,11424.27
8044,72,1,1918.28
8044,1,1,28043.24
8045,5,3,3026.39
8046,67,3,464.47
8046,57,1,1180.99
8047,61,3,356.45
8047,91,1,432.43
8048,42,4,800.81
8049,39,3,1121.52
8049,6,1,22709.9
8050,38,1,1342.05
8050,67,1,464.47
8050,70,1,3359.45
8051,64,1,356.43
8052,28,1,579.08
8052,100,1,828.75
8053,69,1,1191.69
8053,98,3,322.02
8053,40,1,1418.4
8054,76,1,1151.77
8054,38,4,1342.05
8054,20,2,7731.56
8054,37,1,1389.36
8054,2,2,3011.06
8055,20,1,7731.56
8056,96,4,320.77
8056,9,1,11424.27
8056,31,1,1451.87
8056,99,2,458.92
8056,20,1,7731.56
8057,42,3,800.81
8058,25,1,1652.78
8058,88,1,457.85
8059,61,1,356.45
8060,33,1,312.93
8060,14,1,2714.07
8060,32,1,910.33
8061,91,1,432.43
8061,44,5,6528.88
8061,22,1,1475.64
8061,56,2,868.37
8062,29,1,4319.5
8062,61,2,356.45
8063,34,2,709.99
8063,80,1,629.19
8064,49,5,1254.37
8065,74,1,1549.39
8065,42,1,800.81
8066,59,1,488.56
8066,31,1,1451.87
8066,51,1,1385.93
8067,4,2,2324.92
8067,68,2,306.66
8067,36,2,601.9
8067,42,4,800.81
8068,76,1,1151.77
8068,43,3,1760.38
8068,65,3,386.47
8068,77,1,1315.33
8068,99,2,458.92
8069,52,1,3818.59
8069,33,4,312.93
8069,61,1,356.45
8069,63,2,293.58
8070,29,1,4319.5
8070,1,2,28043.24
8070,22,1,1475.64
8071,96,1,320.77
8071,6,2,22709.9
8071,99,1,458.92
8071,54,-3,1639.4
8071,98,1,322.02
8072,80,3,629.19
8073,51,1,1385.93
8074,44,1,6528.88
8074,34,1,709.99
8075,33,1,312.93
8076,59,2,488.56
8077,60,1,579.94
8078,26,4,1210.27
8078,65,2,386.47
8078,14,1,2714.07
8078,16,1,13450.97
8078,96,1,320.77
8079,49,3,1254.37
8079,91,1,432.43
8079,29,1,4319.5
8079,15,1,3494.53
8079,27,3,2010.3
8080,6,1,22709.9
8080,56,2,868.37
8080,5,2,3026.39
8081,41,2,994.52
8081,91,1,432.43
8081,14,4,2714.07
8081,82,1,300.41
8082,15,1,3494.53
8082,84,1,605.41
8083,92,1,1591.57
8083,2,1,3011.06
8083,47,1,493.52
8083,45,5,1626.32
8084,74,3,1549.39
8084,33,1,312.93
8085,16,1,13450.97
8085,84,2,605.41
8085,5,2,3026.39
8085,88,1,457.85
8085,52,1,3818.59
8086,68,1,306.66
8086,56,4,868.37
8087,45,3,1626.32
8087,26,5,1210.27
8088,59,1,488.56
8088,96,1,320.77
8088,64,2,356.43
8089,19,3,1007.13
8089,90,1,492.26
8089,14,3,2714.07
8090,19,2,1007.13
8090,62,2,398.9
8090,98,2,322.02
8090,27,4,2010.3
8091,30,1,3480.53
8092,61,1,356.45
8093,2,3,3011.06
8094,63,1,293.58
8094,87,1,979.4
8095,19,1,1007.13
8095,66,1,728.79
8095,7,1,1169.34
8096,97,2,423.56
8097,72,1,1918.28
8097,64,1,356.43
8097,54,1,1639.4
8098,62,1,398.9
8099,18,4,1854.55
8099,41,2,994.52
8100,54,3,1639.4
8100,49,3,1254.37
8101,77,1,1315.33
8101,3,2,64028.3
8102,52,3,3818.59
8103,2,2,3011.06
8103,95,2,744.54
8104,4,1,2324.92
8104,18,1,1854.55
8105,55,4,1652.62
8106,72,1,1918.28
8106,67,1,464.47
8107,13,2,2131.33
8108,71,1,704.54
8108,30,1,3480.53
8108,10,5,1936.14
8109,34,1,709.99
8110,18,1,1854.55
8110,45,2,1626.32
8110,9,2,11424.27
8110,46,2,253.36
8110,7,3,1169.34
8111,32,1,910.33
8111,53,1,620.53
8112,52,2,3818.59
8113,4,1,2324.92
8113,90,2,492.26
8113,8,4,2448.97
8114,47,1,493.52
8114,96,1,320.77
8114,54,2,1639.4
8115,44,2,6528.88
8115,17,1,2276.26
8116,71,1,704.54
8117,37,1,1389.36
8118,89,3,366.64
8119,77,1,1315.33
8120,16,2,13450.97
8120,28,1,579.08
8120,34,2,709.99
8121,19,2,1007.13
8121,25,1,1652.78
8122,28,1,579.08
8122,48,1,1218.45
8122,15,1,3494.53
8122,90,3,492.26
8122,93,1,186.14
8123,24,1,2116.77
8124,9999,4,910.33
8125,47,1,493.52
8125,33,4,312.93
8126,79,2,1101.69
8127,45,3,1626.32
8127,80,2,629.19
8128,16,2,13450.97
8128,47,4,493.52
8129,56,2,868.37
8129,26,1,1210.27
8130,38,1,1342.05
8131,4,1,2324.92
8131,14,1,2714.07
8132,2,1,3011.06
8132,18,4,1854.55
8132,79,2,1101.69
8133,86,1,443.28
8134,42,2,800.81
8134,97,2,423.56
8134,3,2,64028.3
8135,66,2,728.79
8135,3,1,64028.3
8136,15,1,3494.53
8136,19,1,1007.13
8137,22,2,1475.64
8137,38,1,1342.05
8137,28,3,579.08
8138,81,3,641.39
8138,55,1,1652.62
8138,11,1,9461.52
8138,68,2,306.66
8139,51,2,1385.93
8139,72,1,1918.28
8140,33,1,312.93
8141,19,4,1007.13
8142,86,2,443.28
8142,62,1,398.9
8143,62,2,398.9
8144,56,1,868.37
8145,39,2,1121.52
8145,58,1,470.58
8146,15,2,3494.53
8147,9,2,11424.27
8148,97,2,423.56
8148,53,2,620.53
8149,50,5,1105.68
8149,94,1,265.1
8150,97,4,423.56
8151,93,3,186.14
8152,17,1,2276.26
8152,35,1,2865.41
8153,17,1,2276.26
8154,53,2,620.53
8155,2,1,3011.06
8155,32,1,910.33
8155,62,3,398.9
8156,29,1,4319.5
8157,99,2,458.92
8158,93,1,186.14
8158,22,1,1475.64
8159,65,1,386.47
8159,41,4,994.52
8159,98,1,322.02
8159,21,1,836.3
8160,2,1,3011.06
8161,30,1,3480.53
8162,50,4,1105.68
8163,60,1,579.94
8163,52,5,3818.59
8163,3,3,64028.3
8164,14,1,2714.07
8165,76,1,1151.77
8166,58,2,470.58
8166,47,2,493.52
8167,94,2,265.1
8167,85,1,279.38
8168,59,1,488.56
8168,74,1,1549.39
8169,56,2,868.37
8169,18,2,1854.55
8170,100,1,828.75
8170,75,1,486.62
8171,46,1,253.36
8172,57,1,1180.99
8172,7,5,1169.34
8172,47,1,493.52
8172,16,3,13450.97
8173,58,1,470.58
8174,62,1,398.9
8175,13,1,2131.33
8175,67,1,464.47
8175,29,1,4319.5
8176,55,2,1652.62
8176,8,2,2448.97
8177,32,5,910.33
8178,9,2,11424.27
8179,92,1,1591.57
8179,37,2,1389.36
8180,32,1,910.33
8180,86,1,443.28
8180,59,2,488.56
8181,75,1,486.62
8181,41,1,994.52
8181,67,4,464.47
8182,33,2,312.93
8183,61,2,356.45
8183,21,1,836.3
8183,42,2,800.81
8183,41,2,994.52
8184,16,1,13450.97
8184,33,1,312.93
8184,93,1,186.14
8184,86,1,443.28
8184,81,3,641.39
8185,13,1,2131.33
8186,15,1,3494.53
8186,58,4,470.58
8187,9,4,11424.27
8188,49,2,1254.37
8188,36,5,601.9
8188,31,3,1451.87
8188,42,1,800.81
8188,87,2,979.4
8189,72,4,1918.28
8190,76,2,1151.77
8191,10,3,1936.14
8192,61,2,356.45
8192,59,1,488.56
8192,5,1,3026.39
8193,57,2,1180.99
8193,13,3,2131.33
8193,79,2,1101.69
8194,13,1,2131.33
8194,48,1,1218.45
8194,56,1,868.37
8195,73,1,1195.7
8196,61,3,356.45
8197,30,1,3480.53
8197,69,2,1191.69
8198,76,1,1151.77
8199,30,1,3480.53
8199,46,1,253.36
8200,5,1,3026.39
8200,79,1,1101.69
8200,49,1,1254.37
8201,40,1,1418.4
8201,77,3,1315.33
8201,83,3,741.33
8202,7,1,1169.34
8203,31,5,1451.87
8204,51,1,1385.93
8204,30,2,3480.53
8205,33,1,312.93
8205,55,1,1652.62
8206,66,2,728.79
8207,71,2,704.54
8207,94,1,265.1
8207,84,1,605.41
8208,3,1,64028.3
8208,11,2,9461.52
8208,96,1,320.77
8209,74,2,1549.39
8209,97,1,423.56
8210,64,1,356.43
8210,79,4,1101.69
8211,33,1,312.93
8211,34,-2,709.99
8211,83,1,741.33
8212,93,1,186.14
8212,68,2,306.66
8213,61,1,356.45
8213,82,1,300.41
8214,74,2,1549.39
8214,62,1,398.9
8215,7,5,1169.34
8216,3,1,64028.3
8217,88,4,457.85
8217,52,1,3818.59
8217,94,1,265.1
8218,42,1,800.81
8219,47,1,493.52
8219,63,1,293.58
8220,24,2,2116.77
8220,68,1,306.66
8221,51,1,1385.93
8221,68,1,306.66
8221,96,1,320.77
8222,96,1,320.77
8222,51,2,1385.93
8222,19,2,1007.13
8222,48,1,1218.45
8223,18,3,1854.55
8223,80,1,629.19
8223,24,4,2116.77
8224,64,2,356.43
8224,40,4,1418.4
8224,86,2,443.28
8224,54,1,1639.4
8224,41,1,994.52
8225,58,2,470.58
8226,45,2,1626.32
8227,22,1,1475.64
8228,51,1,1385.93
8228,71,2,704.54
8229,92,1,1591.57
8229,63,2,293.58
8230,49,1,1254.37
8230,77,2,1315.33
8230,56,1,868.37
8230,95,1,744.54
8231,33,1,312.93
8232,20,2,7731.56
8233,46,1,253.36
8233,99,2,458.92
8234,18,3,1854.55
8235,26,2,1210.27
8235,54,2,1639.4
8235,67,1,464.47
8235,74,3,1549.39
8236,53,1,620.53
8237,28,4,579.08
8238,58,1,470.58
8238,4,3,2324.92
8239,52,1,3818.59
8239,65,1,386.47
8239,14,1,2714.07
8240,8,1,2448.97
8240,30,2,3480.53
8241,9999,1,704.54
8242,82,1,300.41
8243,28,1,579.08
8243,65,1,386.47
8243,40,1,1418.4
8244,16,1,13450.97
8244,24,1,2116.77
8244,60,1,579.94
8244,63,1,293.58
8244,45,1,1626.32
8245,99,1,458.92
8245,50,1,1105.68
8246,89,-1,366.64
8246,24,2,2116.77
8247,24,1,2116.77
8248,6,2,22709.9
8249,81,2,641.39
8249,84,1,605.41
8249,68,3,306.66
8250,57,1,1180.99
8250,23,1,2025.31
8251,57,1,1180.99
8251,51,1,1385.93
8252,61,1,356.45
8252,10,1,1936.14
8252,93,1,186.14
8253,13,2,2131.33
8254,51,2,1385.93
8254,65,1,386.47
8254,55,1,1652.62
8255,55,1,1652.62
8255,14,1,2714.07
8255,42,1,800.81
8255,12,2,5690.75
8256,38,1,1342.05
8257,12,4,5690.75
8257,36,1,601.9
8258,26,4,1210.27
8259,79,3,1101.69
8259,60,1,579.94
8259,35,1,2865.41
8260,25,1,1652.78
8261,48,3,1218.45
8261,80,2,629.19
8261,67,4,464.47
8261,23,2,2025.31
8262,72,1,1918.28
8262,96,1,320.77
8262,45,2,1626.32
8263,88,1,457.85
8264,5,2,3026.39
8264,91,1,432.43
8265,27,2,2010.3
8266,84,1,605.41
8267,66,1,728.79
8267,15,1,3494.53
8267,44,1,6528.88
8268,9,1,11424.27
8268,47,1,493.52
8268,89,1,366.64
8269,27,2,2010.3
8269,54,1,1639.4
8269,45,2,1626.32
8270,64,1,356.43
8270,29,2,4319.5
8270,40,2,1418.4
8271,91,2,432.43
8271,39,1,1121.52
8271,68,1,306.66
8272,15,1,3494.53
8272,14,1,2714.07
8272,13,2,2131.33
8273,13,1,2131.33
8273,87,1,979.4
8274,56,1,868.37
8274,12,1,5690.75
8275,82,2,300.41
8275,49,1,1254.37
8276,23,4,2025.31
8277,4,1,2324.92
8278,18,1,1854.55
8279,39,1,1121.52
8280,19,1,1007.13
8280,45,4,1626.32
8281,85,3,279.38
8281,80,1,629.19
8282,71,3,704.54
8282,89,2,366.64
8283,12,3,5690.75
8284,59,2,488.56
8284,70,1,3359.45
8284,80,2,629.19
8284,37,2,1389.36
8285,24,5,2116.77
8285,97,3,423.56
8285,62,1,398.9
8285,20,3,7731.56
8286,40,1,1418.4
8286,78,1,876.32
8287,79,1,1101.69
8287,91,1,432.43
8287,43,2,1760.38
8288,19,1,1007.13
8288,35,1,2865.41
8288,32,1,910.33
8288,7,3,1169.34
8289,63,1,293.58
8290,75,1,486.62
8290,70,1,3359.45
8290,25,4,1652.78
8290,15,2,3494.53
8290,32,1,910.33
8291,94,1,265.1
8291,92,2,1591.57
8291,43,3,1760.38
8292,81,1,641.39
8292,99,1,458.92
8292,4,1,2324.92
8293,99,1,458.92
8293,20,2,7731.56
8293,27,1,2010.3
8293,38,1,1342.05
8293,3,1,64028.3
8294,15,1,3494.53
8294,100,2,828.75
8294,52,1,3818.59
8294,2,1,3011.06
8295,10,2,1936.14
8295,61,2,356.45
8295,64,1,356.43
8295,81,2,641.39
8296,57,1,1180.99
8296,7,2,1169.34
8297,26,5,1210.27
8297,34,2,709.99
8298,49,1,1254.37
8299,90,1,492.26
8299,62,1,398.9
8299,51,3,1385.93
8299,1,1,28043.24
8299,79,1,1101.69
8300,21,1,836.3
8301,99,1,458.92
8301,3,2,64028.3
8301,69,2,1191.69
8301,76,1,1151.77
8302,73,1,1195.7
8303,89,2,366.64
8303,67,5,464.47
8304,52,3,3818.59
8304,24,3,2116.77
8305,10,5,1936.14
8305,57,1,1180.99
8305,21,5,836.3
8305,67,2,464.47
8306,23,1,2025.31
8307,61,1,356.45
8308,31,1,1451.87
8309,82,4,300.41
8309,94,1,265.1
8310,90,2,492.26
8310,27,-1,2010.3
8311,4,1,2324.92
8312,7,1,1169.34
8312,75,2,486.62
8313,12,3,5690.75
8313,81,2,641.39
8313,98,1,322.02
8313,46,2,253.36
8313,18,4,1854.55
8314,35,1,2865.41
8314,92,1,1591.57
8314,9,1,11424.27
8314,45,1,1626.32
8314,79,1,1101.69
8315,42,2,800.81
8315,32,1,910.33
8316,85,1,279.38
8317,82,3,300.41
8318,17,2,2276.26
8319,32,2,910.33
8320,62,2,398.9
8320,55,1,1652.62
8320,64,1,356.43
8321,37,1,1389.36
8321,34,1,709.99
8321,51,2,1385.93
8322,84,1,605.41
8323,45,1,1626.32
8324,61,2,356.45
8325,23,1,2025.31
8326,88,1,457.85
8326,49,1,1254.37
8326,6,1,22709.9
8326,83,1,741.33
8326,67,2,464.47
8327,20,1,7731.56
8328,95,1,744.54
8328,97,1,423.56
8329,90,1,492.26
8329,23,2,2025.31
8330,65,1,386.47
8331,100,3,828.75
8331,92,1,1591.57
8332,18,3,1854.55
8333,87,2,979.4
8333,15,2,3494.53
8334,25,1,1652.78
8334,64,3,356.43
8334,32,2,910.33
8334,9,3,11424.27
8335,39,1,1121.52
8336,81,1,641.39
8337,8,1,2448.97
8337,45,1,1626.32
8338,11,2,9461.52
8339,93,1,186.14
8339,54,1,1639.4
8339,99,3,458.92
8339,91,1,432.43
8339,67,1,464.47
8340,81,1,641.39
8341,18,1,1854.55
8342,10,1,1936.14
8342,70,1,3359.45
8342,6,1,22709.9
8342,86,5,443.28
8342,37,1,1389.36
8343,93,4,186.14
8343,16,1,13450.97
8344,84,1,605.41
8345,67,2,464.47
8345,15,1,3494.53
8346,66,2,728.79
8347,37,3,1389.36
8348,82,2,300.41
8349,98,1,322.02
8350,11,2,9461.52
8351,56,2,868.37
8352,46,1,253.36
8353,67,2,464.47
8353,1,2,28043.24
8354,51,3,1385.93
8354,77,2,1315.33
8354,86,1,443.28
8355,55,1,1652.62
8355,83,1,741.33
8355,21,1,836.3
8356,11,2,9461.52
8356,38,1,1342.05
8356,35,1,2865.41
8356,44,1,6528.88
8356,83,1,741.33
8357,93,1,186.14
8357,43,3,1760.38
8358,86,1,443.28
8358,21,1,836.3
8358,32,1,910.33
8358,69,-3,1191.69
8359,31,1,1451.87
8360,9,1,11424.27
8361,83,1,741.33
8362,85,1,279.38
8363,97,-3,423.56
8363,75,1,486.62
8364,35,1,2865.41
8364,95,2,744.54
8364,44,1,6528.88
8365,62,3,398.9
8365,73,1,1195.7
8365,38,1,1342.05
8365,48,1,1218.45
8366,39,1,1121.52
8367,51,3,1385.93
8367,34,3,709.99
8368,65,1,386.47
8368,88,1,457.85
8369,40,2,1418.4
8369,58,1,470.58
8370,12,1,5690.75
8370,76,1,1151.77
8370,10,1,1936.14
8371,28,1,579.08
8371,14,4,2714.07
8371,77,3,1315.33
8371,63,2,293.58
8372,13,5,2131.33
8372,33,1,312.93
8372,15,4,3494.53
8372,5,1,3026.39
8373,98,1,322.02
8373,41,2,994.52
8373,91,2,432.43
8373,93,2,186.14
8374,86,1,443.28
8375,97,1,423.56
8375,40,1,1418.4
8375,49,1,1254.37
8376,19,3,1007.13
8376,39,3,1121.52
8377,50,1,1105.68
8377,90,2,492.26
8377,23,1,2025.31
8377,33,1,312.93
8378,93,1,186.14
8378,85,1,279.38
8379,52,3,3818.59
8379,65,3,386.47
8380,23,1,2025.31
8380,55,4,1652.62
8380,28,1,579.08
8381,45,1,1626.32
8381,97,5,423.56
8381,56,2,868.37
8382,68,2,306.66
8383,47,5,493.52
8384,85,2,279.38
8384,68,4,306.66
8385,28,1,579.08
8385,69,1,1191.69
8385,62,1,398.9
8386,84,3,605.41
8386,51,2,1385.93
8387,54,1,1639.4
8388,50,3,1105.68
8389,96,4,320.77
8390,16,1,13450.97
8391,51,2,1385.93
8391,5,1,3026.39
8391,3,1,64028.3
8392,11,4,9461.52
8392,48,1,1218.45
8392,95,2,744.54
8393,22,1,1475.64
8393,61,1,356.45
8394,86,1,443.28
8394,18,3,1854.55
8394,96,2,320.77
8395,99,4,458.92
8395,47,1,493.52
8395,68,1,306.66
8396,19,1,1007.13
8397,16,3,13450.97
8397,84,1,605.41
8398,90,1,492.26
8398,15,2,3494.53
8398,66,1,728.79
8399,38,1,1342.05
8400,82,2,300.41
8401,25,1,1652.78
8401,76,1,1151.77
8401,98,1,322.02
8402,85,1,279.38
8402,31,1,1451.87
8403,62,1,398.9
8403,41,3,994.52
8404,63,1,293.58
8404,18,3,1854.55
8404,36,3,601.9
8405,18,1,1854.55
8405,82,3,300.41
8406,99,1,458.92
8406,52,5,3818.59
8407,95,2,744.54
8408,64,2,356.43
8408,42,2,800.81
8409,76,1,1151.77
8409,8,1,2448.97
8410,17,2,2276.26
8410,8,3,2448.97
8410,42,1,800.81
8410,96,2,320.77
8410,67,3,464.47
8411,22,2,1475.64
8411,60,1,579.94
8412,66,2,728.79
8412,72,4,1918.28
8413,22,2,1475.64
8413,59,4,488.56
8414,29,2,4319.5
8414,24,2,2116.77
8415,96,1,320.77
8415,3,2,64028.3
8416,42,1,800.81
8416,83,3,741.33
8417,66,1,728.79
8417,39,1,1121.52
8418,69,1,1191.69
8418,85,2,279.38
8418,86,1,443.28
8419,89,3,366.64
8419,97,4,423.56
8419,93,1,186.14
8419,80,1,629.19
8420,31,2,1451.87
8420,55,1,1652.62
8421,11,3,9461.52
8421,48,4,1218.45
8422,75,2,486.62
8423,38,1,1342.05
8423,93,1,186.14
8423,17,1,2276.26
8424,34,1,709.99
8424,16,1,13450.97
8425,39,1,1121.52
8426,8,-3,2448.97
8426,77,2,1315.33
8427,1,2,28043.24
8428,23,1,2025.31
8429,46,1,253.36
8429,40,1,1418.4
8429,54,1,1639.4
8429,53,1,620.53
8430,81,1,641.39
8430,45,1,1626.32
8430,66,3,728.79
8430,48,2,1218.45
8431,27,1,2010.3
8431,33,1,312.93
8432,76,1,1151.77
8433,37,1,1389.36
8433,80,2,629.19
8434,46,1,253.36
8435,73,1,1195.7
8435,12,4,5690.75
8435,62,1,398.9
8435,6,1,22709.9
8436,55,2,1652.62
8437,73,2,1195.7
8437,81,1,641.39
8437,88,3,457.85
8437,43,2,1760.38
8438,63,2,293.58
8439,92,2,1591.57
8439,63,1,293.58
8440,24,1,2116.77
8440,76,1,1151.77
8441,84,2,605.41
8441,7,2,1169.34
8441,9999,2,398.9
8442,88,1,457.85
8443,39,2,1121.52
8444,71,1,704.54
8444,36,1,601.9
8444,96,3,320.77
8445,86,1,443.28
8445,15,2,3494.53
8446,90,1,492.26
8447,21,4,836.3
8447,67,1,464.47
8447,85,3,279.38
8447,52,2,3818.59
8448,79,2,1101.69
8448,19,1,1007.13
8448,30,1,3480.53
8448,77,1,1315.33
8449,98,2,322.02
8449,29,1,4319.5
8450,28,4,579.08
8450,26,1,1210.27
8451,35,1,2865.41
8451,13,1,2131.33
8452,44,2,6528.88
8452,39,1,1121.52
8452,50,3,1105.68
8453,61,1,356.45
8453,72,1,1918.28
8454,67,1,464.47
8454,2,2,3011.06
8455,92,3,1591.57
8456,73,1,1195.7
8456,33,1,312.93
8456,21,3,836.3
8457,37,1,1389.36
8458,69,2,1191.69
8458,37,1,1389.36
8458,99,1,458.92
8459,69,2,1191.69
8460,72,1,1918.28
8460,60,3,579.94
8460,88,1,457.85
8461,1,1,28043.24
8461,97,1,423.56
8462,60,1,579.94
8462,76,2,1151.77
8463,69,3,1191.69
8463,83,1,741.33
8463,66,1,728.79
8464,38,4,1342.05
8464,2,1,3011.06
8464,31,1,1451.87
8465,82,1,300.41
8466,20,2,7731.56
8466,79,2,1101.69
8466,96,3,320.77
8467,62,5,398.9
8467,55,3,1652.62
8468,45,3,1626.32
8469,20,1,7731.56
8470,94,1,265.1
8470,1,2,28043.24
8471,10,1,1936.14
8471,34,1,709.99
8471,81,2,641.39
8471,5,5,3026.39
8472,37,1,1389.36
8472,90,1,492.26
8472,14,2,2714.07
8473,93,1,186.14
8474,20,1,7731.56
8474,10,2,1936.14
8475,78,5,876.32
8476,71,1,704.54
8476,37,3,1389.36
8476,62,2,398.9
8476,1,4,28043.24
8477,26,1,1210.27
8477,31,3,1451.87
8477,49,1,1254.37
8477,13,2,2131.33
8478,8,1,2448.97
8478,15,4,3494.53
8478,45,1,1626.32
8478,52,1,3818.59
8479,88,2,457.85
8479,65,1,386.47
8479,81,3,641.39
8480,52,1,3818.59
8480,23,1,2025.31
8480,65,3,386.47
8481,87,1,979.4
8481,82,2,300.41
8482,23,1,2025.31
8483,47,2,493.52
8483,4,1,2324.92
8483,91,1,432.43
8484,16,2,13450.97
8484,91,1,432.43
8485,20,1,7731.56
8485,44,1,6528.88
8486,45,2,1626.32
8487,90,1,492.26
8488,13,2,2131.33
8488,27,1,2010.3
8489,43,2,1760.38
8489,69,1,1191.69
8490,80,1,629.19
8491,43,1,1760.38
8491,13,1,2131.33
8492,87,2,979.4
8492,66,2,728.79
8492,55,3,1652.62
8492,98,3,322.02
8493,84,1,605.41
8493,43,2,1760.38
8494,26,3,1210.27
8495,33,5,312.93
8496,56,2,868.37
8496,99,1,458.92
8496,58,1,470.58
8497,88,1,457.85
8497,71,1,704.54
8498,10,1,1936.14
8498,34,1,709.99
8498,23,1,2025.31
8499,52,1,3818.59
8500,97,1,423.56
8500,43,1,1760.38
8501,83,1,741.33
8501,29,2,4319.5
8502,83,1,741.33
8503,64,1,356.43
8503,37,1,1389.36
8503,72,3,1918.28
8503,45,2,1626.32
8503,24,1,2116.77
8504,51,1,1385.93
8505,12,1,5690.75
8506,62,1,398.9
8507,74,1,1549.39
8507,92,2,1591.57
8507,64,4,356.43
8508,16,1,13450.97
8508,59,2,488.56
8508,18,1,1854.55
8509,21,1,836.3
8509,40,1,1418.4
8509,61,1,356.45
8509,35,2,2865.41
8510,20,3,7731.56
8511,9,2,11424.27
8511,58,1,470.58
8512,73,2,1195.7
8512,93,1,186.14
8512,41,3,994.52
8513,17,1,2276.26
8514,15,1,3494.53
8514,58,1,470.58
8515,71,2,704.54
8516,72,1,1918.28
8517,29,1,4319.5
8518,40,1,1418.4
8518,66,3,728.79
8518,25,1,1652.78
8519,22,2,1475.64
8520,77,2,1315.33
8520,1,1,28043.24
8520,95,1,744.54
8521,30,1,3480.53
8521,9,2,11424.27
8521,51,3,1385.93
8521,59,1,488.56
8522,69,2,1191.69
8523,10,2,1936.14
8523,44,2,6528.88
8523,25,1,1652.78
8524,6,1,22709.9
8525,96,2,320.77
8525,65,1,386.47
8525,99,3,458.92
8526,14,1,2714.07
8527,28,2,579.08
8527,98,1,322.02
8528,71,1,704.54
8528,60,1,579.94
8529,32,1,910.33
8529,8,1,2448.97
8530,22,1,1475.64
8530,62,4,398.9
8530,42,1,800.81
8531,38,3,1342.05
8531,3,2,64028.3
8532,14,1,2714.07
8533,98,3,322.02
8533,2,1,3011.06
8534,95,3,744.54
8534,93,1,186.14
8535,78,2,876.32
8535,35,1,2865.41
8535,46,3,253.36
8536,66,3,728.79
8537,29,1,4319.5
8538,85,1,279.38
8538,48,1,1218.45
8539,26,1,1210.27
8539,79,1,1101.69
8539,7,1,1169.34
8539,83,2,741.33
8540,50,1,1105.68
8540,30,1,3480.53
8541,41,1,994.52
8542,65,3,386.47
8542,77,1,1315.33
8543,34,2,709.99
8544,2,1,3011.06
8544,96,1,320.77
8544,17,1,2276.26
8544,97,2,423.56
8545,10,1,1936.14
8546,93,2,186.14
8546,79,4,1101.69
8546,45,1,1626.32
8547,83,3,741.33
8548,94,1,265.1
8549,14,1,2714.07
8549,71,1,704.54
8549,31,3,1451.87
8549,26,1,1210.27
8549,59,1,488.56
8550,9,1,11424.27
8551,71,2,704.54
8552,83,-1,741.33
8552,8,1,2448.97
8553,99,1,458.92
8553,36,2,601.9
8553,6,2,22709.9
8553,55,2,1652.62
8554,71,1,704.54
8555,23,1,2025.31
8555,91,1,432.43
8555,27,1,2010.3
8556,93,2,186.14
8556,79,2,1101.69
8557,76,2,1151.77
8557,63,2,293.58
8558,10,1,1936.14
8558,15,2,3494.53
8559,46,1,253.36
8559,99,2,458.92
8559,26,1,1210.27
8559,43,4,1760.38
8559,42,4,800.81
8560,19,1,1007.13
8560,58,2,470.58
8560,61,3,356.45
8561,58,1,470.58
8562,54,2,1639.4
8562,75,3,486.62
8563,6,3,22709.9
8563,20,1,7731.56
8563,13,1,2131.33
8563,3,2,64028.3
8564,18,1,1854.55
8564,14,2,2714.07
8565,1,1,28043.24
8565,23,1,2025.31
8565,38,1,1342.05
8565,74,1,1549.39
8565,24,2,2116.77
8566,3,1,64028.3
8567,89,1,366.64
8567,19,1,1007.13
8567,36,1,601.9
8568,69,1,1191.69
8568,2,2,3011.06
8569,19,1,1007.13
8570,81,1,641.39
8571,51,1,1385.93
8571,12,1,5690.75
8571,16,4,13450.97
8571,10,2,1936.14
8572,58,1,470.58
8572,74,2,1549.39
8572,13,4,2131.33
8572,42,1,800.81
8573,24,1,2116.77
8574,41,2,994.52
8575,91,3,432.43
8575,15,1,3494.53
8575,20,2,7731.56
8576,77,1,1315.33
8576,52,1,3818.59
8576,68,1,306.66
8576,36,1,601.9
8576,29,1,4319.5
8577,29,1,4319.5
8578,30,1,3480.53
8579,68,1,306.66
8580,54,1,1639.4
8580,32,1,910.33
8581,9,4,11424.27
8582,46,3,253.36
8582,21,1,836.3
8583,7,2,1169.34
8584,18,1,1854.55
8585,46,2,253.36
8586,87,2,979.4
8587,49,1,1254.37
8587,12,3,5690.75
8587,2,1,3011.06
8588,72,1,1918.28
8588,3,1,64028.3
8588,53,3,620.53
8589,100,1,828.75
8589,31,1,1451.87
8589,66,1,728.79
8590,84,1,605.41
8591,90,2,492.26
8592,91,1,432.43
8592,14,2,2714.07
8593,97,2,423.56
8593,57,3,1180.99
8593,8,3,2448.97
8593,88,2,457.85
8593,6,3,22709.9
8594,18,3,1854.55
8594,38,1,1342.05
8595,46,1,253.36
8595,81,1,641.39
8595,58,1,470.58
8595,13,2,2131.33
8596,75,1,486.62
8596,85,4,279.38
8596,84,4,605.41
8596,50,1,1105.68
8597,28,1,579.08
8597,88,1,457.85
8597,91,4,432.43
8597,11,2,9461.52
8598,91,1,432.43
8598,4,5,2324.92
8599,61,3,356.45
8600,31,1,1451.87
8601,24,1,2116.77
8602,61,1,356.45
8602,99,2,458.92
8602,18,1,1854.55
8603,63,2,293.58
8603,96,1,320.77
8603,87,1,979.4
8603,15,2,3494.53
8603,28,2,579.08
8604,29,1,4319.5
8604,10,1,1936.14
8604,50,2,1105.68
8605,99,1,458.92
8606,79,1,1101.69
8606,22,3,1475.64
8607,17,1,2276.26
8607,8,1,2448.97
8608,39,1,1121.52
8608,84,1,605.41
8609,81,1,641.39
8610,96,3,320.77
8610,10,2,1936.14
8610,32,1,910.33
8610,85,1,279.38
8610,77,1,1315.33
8611,10,2,1936.14
8611,28,1,579.08
8612,22,2,1475.64
8612,54,3,1639.4
8613,53,2,620.53
8614,17,3,2276.26
8614,24,3,2116.77
8614,85,1,279.38
8615,70,1,3359.45
8616,60,2,579.94
8616,31,4,1451.87
8617,50,1,1105.68
8617,42,4,800.81
8617,20,3,7731.56
8617,74,2,1549.39
8618,81,1,641.39
8619,51,-1,1385.93
8619,28,2,579.08
8619,20,1,7731.56
8619,65,3,386.47
8620,91,1,432.43
8620,65,1,386.47
8621,5,2,3026.39
8622,62,2,398.9
8622,14,2,2714.07
8623,16,1,13450.97
8624,11,3,9461.52
8625,9999,3,300.41
8626,84,3,605.41
8627,75,2,486.62
8627,30,2,3480.53
8628,55,1,1652.62
8629,5,1,3026.39
8630,78,1,876.32
8631,91,2,432.43
8632,61,1,356.45
8632,47,2,493.52
8632,83,3,741.33
8633,27,4,2010.3
8634,60,1,579.94
8634,56,3,868.37
8634,63,2,293.58
8634,71,1,704.54
8635,48,2,1218.45
8635,24,1,2116.77
8636,85,3,279.38
8636,60,1,579.94
8637,100,2,828.75
8637,63,1,293.58
8638,7,1,1169.34
8639,26,4,1210.27
8639,94,1,265.1
8640,36,1,601.9
8640,79,1,1101.69
8641,99,1,458.92
8641,74,2,1549.39
8641,77,5,1315.33
8641,64,1,356.43
8642,85,1,279.38
8642,24,1,2116.77
8643,50,2,1105.68
8643,32,2,910.33
8643,48,1,1218.45
8644,70,3,3359.45
8645,63,1,293.58
8645,69,1,1191.69
8645,92,1,1591.57
8645,11,1,9461.52
8646,16,3,13450.97
8647,63,2,293.58
8647,20,3,7731.56
8647,28,-2,579.08
8647,10,1,1936.14
8648,31,3,1451.87
8648,90,1,492.26
8648,32,1,910.33
8649,23,1,2025.31
8649,42,2,800.81
8649,67,1,464.47
8649,29,1,4319.5
8650,59,1,488.56
8650,92,1,1591.57
8651,41,2,994.52
8651,51,5,1385.93
8652,71,2,704.54
8653,85,2,279.38
8653,27,2,2010.3
8653,39,3,1121.52
8654,73,2,1195.7
8655,26,1,1210.27
8655,79,4,1101.69
8655,96,1,320.77
8655,32,4,910.33
8655,44,2,6528.88
8656,24,2,2116.77
8656,71,1,704.54
8657,26,1,1210.27
8657,21,1,836.3
8657,65,1,386.47
8657,47,2,493.52
8658,46,2,253.36
8658,73,1,1195.7
8659,82,1,300.41
8659,46,3,253.36
8659,56,1,868.37
8660,22,5,1475.64
8661,100,1,828.75
8662,82,5,300.41
8663,9,1,11424.27
8664,37,1,1389.36
8665,98,1,322.02
8665,65,2,386.47
8666,92,2,1591.57
8666,97,1,423.56
8667,91,1,432.43
8668,41,1,994.52
8669,22,1,1475.64
8670,59,2,488.56
8671,98,1,322.02
8672,53,2,620.53
8673,68,1,306.66
8673,58,4,470.58
8673,34,1,709.99
8674,3,1,64028.3
8674,9,1,11424.27
8675,86,2,443.28
8676,60,3,579.94
8676,96,2,320.77
8677,49,1,1254.37
8677,100,3,828.75
8677,84,2,605.41
8678,60,2,579.94
8678,68,1,306.66
8679,69,-2,1191.69
8679,96,3,320.77
8679,82,2,300.41
8679,100,3,828.75
8680,42,2,800.81
8680,22,1,1475.64
8681,49,1,1254.37
8682,100,1,828.75
8682,55,1,1652.62
8683,91,2,432.43
8683,99,1,458.92
8683,98,1,322.02
8683,53,1,620.53
8684,26,1,1210.27
8684,33,1,312.93
8685,15,1,3494.53
8685,16,2,13450.97
8685,56,2,868.37
8686,61,2,356.45
8686,98,2,322.02
8686,38,2,1342.05
8687,57,3,1180.99
8687,88,2,457.85
8687,7,3,1169.34
8688,44,2,6528.88
8688,80,1,629.19
8688,79,2,1101.69
8688,28,1,579.08
8688,62,3,398.9
8689,1,3,28043.24
8689,11,1,9461.52
8690,52,1,3818.59
8690,3,2,64028.3
8690,98,3,322.02
8691,16,1,13450.97
8692,34,1,709.99
8692,66,1,728.79
8693,66,1,728.79
8694,43,1,1760.38
8695,33,3,312.93
8696,66,1,728.79
8696,55,1,1652.62
8697,81,2,641.39
8697,4,2,2324.92
8698,18,1,1854.55
8699,7,2,1169.34
8699,23,2,2025.31
8699,48,2,1218.45
8700,15,1,3494.53
8701,85,1,279.38
8701,45,1,1626.32
8701,13,4,2131.33
8702,33,1,312.93
8702,50,1,1105.68
8702,69,1,1191.69
8702,36,1,601.9
8703,2,3,3011.06
8703,5,1,3026.39
8703,100,1,828.75
8704,28,1,579.08
8704,55,1,1652.62
8704,12,1,5690.75
8704,46,1,253.36
8705,56,1,868.37
8705,26,1,1210.27
8706,60,2,579.94
8707,36,3,601.9
8707,92,2,1591.57
8707,99,1,458.92
8707,6,0,22709.9
8708,94,2,265.1
8708,44,1,6528.88
8708,69,1,1191.69
8708,51,2,1385.93
8708,21,1,836.3
8709,34,1,709.99
8710,86,1,443.28
8710,90,2,492.26
8710,25,1,1652.78
8711,99,3,458.92
8711,81,3,641.39
8711,86,2,443.28
8711,61,1,356.45
8711,53,2,620.53
8712,41,1,994.52
8713,35,2,2865.41
8714,29,2,4319.5
8715,26,1,1210.27
8715,35,1,2865.41
8716,43,1,1760.38
8716,57,3,1180.99
8716,13,1,2131.33
8717,72,1,1918.28
8718,80,1,629.19
8718,7,1,1169.34
8719,72,1,1918.28
8720,3,1,64028.3
8720,27,1,2010.3
8721,90,1,492.26
8722,77,1,1315.33
8723,99,3,458.92
8723,45,1,1626.32
8724,30,1,3480.53
8725,56,1,868.37
8725,86,1,443.28
8726,69,4,1191.69
8726,72,1,1918.28
8726,90,1,492.26
8727,3,1,64028.3
8727,71,1,704.54
8727,37,4,1389.36
8728,9,1,11424.27
8728,69,2,1191.69
8728,9999,1,605.41
8729,77,1,1315.33
8729,45,3,1626.32
8729,79,3,1101.69
8729,89,2,366.64
8730,89,3,366.64
8730,74,2,1549.39
8730,3,5,64028.3
8730,100,1,828.75
8731,83,2,741.33
8731,98,1,322.02
8732,39,1,1121.52
8733,56,2,868.37
8733,30,2,3480.53
8733,7,1,1169.34
8734,29,3,4319.5
8735,25,2,1652.78
8735,21,1,836.3
8736,92,3,1591.57
8736,57,2,1180.99
8737,24,3,2116.77
8738,46,2,253.36
8738,63,1,293.58
8738,77,2,1315.33
8739,62,2,398.9
8740,81,3,641.39
8740,54,1,1639.4
8740,27,5,2010.3
8740,63,3,293.58
8740,23,4,2025.31
8741,85,2,279.38
8742,55,1,1652.62
8742,36,3,601.9
8743,68,2,306.66
8744,25,3,1652.78
8744,55,1,1652.62
8745,35,1,2865.41
8746,81,2,641.39
8746,94,1,265.1
8746,73,1,1195.7
8747,37,5,1389.36
8747,28,3,579.08
8747,94,1,265.1
8748,74,4,1549.39
8748,44,0,6528.88
8749,5,1,3026.39
8750,26,3,1210.27
8750,40,1,1418.4
8751,21,1,836.3
8751,83,2,741.33
8752,61,4,356.45
8752,96,1,320.77
8753,12,2,5690.75
8754,29,1,4319.5
8754,91,2,432.43
8754,58,4,470.58
8755,53,1,620.53
8755,9999,1,1121.52
8755,61,1,356.45
8756,81,1,641.39
8757,36,3,601.9
8757,5,1,3026.39
8757,23,1,2025.31
8757,76,3,1151.77
8758,95,1,744.54
8758,9,2,11424.27
8758,13,1,2131.33
8758,12,2,5690.75
8759,47,2,493.52
8760,9,1,11424.27
8760,52,1,3818.59
8760,7,2,1169.34
8761,39,1,1121.52
8761,47,1,493.52
8762,17,3,2276.26
8762,9999,5,366.64
8763,91,3,432.43
8763,38,1,1342.05
8763,16,1,13450.97
8763,31,1,1451.87
8764,48,3,1218.45
8765,94,5,265.1
8766,93,1,186.14
8767,94,2,265.1
8767,9,1,11424.27
8767,89,3,366.64
8768,59,1,488.56
8768,78,1,876.32
8769,74,2,1549.39
8770,93,1,186.14
8771,5,4,3026.39
8772,67,1,464.47
8772,78,1,876.32
8772,40,1,1418.4
8773,27,1,2010.3
8773,22,1,1475.64
8774,76,2,1151.77
8774,72,1,1918.28
8774,24,2,2116.77
8775,90,2,492.26
8775,21,1,836.3
8775,100,1,828.75
8776,50,5,1105.68
8777,78,5,876.32
8778,100,1,828.75
8778,81,3,641.39
8779,38,2,1342.05
8779,53,2,620.53
8779,13,1,2131.33
8780,98,1,322.02
8780,91,0,432.43
8780,70,1,3359.45
8781,62,1,398.9
8781,16,3,13450.97
8781,15,1,3494.53
8782,41,1,994.52
8783,78,1,876.32
8783,93,3,186.14
8783,10,2,1936.14
8783,98,4,322.02
8784,10,1,1936.14
8784,77,2,1315.33
8785,40,5,1418.4
8785,19,1,1007.13
8785,70,2,3359.45
8785,1,2,28043.24
8785,11,1,9461.52
8786,10,1,1936.14
8786,85,3,279.38
8786,79,2,1101.69
8787,99,1,458.92
8787,10,2,1936.14
8788,21,1,836.3
8788,88,1,457.85
8788,24,2,2116.77
8788,90,1,492.26
8789,6,1,22709.9
8789,62,1,398.9
8790,36,1,601.9
8790,14,4,2714.07
8791,51,1,1385.93
8791,11,3,9461.52
8791,82,2,300.41
8792,21,1,836.3
8792,50,5,1105.68
8792,84,1,605.41
8793,24,1,2116.77
8794,18,3,1854.55
8795,37,1,1389.36
8795,53,2,620.53
8796,93,1,186.14
8796,28,1,579.08
8797,70,1,3359.45
8797,85,2,279.38
8797,79,2,1101.69
8797,3,1,64028.3
8797,59,1,488.56
8798,74,1,1549.39
8799,7,4,1169.34
8800,93,1,186.14
8800,9,2,11424.27
8800,12,1,5690.75
8801,33,3,312.93
8801,89,3,366.64
8802,97,2,423.56
8802,96,4,320.77
8803,50,2,1105.68
8803,54,1,1639.4
8803,39,4,1121.52
8804,36,1,601.9
8804,57,2,1180.99
8804,70,1,3359.45
8804,20,2,7731.56
8804,23,2,2025.31
8805,93,1,186.14
8806,23,2,2025.31
8807,9,1,11424.27
8808,46,2,253.36
8809,5,5,3026.39
8809,15,3,3494.53
8809,35,3,2865.41
8809,64,2,356.43
8810,67,3,464.47
8811,41,1,994.52
8811,66,1,728.79
8812,20,1,7731.56
8813,48,5,1218.45
8814,10,2,1936.14
8815,1,1,28043.24
8815,39,1,1121.52
8816,79,1,1101.69
8816,56,1,868.37
8816,24,1,2116.77
8817,48,2,1218.45
8818,66,2,728.79
8818,61,1,356.45
8819,3,1,64028.3
8820,94,2,265.1
8820,28,1,579.08
8821,80,1,629.19
8822,75,2,486.62
8822,76,2,1151.77
8823,82,1,300.41
8823,21,1,836.3
8823,30,1,3480.53
8824,37,1,1389.36
8824,28,1,579.08
8825,94,1,265.1
8825,12,2,5690.75
8826,43,1,1760.38
8826,100,4,828.75
8826,29,1,4319.5
8827,36,2,601.9
8828,29,4,4319.5
8828,73,2,1195.7
8829,86,1,443.28
8829,66,1,728.79
8830,38,1,1342.05
8830,21,1,836.3
8830,75,1,486.62
8830,41,-1,994.52
8831,9,5,11424.27
8832,60,1,579.94
8833,99,3,458.92
8834,84,1,605.41
8834,9,3,11424.27
8834,27,2,2010.3
8835,20,4,7731.56
8836,50,1,1105.68
8837,30,1,3480.53
8837,78,2,876.32
8837,95,1,744.54
8838,90,1,492.26
8838,86,1,443.28
8839,51,1,1385.93
8840,12,1,5690.75
8840,80,1,629.19
8840,34,1,709.99
8841,6,1,22709.9
8841,3,1,64028.3
8841,68,1,306.66
8841,39,2,1121.52
8841,78,1,876.32
8842,92,2,1591.57
8842,89,1,366.64
8842,82,1,300.41
8842,69,1,1191.69
8842,30,1,3480.53
8843,9,3,11424.27
8843,26,2,1210.27
8844,27,3,2010.3
8844,99,1,458.92
8845,60,2,579.94
8845,49,1,1254.37
8845,64,1,356.43
8845,76,1,1151.77
8846,36,1,601.9
8846,31,1,1451.87
8847,54,1,1639.4
8847,90,1,492.26
8848,34,1,709.99
8848,1,1,28043.24
8849,27,1,2010.3
8849,57,1,1180.99
8850,1,1,28043.24
8851,72,2,1918.28
8851,50,1,1105.68
8852,80,2,629.19
8852,56,2,868.37
8852,68,2,306.66
8853,33,1,312.93
8853,13,2,2131.33
8853,86,3,443.28
8853,97,1,423.56
8853,43,1,1760.38
8854,49,1,1254.37
8854,70,2,3359.45
8855,1,1,28043.24
8855,36,1,601.9
8855,7,1,1169.34
8856,15,3,3494.53
8856,36,1,601.9
8857,62,1,398.9
8857,42,1,800.81
8858,30,1,3480.53
8858,32,1,910.33
8858,34,2,709.99
8858,26,2,1210.27
8859,60,1,579.94
8860,66,1,728.79
8860,57,1,1180.99
8860,33,1,312.93
8860,91,1,432.43
8861,89,1,366.64
8862,24,3,2116.77
8862,30,2,3480.53
8863,20,1,7731.56
8864,47,1,493.52
8865,80,3,629.19
8865,19,1,1007.13
8865,22,4,1475.64
8866,95,3,744.54
8866,63,1,293.58
8867,28,1,579.08
8867,90,1,492.26
8868,27,1,2010.3
8868,92,1,1591.57
8869,52,1,3818.59
8869,19,5,1007.13
8869,58,2,470.58
8869,77,1,1315.33
8870,32,1,910.33
8870,2,1,3011.06
8870,90,3,492.26
8870,87,3,979.4
8871,60,1,579.94
8871,27,2,2010.3
8871,91,1,432.43
8872,92,2,1591.57
8872,90,2,492.26
8872,87,2,979.4
8872,12,2,5690.75
8873,2,1,3011.06
8873,15,3,3494.53
8873,74,2,1549.39
8874,100,1,828.75
8874,37,1,1389.36
8875,75,1,486.62
8875,18,3,1854.55
8875,9,1,11424.27
8875,27,1,2010.3
8875,67,1,464.47
8876,44,2,6528.88
8876,79,1,1101.69
8876,23,1,2025.31
8876,5,2,3026.39
8877,38,4,1342.05
8877,84,1,605.41
8877,20,2,7731.56
8878,53,1,620.53
8879,68,1,306.66
8879,26,1,1210.27
8880,81,1,641.39
8880,22,1,1475.64
8880,4,2,2324.92
8880,54,1,1639.4
8881,81,1,641.39
8881,35,2,2865.41
8882,81,1,641.39
8882,74,1,1549.39
8883,83,1,741.33
8883,21,1,836.3
8883,82,1,300.41
8884,11,1,9461.52
8884,55,1,1652.62
8884,60,2,579.94
8885,81,1,641.39
8886,53,1,620.53
8886,6,1,22709.9
8886,27,1,2010.3
8887,17,2,2276.26
8887,16,2,13450.97
8888,13,2,2131.33
8889,95,3,744.54
8889,20,1,7731.56
8889,46,2,253.36
8890,76,2,1151.77
8890,100,2,828.75
8891,65,1,386.47
8891,8,1,2448.97
8892,33,1,312.93
8893,24,2,2116.77
8893,79,1,1101.69
8893,29,1,4319.5
8894,52,3,3818.59
8894,100,1,828.75
8895,53,1,620.53
8896,53,2,620.53
8896,78,1,876.32
8897,89,1,366.64
8897,94,1,265.1
8897,26,1,1210.27
8897,44,1,6528.88
8898,94,1,265.1
8899,68,2,306.66
8900,2,2,3011.06
8901,45,2,1626.32
8902,36,4,601.9
8903,20,1,7731.56
8904,68,1,306.66
8904,100,1,828.75
8904,76,1,1151.77
8905,30,3,3480.53
8905,29,1,4319.5
8906,98,1,322.02
8907,23,1,2025.31
8907,99,1,458.92
8907,3,2,64028.3
8907,31,1,1451.87
8908,1,1,28043.24
8908,86,2,443.28
8908,16,1,13450.97
8909,4,2,2324.92
8909,72,3,1918.28
8910,20,2,7731.56
8910,38,5,1342.05
8911,86,1,443.28
8911,55,1,1652.62
8911,21,5,836.3
8911,60,2,579.94
8912,18,1,1854.55
8913,40,1,1418.4
8914,56,1,868.37
8914,59,1,488.56
8915,88,2,457.85
8915,30,2,3480.53
8915,70,1,3359.45
8915,33,2,312.93
8916,62,1,398.9
8916,78,1,876.32
8916,97,2,423.56
8917,9,2,11424.27
8918,81,1,641.39
8918,38,1,1342.05
8918,42,1,800.81
8919,25,5,1652.78
8920,52,1,3818.59
8920,22,2,1475.64
8921,57,1,1180.99
8922,20,1,7731.56
8922,34,2,709.99
8922,70,1,3359.45
8923,24,1,2116.77
8924,79,1,1101.69
8925,8,1,2448.97
8925,66,1,728.79
8925,30,2,3480.53
8926,64,4,356.43
8926,74,3,1549.39
8926,51,2,1385.93
8927,67,2,464.47
8927,74,1,1549.39
8927,50,1,1105.68
8927,6,1,22709.9
8928,29,1,4319.5
8929,86,3,443.28
8929,75,2,486.62
8929,48,1,1218.45
8929,74,1,1549.39
8930,65,3,386.47
8930,45,2,1626.32
8930,29,2,4319.5
8931,49,1,1254.37
8931,9,1,11424.27
8931,56,1,868.37
8932,6,1,22709.9
8933,53,2,620.53
8933,66,3,728.79
8933,8,1,2448.97
8933,82,2,300.41
8934,20,1,7731.56
8934,89,1,366.64
8934,93,1,186.14
8935,26,2,1210.27
8935,27,3,2010.3
8935,1,1,28043.24
8936,30,1,3480.53
8936,32,2,910.33
8937,12,2,5690.75
8937,69,2,1191.69
8937,33,1,312.93
8937,95,1,744.54
8937,1,1,28043.24
8938,13,2,2131.33
8938,27,1,2010.3
8939,2,1,3011.06
8939,45,1,1626.32
8939,100,1,828.75
8940,52,3,3818.59
8940,92,1,1591.57
8940,58,4,470.58
8940,26,1,1210.27
8941,10,1,1936.14
8941,97,2,423.56
8942,72,3,1918.28
8942,3,1,64028.3
8942,74,1,1549.39
8943,38,3,1342.05
8943,43,2,1760.38
8943,77,1,1315.33
8943,96,1,320.77
8944,48,1,1218.45
8944,64,1,356.43
8944,42,3,800.81
8944,90,1,492.26
8945,43,4,1760.38
8945,92,1,1591.57
8945,58,1,470.58
8945,91,3,432.43
8945,45,1,1626.32
8946,27,1,2010.3
8946,95,4,744.54
8946,60,2,579.94
8947,93,5,186.14
8947,18,1,1854.55
8947,76,3,1151.77
8948,12,2,5690.75
8948,81,1,641.39
8949,83,1,741.33
8949,29,2,4319.5
8950,69,1,1191.69
8951,86,1,443.28
8952,19,1,1007.13
8952,20,-1,7731.56
8953,6,1,22709.9
8953,10,1,1936.14
8954,16,2,13450.97
8954,37,3,1389.36
8955,80,4,629.19
8955,44,2,6528.88
8956,5,4,3026.39
8956,86,1,443.28
8956,87,1,979.4
8957,33,3,312.93
8957,4,3,2324.92
8957,52,1,3818.59
8958,39,1,1121.52
8959,62,1,398.9
8960,77,1,1315.33
8961,30,2,3480.53
8961,9999,3,386.47
8961,100,1,828.75
8962,57,3,1180.99
8963,7,4,1169.34
8963,8,1,2448.97
8963,88,1,457.85
8963,3,2,64028.3
8963,38,2,1342.05
8964,63,1,293.58
8964,28,3,579.08
8965,85,1,279.38
8965,17,1,2276.26
8965,48,1,1218.45
8966,38,3,1342.05
8966,3,1,64028.3
8966,67,3,464.47
8967,17,3,2276.26
8968,95,2,744.54
8969,59,1,488.56
8969,38,1,1342.05
8970,87,1,979.4
8970,16,1,13450.97
8971,33,1,312.93
8971,9,2,11424.27
8971,68,2,306.66
8972,5,2,3026.39
8972,19,3,1007.13
8972,63,2,293.58
8973,55,1,1652.62
8974,74,1,1549.39
8974,9,3,11424.27
8974,55,2,1652.62
8974,40,1,1418.4
8975,29,1,4319.5
8976,86,3,443.28
8976,68,1,306.66
8976,80,1,629.19
8976,6,1,22709.9
8977,80,4,629.19
8977,39,3,1121.52
8977,20,2,7731.56
8978,45,4,1626.32
8979,38,1,1342.05
8979,94,3,265.1
8980,89,1,366.64
8980,80,1,629.19
8981,79,2,1101.69
8981,64,3,356.43
8981,52,1,3818.59
8981,1,1,28043.24
8982,23,2,2025.31
8983,56,1,868.37
8983,80,2,629.19
8984,56,1,868.37
8984,22,2,1475.64
8984,28,1,579.08
8985,15,4,3494.53
8985,25,5,1652.78
8986,86,1,443.28
8987,65,1,386.47
8987,54,2,1639.4
8987,11,2,9461.52
8987,19,1,1007.13
8988,8,2,2448.97
8988,84,1,605.41
8988,19,1,1007.13
8989,34,1,709.99
8989,69,5,1191.69
8990,1,1,28043.24
8991,36,1,601.9
8991,68,1,306.66
8992,30,1,3480.53
8993,96,3,320.77
8993,78,1,876.32
8994,34,1,709.99
8995,54,2,1639.4
8995,27,4,2010.3
8996,75,2,486.62
8996,48,1,1218.45
8996,45,1,1626.32
8997,72,4,1918.28
8997,29,2,4319.5
8997,16,2,13450.97
8998,41,3,994.52
8998,49,5,1254.37
8998,44,1,6528.88
8998,47,1,493.52
8999,30,1,3480.53
8999,47,5,493.52
8999,39,2,1121.52
9000,6,1,22709.9
9000,67,1,464.47
9000,36,1,601.9
9000,45,3,1626.32
9001,99,3,458.92
9002,9999,2,458.92
9003,71,3,704.54
9003,54,1,1639.4
9003,9999,1,1315.33
9003,7,1,1169.34
9004,58,1,470.58
9004,38,2,1342.05
9005,29,3,4319.5
9005,77,1,1315.33
9006,86,1,443.28
9006,9,1,11424.27
9006,93,1,186.14
9007,60,1,579.94
9007,54,1,1639.4
9007,31,4,1451.87
9007,43,3,1760.38
9007,16,1,13450.97
9008,44,3,6528.88
9008,11,2,9461.52
9009,30,2,3480.53
9009,85,1,279.38
9009,4,2,2324.92
9010,99,1,458.92
9010,61,1,356.45
9011,73,3,1195.7
9011,74,1,1549.39
9012,26,1,1210.27
9012,83,1,741.33
9012,30,2,3480.53
9012,9999,1,876.32
9013,69,1,1191.69
9014,43,2,1760.38
9014,64,1,356.43
9015,9,1,11424.27
9015,49,2,1254.37
9015,33,1,312.93
9015,58,4,470.58
9015,14,3,2714.07
9016,80,5,629.19
9016,41,4,994.52
9016,16,1,13450.97
9016,23,2,2025.31
9017,86,1,443.28
9018,43,1,1760.38
9018,6,1,22709.9
9019,73,1,1195.7
9019,72,1,1918.28
9020,40,1,1418.4
9021,44,3,6528.88
9022,13,1,2131.33
9023,55,1,1652.62
9023,24,1,2116.77
9024,7,1,1169.34
9024,53,5,620.53
9024,94,2,265.1
9024,26,1,1210.27
9025,4,2,2324.92
9026,55,1,1652.62
9027,72,3,1918.28
9027,54,4,1639.4
9028,91,1,432.43
9028,80,4,629.19
9028,52,2,3818.59
9028,74,4,1549.39
9029,25,2,1652.78
9029,9,2,11424.27
9030,94,2,265.1
9031,18,2,1854.55
9031,31,0,1451.87
9032,22,1,1475.64
9032,10,2,1936.14
9032,1,1,28043.24
9033,23,1,2025.31
9033,46,1,253.36
9033,55,1,1652.62
9033,76,1,1151.77
9033,79,2,1101.69
9034,2,1,3011.06
9034,95,1,744.54
9035,38,1,1342.05
9035,56,1,868.37
9036,5,2,3026.39
9037,25,1,1652.78
9038,72,1,1918.28
9038,32,2,910.33
9039,98,1,322.02
9039,48,1,1218.45
9040,33,1,312.93
9041,58,1,470.58
9042,9999,2,293.58
9042,52,1,3818.59
9042,54,3,1639.4
9043,52,3,3818.59
9043,38,1,1342.05
9043,74,2,1549.39
9044,35,2,2865.41
9044,98,1,322.02
9044,25,2,1652.78
9044,47,1,493.52
9045,79,1,1101.69
9046,62,3,398.9
9047,6,3,22709.9
9047,76,1,1151.77
9047,98,1,322.02
9048,14,2,2714.07
9049,16,4,13450.97
9050,41,3,994.52
9050,2,2,3011.06
9050,74,2,1549.39
9050,48,3,1218.45
9051,82,2,300.41
9051,52,1,3818.59
9052,39,2,1121.52
9052,58,1,470.58
9052,32,1,910.33
9052,59,2,488.56
9053,11,1,9461.52
9053,14,2,2714.07
9053,18,1,1854.55
9054,82,1,300.41
9055,50,2,1105.68
9056,16,1,13450.97
9056,18,3,1854.55
9057,32,1,910.33
9057,62,1,398.9
9058,84,1,605.41
9058,23,1,2025.31
9058,67,4,464.47
9059,51,2,1385.93
9059,65,1,386.47
9059,93,3,186.14
9060,47,1,493.52
9060,88,1,457.85
9060,98,4,322.02
9061,45,1,1626.32
9061,42,1,800.81
9061,23,1,2025.31
9061,14,1,2714.07
9061,68,1,306.66
9062,37,2,1389.36
9063,79,1,1101.69
9063,29,1,4319.5
9064,40,1,1418.4
9065,54,1,1639.4
9065,98,5,322.02
9065,23,2,2025.31
9066,1,3,28043.24
9067,100,3,828.75
9067,91,3,432.43
9068,45,1,1626.32
9068,54,1,1639.4
9068,95,2,744.54
9068,19,1,1007.13
9069,5,1,3026.39
9070,90,1,492.26
9071,86,1,443.28
9072,90,1,492.26
9073,9999,2,1342.05
9073,41,2,994.52
9073,29,1,4319.5
9074,98,4,322.02
9074,68,1,306.66
9075,15,1,3494.53
9075,8,2,2448.97
9075,25,4,1652.78
9075,30,1,3480.53
9076,83,1,741.33
9077,49,3,1254.37
9077,24,5,2116.77
9078,93,3,186.14
9079,27,4,2010.3
9079,80,2,629.19
9079,79,3,1101.69
9080,2,3,3011.06
9080,46,3,253.36
9080,83,2,741.33
9081,62,1,398.9
9082,11,1,9461.52
9082,45,1,1626.32
9083,44,3,6528.88
9084,9,1,11424.27
9084,13,2,2131.33
9085,62,1,398.9
9086,70,3,3359.45
9087,17,4,2276.26
9088,31,1,1451.87
9088,88,1,457.85
9088,16,1,13450.97
9088,58,2,470.58
9089,59,1,488.56
9089,48,1,1218.45
9089,18,1,1854.55
9090,23,1,2025.31
9090,11,-2,9461.52
9090,1,1,28043.24
9091,59,0,488.56
9091,94,1,265.1
9091,66,2,728.79
9092,23,1,2025.31
9092,89,2,366.64
9092,52,2,3818.59
9093,60,1,579.94
9094,79,3,1101.69
9094,73,2,1195.7
9095,16,1,13450.97
9096,100,4,828.75
9097,69,3,1191.69
9097,40,3,1418.4
9097,53,3,620.53
9098,80,1,629.19
9098,48,1,1218.45
9099,12,1,5690.75
9099,61,1,356.45
9099,10,2,1936.14
9100,85,1,279.38
9100,58,1,470.58
9100,39,1,1121.52
9101,51,1,1385.93
9101,53,2,620.53
9102,88,3,457.85
9103,34,1,709.99
9103,64,1,356.43
9103,44,2,6528.88
9104,58,1,470.58
9104,19,1,1007.13
9105,20,4,7731.56
9105,74,1,1549.39
9106,29,3,4319.5
9106,49,2,1254.37
9107,68,1,306.66
9107,27,5,2010.3
9107,20,2,7731.56
9107,51,1,1385.93
9108,9999,1,22709.9
9109,29,5,4319.5
9109,21,1,836.3
9109,91,2,432.43
9110,22,1,1475.64
9110,86,1,443.28
9111,2,1,3011.06
9111,76,1,1151.77
9111,39,2,1121.52
9112,76,1,1151.77
9112,10,1,1936.14
9112,96,1,320.77
9112,99,3,458.92
9112,35,2,2865.41
9113,39,0,1121.52
9113,71,2,704.54
9114,60,1,579.94
9114,41,2,994.52
9114,64,1,356.43
9114,46,2,253.36
9115,97,1,423.56
9116,9,1,11424.27
9116,38,2,1342.05
9117,7,1,1169.34
9117,67,1,464.47
9118,64,4,356.43
9118,80,1,629.19
9118,9,5,11424.27
9118,93,1,186.14
9118,12,1,5690.75
9119,51,2,1385.93
9120,47,2,493.52
9121,79,1,1101.69
9122,84,1,605.41
9122,100,2,828.75
9122,6,1,22709.9
9122,66,1,728.79
9122,64,1,356.43
9123,38,2,1342.05
9123,100,2,828.75
9124,29,2,4319.5
9125,19,1,1007.13
9126,9,4,11424.27
9127,34,1,709.99
9128,17,1,2276.26
9129,40,3,1418.4
9129,22,2,1475.64
9130,2,0,3011.06
9130,77,0,1315.33
9130,63,2,293.58
9131,28,1,579.08
9131,1,5,28043.24
9132,70,1,3359.45
9132,61,1,356.45
9132,84,1,605.41
9132,51,2,1385.93
9133,92,1,1591.57
9134,49,1,1254.37
9134,27,2,2010.3
9135,49,3,1254.37
9135,59,1,488.56
9135,28,1,579.08
9136,38,1,1342.05
9137,73,2,1195.7
9138,64,2,356.43
9138,66,1,728.79
9138,93,2,186.14
9139,39,5,1121.52
9140,81,1,641.39
9140,44,2,6528.88
9141,82,1,300.41
9141,9999,3,3494.53
9141,51,4,1385.93
9142,23,2,2025.31
9142,1,2,28043.24
9143,19,2,1007.13
9144,37,1,1389.36
9145,3,5,64028.3
9146,59,2,488.56
9146,31,1,1451.87
9146,51,3,1385.93
9146,28,4,579.08
9147,59,2,488.56
9147,55,1,1652.62
9147,19,2,1007.13
9148,59,1,488.56
9148,29,5,4319.5
9148,53,2,620.53
9149,92,4,1591.57
9149,95,3,744.54
9149,23,1,2025.31
9150,44,1,6528.88
9150,5,1,3026.39
9150,86,1,443.28
9151,42,4,800.81
9152,93,1,186.14
9153,9999,1,2714.07
9154,37,2,1389.36
9154,85,2,279.38
9155,94,1,265.1
9155,59,2,488.56
9156,9,1,11424.27
9156,69,1,1191.69
9157,44,5,6528.88
9157,52,2,3818.59
9158,6,2,22709.9
9159,95,1,744.54
9159,12,2,5690.75
9159,44,2,6528.88
9160,76,1,1151.77
9160,56,1,868.37
9160,48,2,1218.45
9160,23,1,2025.31
9161,69,1,1191.69
9162,39,2,1121.52
9162,70,4,3359.45
9163,73,1,1195.7
9163,100,2,828.75
9163,94,1,265.1
9164,60,1,579.94
9165,3,1,64028.3
9165,83,1,741.33
9165,88,4,457.85
9166,57,1,1180.99
9167,94,1,265.1
9168,4,1,2324.92
9168,57,1,1180.99
9169,17,1,2276.26
9169,90,3,492.26
9169,14,2,2714.07
9170,53,1,620.53
9171,70,5,3359.45
9172,68,1,306.66
9172,76,1,1151.77
9173,82,2,300.41
9174,10,0,1936.14
9174,44,1,6528.88
9175,63,2,293.58
9176,100,2,828.75
9177,41,2,994.52
9177,91,3,432.43
9178,66,1,728.79
9179,20,1,7731.56
9180,69,1,1191.69
9180,82,1,300.41
9180,83,3,741.33
9181,58,1,470.58
9182,73,2,1195.7
9183,59,1,488.56
9183,37,2,1389.36
9184,15,1,3494.53
9184,77,1,1315.33
9184,94,1,265.1
9185,55,4,1652.62
9185,31,1,1451.87
9186,65,1,386.47
9186,31,4,1451.87
9186,20,1,7731.56
9187,11,2,9461.52
9187,80,2,629.19
9187,74,1,1549.39
9187,43,1,1760.38
9187,38,1,1342.05
9188,44,2,6528.88
9188,29,2,4319.5
9189,63,3,293.58
9189,6,1,22709.9
9190,57,1,1180.99
9190,86,1,443.28
9190,88,3,457.85
9190,5,1,3026.39
9191,21,2,836.3
9191,49,1,1254.37
9192,77,1,1315.33
9193,33,3,312.93
9194,33,4,312.93
9194,80,4,629.19
9194,48,1,1218.45
9195,17,1,2276.26
9195,8,1,2448.97
9195,45,5,1626.32
9195,62,1,398.9
9195,16,1,13450.97
9196,89,3,366.64
9196,18,1,1854.55
9197,22,3,1475.64
9197,15,1,3494.53
9197,84,1,605.41
9198,64,4,356.43
9199,13,5,2131.33
9199,72,1,1918.28
9200,73,1,1195.7
9201,28,1,579.08
9202,44,1,6528.88
9202,35,2,2865.41
9202,29,1,4319.5
9203,23,2,2025.31
9204,47,1,493.52
9204,63,1,293.58
9205,94,2,265.1
9206,43,2,1760.38
9206,52,2,3818.59
9206,64,3,356.43
9207,78,1,876.32
9207,53,1,620.53
9207,81,2,641.39
9207,89,3,366.64
9207,97,1,423.56
9208,51,2,1385.93
9209,98,3,322.02
9209,71,2,704.54
9209,96,1,320.77
9210,45,1,1626.32
9210,35,2,2865.41
9211,4,5,2324.92
9211,24,3,2116.77
9212,61,1,356.45
9212,79,1,1101.69
9212,76,1,1151.77
9213,81,3,641.39
9214,52,2,3818.59
9214,37,3,1389.36
9214,87,1,979.4
9214,74,2,1549.39
9214,90,1,492.26
9215,65,4,386.47
9215,81,1,641.39
9216,88,2,457.85
9217,6,3,22709.9
9218,84,3,605.41
9219,75,2,486.62
9220,9,2,11424.27
9221,63,2,293.58
9221,11,1,9461.52
9221,27,2,2010.3
9222,47,2,493.52
9222,64,1,356.43
9222,90,1,492.26
9223,61,3,356.45
9223,81,1,641.39
9224,11,2,9461.52
9224,33,5,312.93
9224,41,1,994.52
9225,3,2,64028.3
9225,4,1,2324.92
9225,46,1,253.36
9226,32,1,910.33
9226,84,2,605.41
9226,47,2,493.52
9227,34,1,709.99
9227,7,3,1169.34
9227,88,2,457.85
9228,2,2,3011.06
9228,9,1,11424.27
9229,83,1,741.33
9229,1,1,28043.24
9229,84,1,605.41
9230,7,1,1169.34
9231,62,2,398.9
9232,14,1,2714.07
9232,63,2,293.58
9232,38,1,1342.05
9233,37,3,1389.36
9233,24,2,2116.77
9233,85,3,279.38
9234,84,2,605.41
9235,80,1,629.19
9235,71,1,704.54
9235,35,5,2865.41
9235,95,1,744.54
9236,5,1,3026.39
9236,66,4,728.79
9237,87,2,979.4
9238,38,4,1342.05
9238,23,1,2025.31
9238,86,3,443.28
9239,17,1,2276.26
9240,62,1,398.9
9240,12,1,5690.75
9240,34,2,709.99
9241,45,1,1626.32
9241,65,1,386.47
9241,16,1,13450.97
9241,27,1,2010.3
9241,26,1,1210.27
9242,18,1,1854.55
9242,28,1,579.08
9242,42,2,800.81
9243,30,1,3480.53
9243,52,1,3818.59
9243,37,1,1389.36
9244,80,1,629.19
9245,36,4,601.9
9246,14,2,2714.07
9246,48,2,1218.45
9247,16,1,13450.97
9248,92,4,1591.57
9248,83,1,741.33
9249,70,1,3359.45
9250,94,2,265.1
9250,71,1,704.54
9250,96,2,320.77
9251,73,1,1195.7
9251,86,1,443.28
9252,57,2,1180.99
9252,27,1,2010.3
9252,56,4,868.37
9252,30,2,3480.53
9252,35,3,2865.41
9253,60,3,579.94
9253,69,1,1191.69
9254,64,3,356.43
9255,8,1,2448.97
9256,46,1,253.36
9256,15,2,3494.53
9256,51,5,1385.93
9257,28,1,579.08
9257,20,1,7731.56
9257,8,3,2448.97
9258,47,1,493.52
9259,40,2,1418.4
9259,62,2,398.9
9259,95,2,744.54
9260,50,3,1105.68
9260,96,3,320.77
9260,6,2,22709.9
9261,37,1,1389.36
9261,84,3,605.41
9262,68,2,306.66
9262,88,1,457.85
9263,11,1,9461.52
9263,9,3,11424.27
9264,38,1,1342.05
9264,3,1,64028.3
9264,5,1,3026.39
9264,97,3,423.56
9265,70,3,3359.45
9266,19,2,1007.13
9266,15,1,3494.53
9267,58,1,470.58
9268,66,2,728.79
9269,38,1,1342.05
9269,99,1,458.92
9270,41,3,994.52
9270,2,2,3011.06
9270,42,4,800.81
9271,67,2,464.47
9272,80,1,629.19
9273,68,1,306.66
9273,4,2,2324.92
9273,82,1,300.41
9274,76,1,1151.77
9275,94,3,265.1
9276,45,1,1626.32
9277,80,1,629.19
9277,39,1,1121.52
9277,53,3,620.53
9277,9,1,11424.27
9278,6,3,22709.9
9278,65,1,386.47
9279,45,2,1626.32
9280,53,1,620.53
9280,72,1,1918.28
9280,47,2,493.52
9281,87,1,979.4
9281,79,1,1101.69
9281,13,1,2131.33
9281,62,4,398.9
9281,63,1,293.58
9282,36,1,601.9
9282,23,2,2025.31
9282,68,0,306.66
9282,50,2,1105.68
9283,36,2,601.9
9283,29,1,4319.5
9283,6,2,22709.9
9283,81,1,641.39
9284,12,1,5690.75
9284,77,2,1315.33
9285,87,1,979.4
9285,86,4,443.28
9286,78,3,876.32
9287,51,1,1385.93
9288,11,1,9461.52
9288,99,3,458.92
9289,98,1,322.02
9290,52,1,3818.59
9290,35,2,2865.41
9291,27,1,2010.3
9291,57,2,1180.99
9291,58,1,470.58
9292,64,1,356.43
9293,16,2,13450.97
9294,66,2,728.79
9294,100,1,828.75
9294,41,1,994.52
9294,47,1,493.52
9295,51,1,1385.93
9295,64,1,356.43
9296,17,1,2276.26
9297,78,1,876.32
9297,9,5,11424.27
9298,94,3,265.1
9298,37,1,1389.36
9299,4,3,2324.92
9299,88,2,457.85
9300,49,1,1254.37
9301,100,1,828.75
9302,2,1,3011.06
9302,24,1,2116.77
9303,2,1,3011.06
9303,62,2,398.9
9304,66,1,728.79
9304,24,1,2116.77
9305,20,1,7731.56
9305,16,1,13450.97
9306,56,1,868.37
9306,42,1,800.81
9307,80,1,629.19
9307,78,1,876.32
9307,99,1,458.92
9308,8,1,2448.97
9309,66,1,728.79
9309,98,1,322.02
9309,48,4,1218.45
9309,88,3,457.85
9310,85,1,279.38
9311,52,3,3818.59
9311,43,1,1760.38
9311,81,4,641.39
9312,44,3,6528.88
9312,7,1,1169.34
9313,88,1,457.85
9313,54,2,1639.4
9314,80,2,629.19
9315,90,1,492.26
9315,59,3,488.56
9316,46,2,253.36
9316,67,1,464.47
9317,2,1,3011.06
9317,66,2,728.79
9317,74,3,1549.39
9317,76,3,1151.77
9317,30,3,3480.53
9318,5,1,3026.39
9319,57,1,1180.99
9319,12,1,5690.75
9319,58,1,470.58
9320,11,2,9461.52
9320,36,5,601.9
9320,42,1,800.81
9320,62,2,398.9
9321,41,1,994.52
9321,70,3,3359.45
9322,72,2,1918.28
9322,70,2,3359.45
9322,40,1,1418.4
9322,9,2,11424.27
9323,73,3,1195.7
9324,14,4,2714.07
9325,41,2,994.52
9325,67,1,464.47
9326,76,1,1151.77
9326,99,2,458.92
9327,86,1,443.28
9328,81,1,641.39
9329,58,1,470.58
9330,97,2,423.56
9330,41,1,994.52
9331,41,1,994.52
9331,99,1,458.92
9331,27,1,2010.3
9332,63,2,293.58
9332,82,1,300.41
9333,8,5,2448.97
9334,27,1,2010.3
9335,25,1,1652.78
9335,13,2,2131.33
9335,98,5,322.02
9335,23,2,2025.31
9336,18,2,1854.55
9336,88,3,457.85
9336,19,2,1007.13
9337,22,4,1475.64
9337,100,1,828.75
9338,89,1,366.64
9339,24,2,2116.77
9339,29,1,4319.5
9339,86,1,443.28
9339,7,1,1169.34
9340,74,1,1549.39
9340,2,1,3011.06
9340,20,1,7731.56
9341,95,2,744.54
9341,17,3,2276.26
9341,27,4,2010.3
9342,96,1,320.77
9343,64,2,356.43
9343,49,1,1254.37
9344,52,2,3818.59
9344,50,3,1105.68
9345,13,1,2131.33
9345,87,1,979.4
9346,90,2,492.26
9346,69,3,1191.69
9347,86,2,443.28
9347,6,1,22709.9
9347,66,2,728.79
9348,4,1,2324.92
9349,66,2,728.79
9349,4,1,2324.92
9350,79,2,1101.69
9350,2,1,3011.06
9350,53,1,620.53
9351,24,1,2116.77
9351,97,1,423.56
9351,55,2,1652.62
9351,94,1,265.1
9352,7,4,1169.34
9353,65,2,386.47
9353,73,2,1195.7
9354,22,1,1475.64
9355,7,1,1169.34
9355,6,1,22709.9
9355,42,1,800.81
9355,4,2,2324.92
9356,67,1,464.47
9356,10,1,1936.14
9357,3,2,64028.3
9357,66,1,728.79
9357,14,1,2714.07
9358,78,1,876.32
9358,6,1,22709.9
9358,32,1,910.33
9358,53,1,620.53
9359,37,1,1389.36
9360,66,3,728.79
9361,61,1,356.45
9361,92,3,1591.57
9362,92,1,1591.57
9362,67,1,464.47
9363,61,1,356.45
9364,84,1,605.41
9364,13,1,2131.33
9365,11,-3,9461.52
9365,2,1,3011.06
9366,66,2,728.79
9366,15,4,3494.53
9367,24,1,2116.77
9367,15,1,3494.53
9368,12,2,5690.75
9368,34,1,709.99
9368,52,2,3818.59
9368,40,1,1418.4
9369,91,2,432.43
9369,65,1,386.47
9369,59,1,488.56
9370,14,1,2714.07
9370,4,2,2324.92
9371,18,1,1854.55
9372,85,1,279.38
9373,17,3,2276.26
9373,61,1,356.45
9373,42,1,800.81
9373,86,2,443.28
9373,11,2,9461.52
9374,34,1,709.99
9375,1,3,28043.24
9376,35,1,2865.41
9376,11,2,9461.52
9376,58,1,470.58
9377,39,3,1121.52
9377,48,1,1218.45
9378,6,3,22709.9
9378,48,1,1218.45
9379,34,1,709.99
9380,49,2,1254.37
9380,43,3,1760.38
9380,78,2,876.32
9381,40,2,1418.4
9381,87,1,979.4
9382,36,1,601.9
9382,32,1,910.33
9382,20,1,7731.56
9383,52,1,3818.59
9384,70,3,3359.45
9385,67,1,464.47
9385,66,5,728.79
9385,32,1,910.33
9385,99,5,458.92
9385,93,1,186.14
9386,55,1,1652.62
9386,84,3,605.41
9387,44,2,6528.88
9387,83,2,741.33
9388,26,3,1210.27
9388,79,1,1101.69
9388,56,1,868.37
9389,95,1,744.54
9389,98,1,322.02
9389,82,1,300.41
9389,4,3,2324.92
9390,59,1,488.56
9390,50,1,1105.68
9391,67,2,464.47
9392,31,1,1451.87
9392,55,1,1652.62
9392,89,2,366.64
9393,9999,5,1169.34
9394,36,1,601.9
9394,87,1,979.4
9395,4,2,2324.92
9395,49,1,1254.37
9396,29,3,4319.5
9397,74,3,1549.39
9398,45,1,1626.32
9398,85,1,279.38
9399,48,2,1218.45
9400,51,1,1385.93
9400,79,1,1101.69
9401,76,1,1151.77
9401,96,3,320.77
9401,32,4,910.33
9401,24,1,2116.77
9402,64,0,356.43
9402,94,1,265.1
9403,38,2,1342.05
9404,42,2,800.81
9404,75,1,486.62
9404,25,1,1652.78
9405,11,1,9461.52
9405,40,2,1418.4
9405,58,2,470.58
9405,51,2,1385.93
9406,57,1,1180.99
9406,63,1,293.58
9406,55,3,1652.62
9406,75,1,486.62
9407,28,1,579.08
9408,74,1,1549.39
9408,62,3,398.9
9409,27,4,2010.3
9409,61,5,356.45
9410,86,1,443.28
9411,38,1,1342.05
9411,78,1,876.32
9411,7,1,1169.34
9412,26,1,1210.27
9412,85,3,279.38
9413,22,3,1475.64
9414,37,1,1389.36
9414,13,1,2131.33
9415,8,1,2448.97
9415,88,3,457.85
9416,89,2,366.64
9417,57,5,1180.99
9417,33,1,312.93
9417,95,2,744.54
9417,91,2,432.43
9418,91,1,432.43
9418,89,3,366.64
9419,74,1,1549.39
9419,31,1,1451.87
9419,23,1,2025.31
9420,87,2,979.4
9420,77,1,1315.33
9420,12,1,5690.75
9421,98,1,322.02
9421,86,0,443.28
9422,93,2,186.14
9422,44,1,6528.88
9422,21,1,836.3
9422,49,1,1254.37
9423,60,3,579.94
9423,95,3,744.54
9424,20,1,7731.56
9425,45,1,1626.32
9425,76,2,1151.77
9426,20,2,7731.56
9426,10,4,1936.14
9426,93,1,186.14
9427,53,0,620.53
9427,5,1,3026.39
9428,94,1,265.1
9428,27,1,2010.3
9428,65,4,386.47
9429,42,3,800.81
9429,76,1,1151.77
9430,38,2,1342.05
9430,60,1,579.94
9430,20,1,7731.56
9430,51,1,1385.93
9431,63,1,293.58
9431,4,1,2324.92
9431,98,2,322.02
9431,62,2,398.9
9432,73,1,1195.7
9432,65,1,386.47
9433,63,1,293.58
9434,93,2,186.14
9434,18,1,1854.55
9435,39,2,1121.52
9436,14,4,2714.07
9436,60,1,579.94
9437,54,1,1639.4
9438,40,4,1418.4
9438,53,2,620.53
9438,18,4,1854.55
9439,74,1,1549.39
9439,84,1,605.41
9439,94,1,265.1
9440,13,5,2131.33
9440,61,1,356.45
9440,100,1,828.75
9440,85,1,279.38
9441,22,1,1475.64
9441,74,1,1549.39
9442,9,-2,11424.27
9443,88,2,457.85
9443,14,1,2714.07
9443,27,3,2010.3
9443,32,1,910.33
9444,67,5,464.47
9445,59,1,488.56
9446,68,1,306.66
9446,6,3,22709.9
9446,57,1,1180.99
9447,74,1,1549.39
9447,54,4,1639.4
9448,42,1,800.81
9449,32,1,910.33
9449,83,1,741.33
9449,43,1,1760.38
9450,89,2,366.64
9450,90,1,492.26
9450,19,2,1007.13
9451,95,3,744.54
9452,32,1,910.33
9453,10,1,1936.14
9453,7,2,1169.34
9454,56,1,868.37
9454,55,2,1652.62
9455,53,1,620.53
9455,45,1,1626.32
9455,79,4,1101.69
9455,61,1,356.45
9456,34,2,709.99
9456,86,1,443.28
9456,30,2,3480.53
9456,32,1,910.33
9457,34,1,709.99
9458,67,1,464.47
9458,25,1,1652.78
9459,85,1,279.38
9460,81,4,641.39
9460,74,1,1549.39
9460,15,2,3494.53
9460,93,1,186.14
9460,22,2,1475.64
9461,66,1,728.79
9461,97,1,423.56
9462,8,2,2448.97
9463,20,1,7731.56
9463,67,-3,464.47
9463,19,2,1007.13
9464,19,2,1007.13
9465,29,1,4319.5
9465,31,1,1451.87
9465,23,1,2025.31
9466,92,1,1591.57
9466,29,2,4319.5
9466,59,1,488.56
9467,71,1,704.54
9468,6,1,22709.9
9468,45,1,1626.32
9468,38,1,1342.05
9469,78,4,876.32
9470,16,1,13450.97
9470,57,1,1180.99
9471,29,2,4319.5
9471,86,1,443.28
9471,95,1,744.54
9472,10,1,1936.14
9472,30,1,3480.53
9472,5,4,3026.39
9473,79,1,1101.69
9473,59,1,488.56
9474,30,2,3480.53
9474,52,1,3818.59
9474,44,2,6528.88
9474,100,1,828.75
9475,45,1,1626.32
9475,58,1,470.58
9475,94,2,265.1
9476,2,2,3011.06
9476,80,1,629.19
9476,23,3,2025.31
9477,51,2,1385.93
9478,100,3,828.75
9479,90,3,492.26
9479,48,1,1218.45
9480,99,2,458.92
9480,18,2,1854.55
9481,46,1,253.36
9482,8,1,2448.97
9483,33,1,312.93
9484,62,2,398.9
9484,37,1,1389.36
9485,2,1,3011.06
9485,16,2,13450.97
9485,60,2,579.94
9485,5,1,3026.39
9486,67,1,464.47
9487,28,1,579.08
9487,2,2,3011.06
9487,41,1,994.52
9488,99,1,458.92
9488,87,3,979.4
9489,41,2,994.52
9489,70,3,3359.45
9489,25,1,1652.78
9490,84,1,605.41
9491,42,1,800.81
9491,96,2,320.77
9492,7,2,1169.34
9492,49,2,1254.37
9493,86,1,443.28
9493,37,1,1389.36
9494,97,1,423.56
9494,5,1,3026.39
9495,45,1,1626.32
9496,58,1,470.58
9496,69,3,1191.69
9497,53,1,620.53
9497,12,1,5690.75
9497,57,1,1180.99
9498,72,1,1918.28
9499,54,1,1639.4
9499,64,4,356.43
9499,94,4,265.1
9499,67,1,464.47
9500,57,2,1180.99
9500,66,1,728.79
9500,29,1,4319.5
9501,53,3,620.53
9501,89,2,366.64
9501,62,1,398.9
9502,39,1,1121.52
9503,61,1,356.45
9503,17,3,2276.26
9503,75,2,486.62
9504,28,1,579.08
9504,53,1,620.53
9504,60,1,579.94
9504,94,1,265.1
9505,14,1,2714.07
9505,62,1,398.9
9505,84,3,605.41
9505,65,3,386.47
9506,66,1,728.79
9507,51,1,1385.93
9508,9,1,11424.27
9508,57,1,1180.99
9508,89,1,366.64
9509,48,1,1218.45
9510,54,2,1639.4
9510,65,2,386.47
9511,49,2,1254.37
9511,26,1,1210.27
9512,16,1,13450.97
9512,10,1,1936.14
9512,93,1,186.14
9512,20,1,7731.56
9513,76,3,1151.77
9513,4,1,2324.92
9514,37,1,1389.36
9514,34,3,709.99
9514,77,1,1315.33
9515,3,1,64028.3
9515,18,2,1854.55
9515,22,2,1475.64
9515,37,3,1389.36
9515,90,1,492.26
9516,37,1,1389.36
9517,37,4,1389.36
9518,88,2,457.85
9518,93,3,186.14
9518,3,2,64028.3
9518,2,2,3011.06
9518,61,3,356.45
9519,52,1,3818.59
9519,53,3,620.53
9519,49,3,1254.37
9519,39,1,1121.52
9520,40,1,1418.4
9521,85,1,279.38
9522,80,1,629.19
9522,1,2,28043.24
9522,81,1,641.39
9523,90,2,492.26
9524,85,1,279.38
9524,35,1,2865.41
9524,59,1,488.56
9524,16,1,13450.97
9525,21,1,836.3
9525,3,3,64028.3
9526,69,2,1191.69
9527,7,1,1169.34
9527,46,1,253.36
9528,22,2,1475.64
9528,13,1,2131.33
9528,24,3,2116.77
9528,76,1,1151.77
9529,5,1,3026.39
9529,50,1,1105.68
9530,47,1,493.52
9530,93,2,186.14
9530,27,1,2010.3
9531,47,2,493.52
9531,62,0,398.9
9531,17,1,2276.26
9531,10,2,1936.14
9532,64,1,356.43
9532,46,1,253.36
9532,70,1,3359.45
9533,74,1,1549.39
9534,34,1,709.99
9534,50,1,1105.68
9534,35,2,2865.41
9534,13,1,2131.33
9535,12,2,5690.75
9536,83,1,741.33
9537,84,2,605.41
9537,6,1,22709.9
9538,9,1,11424.27
9538,93,1,186.14
9538,90,1,492.26
9538,70,1,3359.45
9538,3,1,64028.3
9539,64,1,356.43
9539,48,5,1218.45
9540,89,1,366.64
9540,43,4,1760.38
9541,54,4,1639.4
9542,28,1,579.08
9543,47,1,493.52
9543,64,3,356.43
9544,29,3,4319.5
9545,84,1,605.41
9545,95,3,744.54
9546,19,3,1007.13
9546,35,1,2865.41
9547,38,1,1342.05
9548,91,1,432.43
9549,5,3,3026.39
9549,89,1,366.64
9550,85,4,279.38
9550,15,2,3494.53
9551,50,1,1105.68
9551,26,1,1210.27
9552,12,2,5690.75
9552,27,1,2010.3
9552,58,1,470.58
9553,36,1,601.9
9553,75,2,486.62
9553,28,5,579.08
9554,17,3,2276.26
9554,34,1,709.99
9555,16,3,13450.97
9555,50,3,1105.68
9556,74,2,1549.39
9556,7,2,1169.34
9556,2,1,3011.06
9557,49,2,1254.37
9557,26,1,1210.27
9557,5,1,3026.39
9558,80,1,629.19
9559,91,3,432.43
9559,94,1,265.1
9560,81,1,641.39
9560,42,1,800.81
9561,71,1,704.54
9562,34,2,709.99
9562,48,1,1218.45
9562,59,1,488.56
9563,22,3,1475.64
9563,94,3,265.1
9563,63,1,293.58
9563,26,1,1210.27
9563,13,1,2131.33
9564,72,1,1918.28
9564,14,1,2714.07
9565,4,1,2324.92
9566,27,4,2010.3
9566,58,3,470.58
9567,3,2,64028.3
9567,22,3,1475.64
9568,17,1,2276.26
9569,11,2,9461.52
9570,68,2,306.66
9570,18,2,1854.55
9570,63,1,293.58
9570,73,3,1195.7
9571,98,1,322.02
9572,52,1,3818.59
9572,54,1,1639.4
9572,57,1,1180.99
9573,6,3,22709.9
9573,74,1,1549.39
9573,9999,1,356.43
9574,49,1,1254.37
9575,88,2,457.85
9575,91,1,432.43
9576,71,1,704.54
9577,13,1,2131.33
9577,29,1,4319.5
9578,86,3,443.28
9578,71,3,704.54
9578,87,1,979.4
9579,29,1,4319.5
9579,18,1,1854.55
9580,53,1,620.53
9581,95,3,744.54
9582,15,1,3494.53
9583,30,3,3480.53
9583,62,1,398.9
9584,56,2,868.37
9584,61,1,356.45
9585,2,1,3011.06
9585,16,1,13450.97
9585,77,2,1315.33
9585,94,3,265.1
9586,53,5,620.53
9587,77,1,1315.33
9587,17,1,2276.26
9588,5,4,3026.39
9588,24,1,2116.77
9589,8,1,2448.97
9589,62,1,398.9
9589,49,1,1254.37
9590,44,1,6528.88
9590,77,1,1315.33
9591,83,1,741.33
9592,74,1,1549.39
9593,84,1,605.41
9593,44,3,6528.88
9593,87,1,979.4
9593,47,3,493.52
9594,74,1,1549.39
9594,46,2,253.36
9595,62,1,398.9
9596,11,1,9461.52
9597,78,4,876.32
9598,8,1,2448.97
9598,73,1,1195.7
9598,90,1,492.26
9599,65,3,386.47
9599,67,2,464.47
9600,29,2,4319.5
9600,48,2,1218.45
9601,57,2,1180.99
9601,85,1,279.38
9601,31,3,1451.87
9602,14,2,2714.07
9602,9,1,11424.27
9603,81,5,641.39
9604,87,1,979.4
9604,48,1,1218.45
9604,20,3,7731.56
9604,8,2,2448.97
9605,82,2,300.41
9605,9,1,11424.27
9605,9999,2,486.62
9605,17,1,2276.26
9605,5,4,3026.39
9606,37,0,1389.36
9606,99,3,458.92
9607,8,1,2448.97
9607,5,3,3026.39
9608,32,2,910.33
9609,53,1,620.53
9609,100,1,828.75
9610,59,1,488.56
9610,57,2,1180.99
9610,3,4,64028.3
9611,91,1,432.43
9612,58,3,470.58
9612,70,1,3359.45
9612,61,2,356.45
9613,94,1,265.1
9613,66,1,728.79
9613,63,1,293.58
9614,10,2,1936.14
9615,44,1,6528.88
9616,89,1,366.64
9616,56,1,868.37
9616,32,1,910.33
9617,42,2,800.81
9618,80,1,629.19
9618,26,1,1210.27
9618,21,1,836.3
9618,12,2,5690.75
9619,64,3,356.43
9619,62,2,398.9
9619,11,1,9461.52
9619,9999,2,1254.37
9620,55,3,1652.62
9620,73,2,1195.7
9621,81,2,641.39
9621,11,1,9461.52
9621,31,1,1451.87
9621,21,1,836.3
9622,16,2,13450.97
9622,96,1,320.77
9622,77,2,1315.33
9622,63,1,293.58
9622,59,1,488.56
9623,28,2,579.08
9623,21,3,836.3
9623,86,1,443.28
9623,42,1,800.81
9623,100,1,828.75
9624,73,3,1195.7
9625,54,1,1639.4
9625,45,2,1626.32
9626,90,2,492.26
9626,22,2,1475.64
9627,65,1,386.47
9627,29,1,4319.5
9627,24,1,2116.77
9628,64,1,356.43
9628,48,3,1218.45
9629,17,3,2276.26
9630,37,1,1389.36
9630,78,1,876.32
9631,59,1,488.56
9631,93,2,186.14
9631,96,3,320.77
9631,5,2,3026.39
9632,34,1,709.99
9633,81,1,641.39
9634,93,1,186.14
9634,47,3,493.52
9634,87,2,979.4
9635,5,1,3026.39
9635,43,1,1760.38
9636,85,1,279.38
9636,61,1,356.45
9636,16,1,13450.97
9636,84,2,605.41
9637,52,1,3818.59
9637,15,3,3494.53
9637,24,2,2116.77
9638,78,1,876.32
9639,14,1,2714.07
9640,23,5,2025.31
9640,90,3,492.26
9641,28,3,579.08
9641,72,3,1918.28
9641,58,1,470.58
9642,53,1,620.53
9642,76,3,1151.77
9642,57,5,1180.99
9643,64,2,356.43
9643,72,3,1918.28
9644,37,1,1389.36
9645,73,1,1195.7
9645,65,5,386.47
9646,85,1,279.38
9646,90,3,492.26
9647,11,2,9461.52
9647,33,1,312.93
9647,24,4,2116.77
9647,97,1,423.56
9648,14,1,2714.07
9648,37,1,1389.36
9648,3,1,64028.3
9648,31,1,1451.87
9648,10,1,1936.14
9649,29,1,4319.5
9650,7,1,1169.34
9650,54,1,1639.4
9650,100,1,828.75
9650,47,2,493.52
9651,60,3,579.94
9651,88,4,457.85
9652,99,1,458.92
9653,5,1,3026.39
9653,34,1,709.99
9654,47,1,493.52
9654,10,1,1936.14
9655,22,1,1475.64
9655,94,5,265.1
9655,45,1,1626.32
9655,100,1,828.75
9656,4,1,2324.92
9656,96,2,320.77
9656,74,1,1549.39
9657,38,4,1342.05
9657,16,2,13450.97
9657,77,2,1315.33
9657,89,2,366.64
9658,30,1,3480.53
9658,28,2,579.08
9659,27,1,2010.3
9660,28,4,579.08
9660,88,2,457.85
9661,98,1,322.02
9662,11,1,9461.52
9662,78,1,876.32
9662,23,1,2025.31
9663,62,1,398.9
9664,72,1,1918.28
9665,52,1,3818.59
9665,94,3,265.1
9665,86,1,443.28
9666,74,1,1549.39
9666,10,1,1936.14
9666,30,1,3480.53
9667,1,1,28043.24
9668,31,1,1451.87
9668,8,3,2448.97
9669,65,1,386.47
9669,91,4,432.43
9669,74,1,1549.39
9669,41,1,994.52
9670,53,1,620.53
9671,72,1,1918.28
9671,83,2,741.33
9672,24,2,2116.77
9673,94,3,265.1
9673,25,1,1652.78
9673,93,1,186.14
9673,48,5,1218.45
9674,70,2,3359.45
9674,35,3,2865.41
9674,41,2,994.52
9675,27,4,2010.3
9676,30,2,3480.53
9677,55,1,1652.62
9678,77,2,1315.33
9679,83,1,741.33
9680,65,1,386.47
9680,74,1,1549.39
9681,14,1,2714.07
9681,50,1,1105.68
9682,12,2,5690.75
9682,75,1,486.62
9682,50,2,1105.68
9682,3,1,64028.3
9683,39,1,1121.52
9683,54,2,1639.4
9684,9999,1,2324.92
9685,4,1,2324.92
9685,30,1,3480.53
9686,10,1,1936.14
9687,96,1,320.77
9687,68,2,306.66
9688,31,3,1451.87
9688,33,1,312.93
9689,2,1,3011.06
9690,21,1,836.3
9690,90,1,492.26
9690,80,2,629.19
9690,73,2,1195.7
9691,54,3,1639.4
9691,32,2,910.33
9691,38,3,1342.05
9692,78,2,876.32
9692,3,4,64028.3
9693,85,2,279.38
9693,36,1,601.9
9693,86,3,443.28
9693,46,3,253.36
9693,69,1,1191.69
9694,49,1,1254.37
9694,27,4,2010.3
9694,67,2,464.47
9694,90,1,492.26
9695,79,1,1101.69
9696,74,2,1549.39
9696,67,1,464.47
9696,90,2,492.26
9696,61,3,356.45
9696,83,1,741.33
9697,89,1,366.64
9698,73,1,1195.7
9698,2,1,3011.06
9698,55,2,1652.62
9698,27,2,2010.3
9699,97,1,423.56
9699,100,1,828.75
9700,35,1,2865.41
9701,4,4,2324.92
9701,59,3,488.56
9701,48,1,1218.45
9701,96,2,320.77
9702,47,1,493.52
9702,55,3,1652.62
9703,62,3,398.9
9703,9999,1,492.26
9704,96,2,320.77
9704,53,1,620.53
9704,27,1,2010.3
9704,9,1,11424.27
9704,1,1,28043.24
9705,96,1,320.77
9706,41,2,994.52
9706,42,1,800.81
9706,38,2,1342.05
9707,8,1,2448.97
9708,1,1,28043.24
9708,90,1,492.26
9708,28,4,579.08
9709,58,1,470.58
9710,32,2,910.33
9711,81,3,641.39
9712,88,2,457.85
9713,74,1,1549.39
9713,44,2,6528.88
9713,59,2,488.56
9713,75,1,486.62
9714,56,0,868.37
9714,75,1,486.62
9714,31,1,1451.87
9715,43,1,1760.38
9716,94,1,265.1
9717,25,2,1652.78
9718,85,1,279.38
9718,55,4,1652.62
9718,88,1,457.85
9719,91,3,432.43
9720,60,2,579.94
9720,59,1,488.56
9720,87,1,979.4
9721,47,4,493.52
9722,8,0,2448.97
9722,96,2,320.77
9723,97,1,423.56
9724,31,1,1451.87
9725,74,1,1549.39
9725,10,2,1936.14
9725,19,1,1007.13
9725,1,2,28043.24
9725,39,2,1121.52
9726,30,1,3480.53
9726,59,1,488.56
9726,66,3,728.79
9727,66,2,728.79
9727,99,1,458.92
9728,67,1,464.47
9728,56,2,868.37
9728,44,1,6528.88
9728,12,1,5690.75
9728,99,1,458.92
9729,52,2,3818.59
9730,87,2,979.4
9730,71,1,704.54
9731,90,2,492.26
9731,48,3,1218.45
9732,6,1,22709.9
9732,81,2,641.39
9733,60,3,579.94
9733,58,1,470.58
9733,33,2,312.93
9733,66,1,728.79
9734,11,4,9461.52
9734,32,1,910.33
9735,5,2,3026.39
9735,100,1,828.75
9736,50,2,1105.68
9737,1,1,28043.24
9738,69,1,1191.69
9738,9,3,11424.27
9739,74,1,1549.39
9739,23,1,2025.31
9739,19,1,1007.13
9739,12,1,5690.75
9740,32,4,910.33
9741,89,4,366.64
9741,27,1,2010.3
9742,11,2,9461.52
9742,51,4,1385.93
9742,13,1,2131.33
9742,64,2,356.43
9743,85,3,279.38
9743,2,2,3011.06
9743,13,3,2131.33
9744,36,1,601.9
9744,48,1,1218.45
9744,17,4,2276.26
9745,13,2,2131.33
9746,35,1,2865.41
9747,93,1,186.14
9747,68,1,306.66
9748,73,1,1195.7
9748,9999,1,1854.55
9749,14,1,2714.07
9750,54,2,1639.4
9751,4,2,2324.92
9751,32,1,910.33
9751,76,1,1151.77
9752,36,5,601.9
9753,40,2,1418.4
9754,14,1,2714.07
9755,62,3,398.9
9756,76,1,1151.77
9757,88,1,457.85
9758,78,1,876.32
9759,63,2,293.58
9760,90,3,492.26
9760,71,1,704.54
9760,65,2,386.47
9761,78,2,876.32
9761,44,1,6528.88
9762,96,3,320.77
9762,99,1,458.92
9763,73,1,1195.7
9763,87,1,979.4
9764,97,1,423.56
9764,93,1,186.14
9765,4,3,2324.92
9766,35,2,2865.41
9766,75,1,486.62
9767,34,1,709.99
9767,19,1,1007.13
9767,44,4,6528.88
9768,21,1,836.3
9768,73,1,1195.7
9768,36,1,601.9
9768,8,2,2448.97
9768,15,2,3494.53
9769,75,2,486.62
9769,100,0,828.75
9770,61,1,356.45
9771,36,1,601.9
9771,27,2,2010.3
9772,73,1,1195.7
9772,55,1,1652.62
9772,83,1,741.33
9773,34,1,709.99
9773,53,3,620.53
9774,79,1,1101.69
9774,36,2,601.9
9774,75,1,486.62
9774,40,2,1418.4
9775,44,1,6528.88
9776,66,2,728.79
9776,21,1,836.3
9777,99,4,458.92
9778,42,1,800.81
9778,96,2,320.77
9778,52,2,3818.59
9779,47,1,493.52
9779,46,2,253.36
9779,95,3,744.54
9780,63,1,293.58
9780,3,1,64028.3
9780,44,3,6528.88
9780,80,2,629.19
9781,1,5,28043.24
9781,61,2,356.45
9781,71,1,704.54
9782,88,2,457.85
9783,1,1,28043.24
9783,15,1,3494.53
9783,35,2,2865.41
9784,28,3,579.08
9785,20,2,7731.56
9786,30,2,3480.53
9787,9,3,11424.27
9787,13,1,2131.33
9787,48,1,1218.45
9788,42,1,800.81
9788,6,2,22709.9
9789,48,1,1218.45
9790,19,1,1007.13
9791,15,1,3494.53
9792,76,2,1151.77
9792,24,1,2116.77
9792,51,2,1385.93
9792,40,3,1418.4
9793,54,1,1639.4
9793,77,1,1315.33
9793,36,1,601.9
9794,65,4,386.47
9794,4,2,2324.92
9795,45,1,1626.32
9795,41,2,994.52
9795,28,2,579.08
9796,98,1,322.02
9796,91,3,432.43
9797,100,1,828.75
9797,75,1,486.62
9797,95,2,744.54
9798,73,3,1195.7
9798,77,1,1315.33
9798,16,1,13450.97
9798,80,1,629.19
9798,91,3,432.43
9799,12,1,5690.75
9799,23,3,2025.31
9799,49,3,1254.37
9799,66,1,728.79
9800,59,1,488.56
9800,22,2,1475.64
9800,92,1,1591.57
9801,51,2,1385.93
9801,75,1,486.62
9802,14,1,2714.07
9802,11,1,9461.52
9802,79,2,1101.69
9802,41,2,994.52
9803,39,2,1121.52
9804,7,1,1169.34
9804,35,1,2865.41
9804,36,1,601.9
9804,81,1,641.39
9804,59,1,488.56
9805,100,1,828.75
9805,55,1,1652.62
9805,8,1,2448.97
9806,89,2,366.64
9807,36,3,601.9
9807,93,-1,186.14
9807,98,3,322.02
9807,12,1,5690.75
9807,92,3,1591.57
9808,13,1,2131.33
9809,87,2,979.4
9810,89,2,366.64
9810,69,1,1191.69
9810,79,3,1101.69
9810,52,1,3818.59
9811,19,1,1007.13
9811,74,1,1549.39
9812,81,1,641.39
9812,10,3,1936.14
9812,49,1,1254.37
9813,79,1,1101.69
9814,53,3,620.53
9814,7,1,1169.34
9814,38,1,1342.05
9815,32,2,910.33
9816,95,1,744.54
9816,88,3,457.85
9816,68,1,306.66
9817,55,1,1652.62
9817,18,4,1854.55
9818,78,2,876.32
9818,22,1,1475.64
9819,82,1,300.41
9819,52,3,3818.59
9819,44,1,6528.88
9819,76,2,1151.77
9820,93,1,186.14
9820,3,1,64028.3
9820,2,1,3011.06
9821,74,3,1549.39
9821,81,2,641.39
9821,4,1,2324.92
9821,28,1,579.08
9822,81,1,641.39
9822,5,3,3026.39
9822,30,4,3480.53
9822,38,5,1342.05
9823,75,1,486.62
9823,64,1,356.43
9824,47,1,493.52
9825,27,2,2010.3
9825,13,2,2131.33
9825,19,2,1007.13
9826,2,1,3011.06
9827,61,2,356.45
9827,25,5,1652.78
9828,25,3,1652.78
9828,59,3,488.56
9829,70,5,3359.45
9829,93,5,186.14
9829,45,3,1626.32
9830,19,3,1007.13
9830,53,2,620.53
9831,15,1,3494.53
9832,20,1,7731.56
9832,51,1,1385.93
9832,50,1,1105.68
9832,9,2,11424.27
9832,63,1,293.58
9833,55,1,1652.62
9833,82,1,300.41
9833,94,3,265.1
9833,81,1,641.39
9834,8,1,2448.97
9835,86,3,443.28
9835,83,1,741.33
9836,4,2,2324.92
9836,1,1,28043.24
9836,10,1,1936.14
9836,60,2,579.94
9836,100,1,828.75
9837,88,1,457.85
9837,49,4,1254.37
9837,84,3,605.41
9838,32,3,910.33
9838,67,2,464.47
9838,7,1,1169.34
9838,10,1,1936.14
9839,1,2,28043.24
9839,54,1,1639.4
9840,30,4,3480.53
9840,31,2,1451.87
9841,67,2,464.47
9842,57,1,1180.99
9842,33,2,312.93
9842,13,2,2131.33
9843,37,1,1389.36
9843,80,1,629.19
9844,83,0,741.33
9844,62,1,398.9
9845,38,0,1342.05
9846,24,1,2116.77
9846,33,1,312.93
9847,9,2,11424.27
9847,33,1,312.93
9847,21,1,836.3
9848,19,3,1007.13
9848,32,3,910.33
9848,56,2,868.37
9849,11,1,9461.52
9849,47,2,493.52
9849,10,1,1936.14
9849,5,1,3026.39
9850,4,1,2324.92
9850,85,1,279.38
9850,72,1,1918.28
9851,46,1,253.36
9851,91,2,432.43
9851,88,1,457.85
9852,4,1,2324.92
9852,71,2,704.54
9852,12,1,5690.75
9853,6,3,22709.9
9854,33,1,312.93
9855,15,1,3494.53
9855,78,2,876.32
9856,19,2,1007.13
9856,98,2,322.02
9856,86,2,443.28
9857,40,2,1418.4
9857,96,2,320.77
9858,70,1,3359.45
9858,85,2,279.38
9859,39,4,1121.52
9860,8,1,2448.97
9860,26,1,1210.27
9860,40,1,1418.4
9860,81,4,641.39
9860,64,1,356.43
9861,79,2,1101.69
9861,35,1,2865.41
9861,12,1,5690.75
9861,46,1,253.36
9861,2,1,3011.06
9862,75,2,486.62
9862,13,2,2131.33
9862,65,2,386.47
9863,33,3,312.93
9864,58,1,470.58
9865,15,1,3494.53
9865,69,2,1191.69
9866,40,1,1418.4
9866,60,2,579.94
9867,76,2,1151.77
9867,85,4,279.38
9868,16,1,13450.97
9869,75,2,486.62
9870,96,3,320.77
9870,63,1,293.58
9870,98,1,322.02
9870,27,2,2010.3
9871,83,5,741.33
9871,95,1,744.54
9872,12,3,5690.75
9873,97,1,423.56
9873,80,1,629.19
9873,63,2,293.58
9874,64,1,356.43
9875,98,1,322.02
9875,43,1,1760.38
9875,24,1,2116.77
9875,46,2,253.36
9876,64,1,356.43
9876,5,1,3026.39
9877,62,1,398.9
9877,71,2,704.54
9878,43,1,1760.38
9878,94,2,265.1
9879,99,1,458.92
9880,7,2,1169.34
9880,60,3,579.94
9881,61,1,356.45
9881,99,2,458.92
9881,37,1,1389.36
9882,68,1,306.66
9882,76,2,1151.77
9883,4,2,2324.92
9884,34,2,709.99
9884,73,4,1195.7
9884,76,1,1151.77
9884,82,1,300.41
9885,29,1,4319.5
9886,34,1,709.99
9886,18,1,1854.55
9887,70,2,3359.45
9887,44,2,6528.88
9888,97,1,423.56
9889,40,1,1418.4
9889,20,1,7731.56
9889,38,1,1342.05
9890,25,0,1652.78
9890,40,1,1418.4
9891,94,2,265.1
9891,19,1,1007.13
9891,20,1,7731.56
9892,24,1,2116.77
9892,57,1,1180.99
9892,40,3,1418.4
9893,77,1,1315.33
9893,74,2,1549.39
9894,40,1,1418.4
9895,80,1,629.19
9895,41,3,994.52
9895,82,2,300.41
9895,98,1,322.02
9895,73,2,1195.7
9896,8,4,2448.97
9897,32,1,910.33
9898,62,2,398.9
9898,99,2,458.92
9899,62,1,398.9
9899,84,1,605.41
9900,11,1,9461.52
9900,9,2,11424.27
9900,83,2,741.33
9901,74,2,1549.39
9901,1,3,28043.24
9902,24,4,2116.77
9903,31,1,1451.87
9903,23,2,2025.31
9903,75,2,486.62
9903,83,2,741.33
9903,68,1,306.66
9904,89,2,366.64
9904,9,1,11424.27
9905,90,1,492.26
9906,43,1,1760.38
9906,82,1,300.41
9906,4,1,2324.92
9906,51,1,1385.93
9907,47,2,493.52
9908,12,3,5690.75
9908,79,3,1101.69
9909,79,2,1101.69
9910,86,4,443.28
9910,33,1,312.93
9910,24,1,2116.77
9910,31,1,1451.87
9911,30,0,3480.53
9911,74,3,1549.39
9911,27,2,2010.3
9912,33,2,312.93
9912,98,1,322.02
9912,92,1,1591.57
9912,52,1,3818.59
9913,13,1,2131.33
9913,18,1,1854.55
9913,8,1,2448.97
9914,41,2,994.52
9915,91,1,432.43
9915,87,1,979.4
9915,47,1,493.52
9916,100,1,828.75
9917,64,1,356.43
9917,94,2,265.1
9918,89,1,366.64
9918,8,1,2448.97
9919,72,2,1918.28
9919,38,3,1342.05
9920,4,3,2324.92
9921,67,2,464.47
9922,66,1,728.79
9922,45,1,1626.32
9923,1,1,28043.24
9923,68,5,306.66
9923,43,1,1760.38
9924,74,5,1549.39
9924,73,2,1195.7
9924,11,2,9461.52
9925,74,2,1549.39
9925,3,3,64028.3
9926,84,3,605.41
9926,64,1,356.43
9926,97,2,423.56
9927,79,2,1101.69
9927,97,1,423.56
9927,58,1,470.58
9928,1,1,28043.24
9928,63,1,293.58
9929,38,3,1342.05
9930,79,1,1101.69
9931,31,5,1451.87
9932,41,1,994.52
9932,6,3,22709.9
9933,71,2,704.54
9933,30,1,3480.53
9934,92,2,1591.57
9935,26,2,1210.27
9936,88,1,457.85
9936,89,2,366.64
9936,81,0,641.39
9937,83,1,741.33
9937,42,2,800.81
9937,14,2,2714.07
9938,9,1,11424.27
9938,85,2,279.38
9939,60,3,579.94
9939,65,1,386.47
9939,95,1,744.54
9939,66,1,728.79
9940,48,1,1218.45
9940,22,1,1475.64
9941,99,3,458.92
9942,36,2,601.9
9942,34,5,709.99
9942,14,1,2714.07
9942,57,1,1180.99
9943,19,4,1007.13
9944,25,1,1652.78
9944,86,1,443.28
9944,61,1,356.45
9945,69,3,1191.69
9945,81,1,641.39
9946,69,2,1191.69
9947,67,2,464.47
9948,5,1,3026.39
9948,96,1,320.77
9949,7,1,1169.34
9949,24,1,2116.77
9949,57,1,1180.99
9949,37,1,1389.36
9950,44,1,6528.88
9951,9999,1,443.28
9952,26,2,1210.27
9953,69,3,1191.69
9953,83,1,741.33
9953,72,1,1918.28
9954,51,1,1385.93
9955,94,3,265.1
9955,12,3,5690.75
9956,63,3,293.58
9957,89,1,366.64
9957,21,1,836.3
9958,46,1,253.36
9959,86,2,443.28
9959,100,3,828.75
9959,73,2,1195.7
9959,40,1,1418.4
9960,6,1,22709.9
9960,81,3,641.39
9960,40,3,1418.4
9960,52,1,3818.59
9961,5,1,3026.39
9962,97,1,423.56
9963,36,2,601.9
9963,61,1,356.45
9963,7,3,1169.34
9964,94,2,265.1
9964,83,2,741.33
9965,28,1,579.08
9965,35,4,2865.41
9965,79,1,1101.69
9965,94,1,265.1
9966,62,4,398.9
9967,43,2,1760.38
9967,17,1,2276.26
9967,86,1,443.28
9968,17,1,2276.26
9968,88,2,457.85
9969,38,2,1342.05
9969,44,3,6528.88
9970,23,3,2025.31
9971,30,1,3480.53
9971,78,1,876.32
9971,1,3,28043.24
9971,45,1,1626.32
9972,19,1,1007.13
9973,56,3,868.37
9974,24,1,2116.77
9974,50,3,1105.68
9975,81,2,641.39
9976,60,1,579.94
9976,29,1,4319.5
9976,93,3,186.14
9976,57,1,1180.99
9976,10,2,1936.14
9977,40,1,1418.4
9977,42,1,800.81
9978,45,1,1626.32
9978,12,3,5690.75
9979,72,1,1918.28
9980,89,3,366.64
9981,7,3,1169.34
9981,38,2,1342.05
9981,72,1,1918.28
9982,71,4,704.54
9982,83,2,741.33
9983,43,1,1760.38
9983,78,2,876.32
9984,15,3,3494.53
9984,47,4,493.52
9984,69,2,1191.69
9985,12,3,5690.75
9985,74,2,1549.39
9986,41,1,994.52
9986,89,1,366.64
9987,85,1,279.38
9987,49,2,1254.37
9988,33,2,312.93
9989,66,1,728.79
9990,18,1,1854.55
9990,54,3,1639.4
9991,13,4,2131.33
9991,14,1,2714.07
9992,67,1,464.47
9992,72,1,1918.28
9993,88,1,457.85
9993,44,5,6528.88
9993,96,5,320.77
9994,56,3,868.37
9995,46,1,253.36
9995,92,2,1591.57
9995,72,4,1918.28
9996,55,4,1652.62
9997,9,1,11424.27
9997,6,1,22709.9
9997,54,1,1639.4
9998,81,2,641.39
9999,73,1,1195.7
9999,65,1,386.47
9999,13,1,2131.33
10000,41,1,994.52
10000,18,3,1854.55
10000,1,1,28043.24
